{"type": "FeatureCollection", "features": [{"type": "Feature", "properties": {"id": "rt_0_0", "name": "Lamoille Valley Rail Trail (VT)", "q": "great", "t": "rail", "c": "yes"}, "geometry": {"type": "LineString", "coordinates": [[-73.12883, 44.91668], [-73.12253, 44.91485], [-73.11904, 44.91499], [-73.08946, 44.92378], [-73.08741, 44.92481], [-73.08352, 44.92908], [-73.08205, 44.93], [-73.06687, 44.93487], [-73.05871, 44.93996], [-73.04746, 44.94212], [-73.02795, 44.9407], [-72.99128, 44.94211], [-72.98823, 44.94126], [-72.98123, 44.93651], [-72.97966, 44.93473], [-72.97701, 44.93006], [-72.97705, 44.92687], [-72.97656, 44.92594], [-72.9747, 44.92512], [-72.97017, 44.92527], [-72.96834, 44.92442], [-72.96513, 44.91959], [-72.95762, 44.91329], [-72.95053, 44.90614], [-72.94043, 44.89304], [-72.94004, 44.88939], [-72.94276, 44.88523], [-72.94296, 44.88381], [-72.94132, 44.88041], [-72.93878, 44.87809], [-72.93821, 44.87045], [-72.93578, 44.86755], [-72.93424, 44.8611], [-72.92934, 44.85145], [-72.92591, 44.82717], [-72.92702, 44.81857], [-72.92657, 44.81718], [-72.92522, 44.81618], [-72.90545, 44.80898], [-72.89952, 44.80626], [-72.88351, 44.79497], [-72.88145, 44.79414], [-72.8708, 44.79178], [-72.86726, 44.78945], [-72.85916, 44.78599], [-72.85673, 44.78297], [-72.85151, 44.76358], [-72.84322, 44.75447], [-72.8378, 44.74522], [-72.83384, 44.73524], [-72.83315, 44.73069], [-72.83379, 44.72292], [-72.83537, 44.72034], [-72.84043, 44.7158], [-72.84106, 44.71326], [-72.83985, 44.71133], [-72.83418, 44.70815], [-72.83245, 44.70602], [-72.82643, 44.67948], [-72.82742, 44.67198], [-72.82528, 44.66779], [-72.82505, 44.65782], [-72.8213, 44.65297], [-72.81797, 44.65086], [-72.81539, 44.65058], [-72.80783, 44.65214], [-72.80164, 44.65778], [-72.7983, 44.65927], [-72.79445, 44.66234], [-72.79015, 44.66325], [-72.78479, 44.66649], [-72.78032, 44.66682], [-72.77771, 44.66646], [-72.74748, 44.65015], [-72.73633, 44.64577], [-72.73181, 44.64479], [-72.72744, 44.64187], [-72.72388, 44.64139], [-72.71574, 44.64264], [-72.71324, 44.6421], [-72.71023, 44.63976], [-72.70874, 44.63671], [-72.70075, 44.62895], [-72.69839, 44.62851], [-72.69596, 44.62869], [-72.69405, 44.62929], [-72.68988, 44.63181], [-72.68723, 44.63172], [-72.6816, 44.62618], [-72.68033, 44.62248], [-72.67698, 44.62142], [-72.66938, 44.61696], [-72.66663, 44.61327], [-72.65185, 44.61018], [-72.64099, 44.60271], [-72.63379, 44.59988], [-72.62759, 44.59834], [-72.62347, 44.59314], [-72.62191, 44.59196], [-72.61781, 44.59018], [-72.61311, 44.59014], [-72.61153, 44.58963], [-72.61073, 44.58886], [-72.61045, 44.58776], [-72.61216, 44.58407], [-72.61264, 44.58162], [-72.61227, 44.58038], [-72.61126, 44.5795], [-72.60685, 44.57763], [-72.60226, 44.57723], [-72.60089, 44.57599], [-72.60492, 44.56714], [-72.60449, 44.56571], [-72.60247, 44.56437], [-72.59231, 44.56412], [-72.58677, 44.56527], [-72.57954, 44.56573], [-72.56797, 44.56461], [-72.5649, 44.56277], [-72.56318, 44.56255], [-72.55402, 44.56415], [-72.54778, 44.5665], [-72.53535, 44.56685], [-72.52479, 44.56813], [-72.51393, 44.57185], [-72.5107, 44.57221], [-72.50698, 44.57056], [-72.50452, 44.5673], [-72.50274, 44.56596], [-72.48813, 44.5592], [-72.48298, 44.55446], [-72.47525, 44.55217], [-72.47163, 44.55178], [-72.46476, 44.54751], [-72.46086, 44.54647], [-72.45991, 44.54562], [-72.45879, 44.54293], [-72.45473, 44.54059], [-72.4528, 44.54027], [-72.44932, 44.54082], [-72.44505, 44.53889], [-72.43349, 44.53892], [-72.43259, 44.5381], [-72.43183, 44.536], [-72.42879, 44.53359], [-72.42728, 44.53175], [-72.42663, 44.52895], [-72.42369, 44.52689], [-72.42047, 44.5227], [-72.4121, 44.51876], [-72.40967, 44.51687], [-72.40393, 44.51519], [-72.39279, 44.51331], [-72.38725, 44.51363], [-72.38045, 44.51574], [-72.37232, 44.51504], [-72.37088, 44.5144], [-72.36845, 44.51225], [-72.36825, 44.5112], [-72.36885, 44.50908], [-72.36739, 44.50728], [-72.36161, 44.50508], [-72.35541, 44.50439], [-72.35193, 44.50317], [-72.34761, 44.50266], [-72.3341, 44.50328], [-72.32615, 44.50137], [-72.32399, 44.50173], [-72.32108, 44.50465], [-72.32089, 44.50908], [-72.31562, 44.51819], [-72.31431, 44.51922], [-72.3102, 44.52046], [-72.30882, 44.52173], [-72.30659, 44.52512], [-72.3053, 44.52566], [-72.30376, 44.52564], [-72.30118, 44.52399], [-72.29972, 44.52368], [-72.29601, 44.52459], [-72.2869, 44.52538], [-72.28352, 44.52885], [-72.27996, 44.53418], [-72.271, 44.53811], [-72.26762, 44.54592], [-72.26583, 44.54669], [-72.26392, 44.54653], [-72.26223, 44.54505], [-72.2621, 44.54381], [-72.26259, 44.54273], [-72.26726, 44.53723], [-72.2718, 44.53358], [-72.27745, 44.52579], [-72.27792, 44.52355], [-72.27865, 44.52248], [-72.28084, 44.5215], [-72.28515, 44.52141], [-72.28711, 44.52024], [-72.29029, 44.51597], [-72.29172, 44.51206], [-72.29342, 44.50976], [-72.2935, 44.50712], [-72.29153, 44.50417], [-72.28506, 44.49921], [-72.28389, 44.49611], [-72.28116, 44.49328], [-72.28107, 44.49038], [-72.27993, 44.48694], [-72.27865, 44.48595], [-72.276, 44.48499], [-72.27489, 44.48392], [-72.27471, 44.48229], [-72.27681, 44.47768], [-72.27618, 44.47543], [-72.27267, 44.47208], [-72.26782, 44.47083], [-72.2655, 44.46927], [-72.26429, 44.46787], [-72.26294, 44.46485], [-72.26119, 44.46304], [-72.26096, 44.46182], [-72.26148, 44.45838], [-72.25767, 44.45269], [-72.25803, 44.45112], [-72.26081, 44.44781], [-72.2611, 44.44686], [-72.26088, 44.44579], [-72.25881, 44.4428], [-72.25579, 44.44057], [-72.24791, 44.43798], [-72.24524, 44.43662], [-72.2433, 44.43485], [-72.23871, 44.42886], [-72.23315, 44.4257], [-72.22991, 44.42436], [-72.22333, 44.4237], [-72.22122, 44.42283], [-72.22021, 44.42164], [-72.21902, 44.41821], [-72.21973, 44.4156], [-72.21961, 44.41423], [-72.21731, 44.41181], [-72.21341, 44.4107], [-72.20005, 44.41088], [-72.19814, 44.41037], [-72.19515, 44.4086], [-72.19291, 44.40823], [-72.19101, 44.40877], [-72.1887, 44.41139], [-72.18711, 44.4121], [-72.18516, 44.412], [-72.18198, 44.41011], [-72.17928, 44.40964], [-72.17755, 44.41005], [-72.17233, 44.4129], [-72.17, 44.41316], [-72.16833, 44.41262], [-72.15331, 44.40337], [-72.15069, 44.40336], [-72.14424, 44.40614], [-72.14119, 44.40671], [-72.13794, 44.4062], [-72.13394, 44.40365], [-72.13176, 44.40343], [-72.13031, 44.40412], [-72.1296, 44.40552], [-72.13229, 44.41151], [-72.13209, 44.4132], [-72.13102, 44.41428], [-72.12951, 44.41469], [-72.12783, 44.41441], [-72.12475, 44.41111], [-72.12233, 44.41036], [-72.11932, 44.41073], [-72.11753, 44.41168], [-72.11685, 44.41297], [-72.11706, 44.41584], [-72.11538, 44.41694], [-72.11339, 44.41657], [-72.10806, 44.41328], [-72.10619, 44.41303], [-72.10449, 44.4134], [-72.10321, 44.41435], [-72.10292, 44.41559], [-72.10508, 44.41768], [-72.10541, 44.41891], [-72.10313, 44.42125], [-72.10203, 44.42384], [-72.10236, 44.42467], [-72.10396, 44.42602], [-72.10425, 44.42712], [-72.10371, 44.42809], [-72.10091, 44.43013], [-72.09844, 44.43061], [-72.09526, 44.42943], [-72.08699, 44.42829], [-72.08388, 44.42699], [-72.08218, 44.42706], [-72.08078, 44.42797], [-72.07948, 44.43053], [-72.0758, 44.43252], [-72.06895, 44.43938], [-72.06717, 44.44018], [-72.06162, 44.44133], [-72.05781, 44.44322], [-72.05604, 44.44353], [-72.04962, 44.44183], [-72.0462, 44.44174], [-72.04489, 44.44104], [-72.04418, 44.43984], [-72.04445, 44.4359], [-72.04221, 44.4318], [-72.03604, 44.42609], [-72.03536, 44.42393], [-72.03596, 44.42164], [-72.03561, 44.42057], [-72.02971, 44.41705], [-72.0282, 44.41527], [-72.02746, 44.41337], [-72.02479, 44.41158], [-72.02263, 44.40868], [-72.02044, 44.40856], [-72.01803, 44.41026]]}}, {"type": "Feature", "properties": {"id": "rt_1_0", "name": "Air Line State Park Trail (CT)", "q": "great", "t": "rail", "c": "yes"}, "geometry": {"type": "LineString", "coordinates": [[-72.25108, 41.69727], [-72.25453, 41.69988], [-72.25528, 41.6996]]}}, {"type": "Feature", "properties": {"id": "rt_1_1", "name": "Air Line State Park Trail (CT)", "q": "great", "t": "rail", "c": "yes"}, "geometry": {"type": "LineString", "coordinates": [[-72.25528, 41.6996], [-72.26125, 41.6942], [-72.26318, 41.69316], [-72.26351, 41.69171], [-72.26323, 41.68959], [-72.26529, 41.68568], [-72.26511, 41.68513]]}}, {"type": "Feature", "properties": {"id": "rt_1_2", "name": "Air Line State Park Trail (CT)", "q": "great", "t": "rail", "c": "yes"}, "geometry": {"type": "LineString", "coordinates": [[-72.26511, 41.68513], [-72.26825, 41.67406]]}}, {"type": "Feature", "properties": {"id": "rt_1_3", "name": "Air Line State Park Trail (CT)", "q": "great", "t": "rail", "c": "yes"}, "geometry": {"type": "LineString", "coordinates": [[-72.28382, 41.66524], [-72.28134, 41.66551]]}}, {"type": "Feature", "properties": {"id": "rt_1_4", "name": "Air Line State Park Trail (CT)", "q": "great", "t": "rail", "c": "yes"}, "geometry": {"type": "LineString", "coordinates": [[-72.28134, 41.66551], [-72.27865, 41.66578], [-72.27597, 41.66677], [-72.27257, 41.67074], [-72.26971, 41.67239], [-72.26825, 41.67406]]}}, {"type": "Feature", "properties": {"id": "rt_1_5", "name": "Air Line State Park Trail (CT)", "q": "great", "t": "rail", "c": "yes"}, "geometry": {"type": "LineString", "coordinates": [[-72.2382, 41.71325], [-72.2413, 41.71025], [-72.24247, 41.70526], [-72.24345, 41.70345], [-72.24676, 41.7001], [-72.25108, 41.69727]]}}, {"type": "Feature", "properties": {"id": "rt_1_6", "name": "Air Line State Park Trail (CT)", "q": "great", "t": "rail", "c": "yes"}, "geometry": {"type": "LineString", "coordinates": [[-72.25108, 41.69727], [-72.25317, 41.6944], [-72.25825, 41.69034]]}}, {"type": "Feature", "properties": {"id": "rt_1_7", "name": "Air Line State Park Trail (CT)", "q": "great", "t": "rail", "c": "yes"}, "geometry": {"type": "LineString", "coordinates": [[-72.34414, 41.63108], [-72.34083, 41.63842], [-72.33954, 41.63981], [-72.33134, 41.64405], [-72.3237, 41.64527], [-72.31472, 41.64757], [-72.30921, 41.64957], [-72.30318, 41.65254]]}}, {"type": "Feature", "properties": {"id": "rt_1_8", "name": "Air Line State Park Trail (CT)", "q": "great", "t": "rail", "c": "yes"}, "geometry": {"type": "LineString", "coordinates": [[-72.30318, 41.65254], [-72.29843, 41.65538], [-72.29434, 41.66051]]}}, {"type": "Feature", "properties": {"id": "rt_1_9", "name": "Air Line State Park Trail (CT)", "q": "great", "t": "rail", "c": "yes"}, "geometry": {"type": "LineString", "coordinates": [[-72.29434, 41.66051], [-72.29085, 41.66276]]}}, {"type": "Feature", "properties": {"id": "rt_1_10", "name": "Air Line State Park Trail (CT)", "q": "great", "t": "rail", "c": "yes"}, "geometry": {"type": "LineString", "coordinates": [[-72.29085, 41.66276], [-72.28812, 41.66379]]}}, {"type": "Feature", "properties": {"id": "rt_1_11", "name": "Air Line State Park Trail (CT)", "q": "great", "t": "rail", "c": "yes"}, "geometry": {"type": "LineString", "coordinates": [[-72.28812, 41.66379], [-72.28536, 41.66513], [-72.28382, 41.66524]]}}, {"type": "Feature", "properties": {"id": "rt_1_12", "name": "Air Line State Park Trail (CT)", "q": "great", "t": "rail", "c": "yes"}, "geometry": {"type": "LineString", "coordinates": [[-72.34414, 41.63108], [-72.34551, 41.62836], [-72.34724, 41.6266]]}}, {"type": "Feature", "properties": {"id": "rt_1_13", "name": "Air Line State Park Trail (CT)", "q": "great", "t": "rail", "c": "yes"}, "geometry": {"type": "LineString", "coordinates": [[-72.34724, 41.6266], [-72.36041, 41.62011], [-72.3632, 41.61804], [-72.36701, 41.61382], [-72.36873, 41.60983], [-72.37035, 41.60405], [-72.37158, 41.60191], [-72.37373, 41.60007], [-72.37681, 41.59845]]}}, {"type": "Feature", "properties": {"id": "rt_1_14", "name": "Air Line State Park Trail (CT)", "q": "great", "t": "rail", "c": "yes"}, "geometry": {"type": "LineString", "coordinates": [[-72.37681, 41.59845], [-72.38512, 41.59464]]}}, {"type": "Feature", "properties": {"id": "rt_1_15", "name": "Air Line State Park Trail (CT)", "q": "great", "t": "rail", "c": "yes"}, "geometry": {"type": "LineString", "coordinates": [[-72.38512, 41.59464], [-72.39252, 41.59128], [-72.39359, 41.59155]]}}, {"type": "Feature", "properties": {"id": "rt_1_16", "name": "Air Line State Park Trail (CT)", "q": "great", "t": "rail", "c": "yes"}, "geometry": {"type": "LineString", "coordinates": [[-72.39359, 41.59155], [-72.3952, 41.58992]]}}, {"type": "Feature", "properties": {"id": "rt_1_17", "name": "Air Line State Park Trail (CT)", "q": "great", "t": "rail", "c": "yes"}, "geometry": {"type": "LineString", "coordinates": [[-72.3952, 41.58992], [-72.40044, 41.5844], [-72.40295, 41.58325], [-72.42088, 41.58252], [-72.42353, 41.58176], [-72.42808, 41.5766], [-72.43022, 41.57484], [-72.43403, 41.57277], [-72.43562, 41.57097], [-72.43817, 41.56917], [-72.43965, 41.56715], [-72.44348, 41.56527], [-72.4537, 41.56346], [-72.45575, 41.56355], [-72.45949, 41.56519], [-72.46171, 41.56865], [-72.46479, 41.57059], [-72.47546, 41.5731]]}}, {"type": "Feature", "properties": {"id": "rt_1_18", "name": "Air Line State Park Trail (CT)", "q": "great", "t": "rail", "c": "yes"}, "geometry": {"type": "LineString", "coordinates": [[-72.2086, 41.71124], [-72.20528, 41.71333], [-72.18779, 41.73027], [-72.18625, 41.73029], [-72.18502, 41.73225], [-72.18346, 41.73303], [-72.1813, 41.73301], [-72.18043, 41.73455], [-72.17933, 41.73509]]}}, {"type": "Feature", "properties": {"id": "rt_1_19", "name": "Air Line State Park Trail (CT)", "q": "great", "t": "rail", "c": "yes"}, "geometry": {"type": "LineString", "coordinates": [[-72.17933, 41.73509], [-72.17058, 41.73813], [-72.15524, 41.7465], [-72.15212, 41.74867], [-72.14893, 41.75225]]}}, {"type": "Feature", "properties": {"id": "rt_1_20", "name": "Air Line State Park Trail (CT)", "q": "great", "t": "rail", "c": "yes"}, "geometry": {"type": "LineString", "coordinates": [[-72.14893, 41.75225], [-72.14675, 41.75493], [-72.14466, 41.75626]]}}, {"type": "Feature", "properties": {"id": "rt_1_21", "name": "Air Line State Park Trail (CT)", "q": "great", "t": "rail", "c": "yes"}, "geometry": {"type": "LineString", "coordinates": [[-72.49221, 41.5785], [-72.48952, 41.57984], [-72.48604, 41.57959], [-72.48136, 41.57529], [-72.47546, 41.5731]]}}, {"type": "Feature", "properties": {"id": "rt_1_22", "name": "Air Line State Park Trail (CT)", "q": "great", "t": "rail", "c": "yes"}, "geometry": {"type": "LineString", "coordinates": [[-72.08264, 41.77564], [-72.08659, 41.77776]]}}, {"type": "Feature", "properties": {"id": "rt_1_23", "name": "Air Line State Park Trail (CT)", "q": "great", "t": "rail", "c": "yes"}, "geometry": {"type": "LineString", "coordinates": [[-72.08659, 41.77776], [-72.09048, 41.7691], [-72.09245, 41.76648], [-72.09422, 41.76541], [-72.10158, 41.76325], [-72.1091, 41.76274], [-72.11178, 41.76203], [-72.11412, 41.76015], [-72.11723, 41.75368], [-72.12027, 41.75171], [-72.1228, 41.75132], [-72.12571, 41.75159], [-72.13222, 41.75484], [-72.13954, 41.75677], [-72.14247, 41.75681], [-72.14467, 41.75626]]}}, {"type": "Feature", "properties": {"id": "rt_1_24", "name": "Air Line State Park Trail (CT)", "q": "great", "t": "rail", "c": "yes"}, "geometry": {"type": "LineString", "coordinates": [[-72.08659, 41.77776], [-72.08672, 41.78142], [-72.09118, 41.795], [-72.09083, 41.79855], [-72.0891, 41.80075], [-72.08514, 41.80317], [-72.07303, 41.80602], [-72.07039, 41.80719], [-72.06888, 41.80874], [-72.06825, 41.81034], [-72.06916, 41.81498], [-72.06895, 41.81661]]}}, {"type": "Feature", "properties": {"id": "rt_1_25", "name": "Air Line State Park Trail (CT)", "q": "great", "t": "rail", "c": "yes"}, "geometry": {"type": "LineString", "coordinates": [[-72.06895, 41.81661], [-72.06782, 41.81835], [-72.06596, 41.81971], [-72.05626, 41.82258]]}}, {"type": "Feature", "properties": {"id": "rt_1_26", "name": "Air Line State Park Trail (CT)", "q": "great", "t": "rail", "c": "yes"}, "geometry": {"type": "LineString", "coordinates": [[-72.05626, 41.82258], [-72.04263, 41.82651], [-72.02921, 41.83246], [-72.01894, 41.83364]]}}, {"type": "Feature", "properties": {"id": "rt_1_27", "name": "Air Line State Park Trail (CT)", "q": "great", "t": "rail", "c": "yes"}, "geometry": {"type": "LineString", "coordinates": [[-72.01894, 41.83364], [-72.01009, 41.83492], [-72.00766, 41.83615], [-72.00584, 41.83779], [-72.001, 41.84788], [-72.00019, 41.8582], [-71.9986, 41.86074], [-71.99471, 41.86253], [-71.98317, 41.86384]]}}, {"type": "Feature", "properties": {"id": "rt_1_28", "name": "Air Line State Park Trail (CT)", "q": "great", "t": "rail", "c": "yes"}, "geometry": {"type": "LineString", "coordinates": [[-71.98317, 41.86384], [-71.97205, 41.86262], [-71.96914, 41.86278], [-71.96643, 41.86368], [-71.96301, 41.86623], [-71.96164, 41.86794], [-71.96096, 41.86787]]}}, {"type": "Feature", "properties": {"id": "rt_1_29", "name": "Air Line State Park Trail (CT)", "q": "great", "t": "rail", "c": "yes"}, "geometry": {"type": "LineString", "coordinates": [[-71.93325, 41.88315], [-71.92829, 41.88512], [-71.92192, 41.88553], [-71.91969, 41.88618], [-71.91397, 41.88948]]}}, {"type": "Feature", "properties": {"id": "rt_1_30", "name": "Air Line State Park Trail (CT)", "q": "great", "t": "rail", "c": "yes"}, "geometry": {"type": "LineString", "coordinates": [[-71.91397, 41.88948], [-71.91246, 41.89038], [-71.9113, 41.89179], [-71.90948, 41.89656], [-71.90799, 41.90328], [-71.90802, 41.90775]]}}, {"type": "Feature", "properties": {"id": "rt_1_31", "name": "Air Line State Park Trail (CT)", "q": "great", "t": "rail", "c": "yes"}, "geometry": {"type": "LineString", "coordinates": [[-71.96096, 41.86787], [-71.95397, 41.87275], [-71.94091, 41.87808], [-71.93607, 41.8812]]}}, {"type": "Feature", "properties": {"id": "rt_1_32", "name": "Air Line State Park Trail (CT)", "q": "great", "t": "rail", "c": "yes"}, "geometry": {"type": "LineString", "coordinates": [[-72.49221, 41.5785], [-72.49535, 41.57598], [-72.50052, 41.5755], [-72.50275, 41.57476]]}}, {"type": "Feature", "properties": {"id": "rt_1_33", "name": "Air Line State Park Trail (CT)", "q": "great", "t": "rail", "c": "yes"}, "geometry": {"type": "LineString", "coordinates": [[-71.93607, 41.8812], [-71.93391, 41.88228], [-71.93325, 41.88315]]}}, {"type": "Feature", "properties": {"id": "rt_1_34", "name": "Air Line State Park Trail (CT)", "q": "great", "t": "rail", "c": "yes"}, "geometry": {"type": "LineString", "coordinates": [[-71.88512, 41.94745], [-71.88688, 41.94532], [-71.89045, 41.94279]]}}, {"type": "Feature", "properties": {"id": "rt_1_35", "name": "Air Line State Park Trail (CT)", "q": "great", "t": "rail", "c": "yes"}, "geometry": {"type": "LineString", "coordinates": [[-71.88521, 41.94733], [-71.8852, 41.94734]]}}, {"type": "Feature", "properties": {"id": "rt_1_36", "name": "Air Line State Park Trail (CT)", "q": "great", "t": "rail", "c": "yes"}, "geometry": {"type": "LineString", "coordinates": [[-71.88023, 41.95555], [-71.87929, 41.95603], [-71.87877, 41.95719]]}}, {"type": "Feature", "properties": {"id": "rt_1_37", "name": "Air Line State Park Trail (CT)", "q": "great", "t": "rail", "c": "yes"}, "geometry": {"type": "LineString", "coordinates": [[-71.86574, 41.97641], [-71.86596, 41.9766]]}}, {"type": "Feature", "properties": {"id": "rt_1_38", "name": "Air Line State Park Trail (CT)", "q": "great", "t": "rail", "c": "yes"}, "geometry": {"type": "LineString", "coordinates": [[-71.88023, 41.95555], [-71.88342, 41.95201], [-71.88488, 41.94829]]}}, {"type": "Feature", "properties": {"id": "rt_1_39", "name": "Air Line State Park Trail (CT)", "q": "great", "t": "rail", "c": "yes"}, "geometry": {"type": "LineString", "coordinates": [[-71.88488, 41.94829], [-71.88512, 41.94742]]}}, {"type": "Feature", "properties": {"id": "rt_1_40", "name": "Air Line State Park Trail (CT)", "q": "great", "t": "rail", "c": "yes"}, "geometry": {"type": "LineString", "coordinates": [[-71.87877, 41.95719], [-71.87745, 41.95952], [-71.87707, 41.96177]]}}, {"type": "Feature", "properties": {"id": "rt_1_41", "name": "Air Line State Park Trail (CT)", "q": "great", "t": "rail", "c": "yes"}, "geometry": {"type": "LineString", "coordinates": [[-71.87707, 41.96177], [-71.87579, 41.96484], [-71.86854, 41.97388], [-71.86574, 41.97641]]}}, {"type": "Feature", "properties": {"id": "rt_1_42", "name": "Air Line State Park Trail (CT)", "q": "great", "t": "rail", "c": "yes"}, "geometry": {"type": "LineString", "coordinates": [[-71.86596, 41.9766], [-71.85431, 41.98667], [-71.85161, 41.98838], [-71.83936, 41.99571], [-71.82045, 42.00437]]}}, {"type": "Feature", "properties": {"id": "rt_1_43", "name": "Air Line State Park Trail (CT)", "q": "great", "t": "rail", "c": "yes"}, "geometry": {"type": "LineString", "coordinates": [[-71.82045, 42.00437], [-71.82012, 42.00451]]}}, {"type": "Feature", "properties": {"id": "rt_1_44", "name": "Air Line State Park Trail (CT)", "q": "great", "t": "rail", "c": "yes"}, "geometry": {"type": "LineString", "coordinates": [[-71.82012, 42.00451], [-71.81245, 42.00801], [-71.80218, 42.01064], [-71.80027, 42.01178], [-71.79879, 42.0134]]}}, {"type": "Feature", "properties": {"id": "rt_1_45", "name": "Air Line State Park Trail (CT)", "q": "great", "t": "rail", "c": "yes"}, "geometry": {"type": "LineString", "coordinates": [[-72.56378, 41.56459], [-72.567, 41.56228], [-72.56897, 41.56149], [-72.5715, 41.56103], [-72.57385, 41.56142], [-72.57751, 41.56387], [-72.57865, 41.5662], [-72.58243, 41.57042], [-72.58677, 41.57377], [-72.59173, 41.57639]]}}, {"type": "Feature", "properties": {"id": "rt_1_46", "name": "Air Line State Park Trail (CT)", "q": "great", "t": "rail", "c": "yes"}, "geometry": {"type": "LineString", "coordinates": [[-72.56376, 41.56461], [-72.56181, 41.56587], [-72.56047, 41.56617], [-72.55692, 41.5657], [-72.55484, 41.56436], [-72.55248, 41.56371], [-72.54696, 41.56559], [-72.53931, 41.56555], [-72.53171, 41.5644], [-72.52051, 41.56507], [-72.51805, 41.56598], [-72.51437, 41.56878], [-72.5072, 41.57031], [-72.50275, 41.57476]]}}, {"type": "Feature", "properties": {"id": "rt_1_47", "name": "Air Line State Park Trail (CT)", "q": "great", "t": "rail", "c": "yes"}, "geometry": {"type": "LineString", "coordinates": [[-72.42557, 41.58144], [-72.42513, 41.58027]]}}, {"type": "Feature", "properties": {"id": "rt_2_0", "name": "Hop River State Park Trail (CT)", "q": "great", "t": "rail", "c": "yes"}, "geometry": {"type": "LineString", "coordinates": [[-72.30668, 41.73012], [-72.29898, 41.72671], [-72.2944, 41.7264], [-72.2896, 41.72696], [-72.28025, 41.72521], [-72.2682, 41.72032], [-72.26598, 41.72037], [-72.26094, 41.72187], [-72.25932, 41.7219]]}}, {"type": "Feature", "properties": {"id": "rt_2_1", "name": "Hop River State Park Trail (CT)", "q": "great", "t": "rail", "c": "yes"}, "geometry": {"type": "LineString", "coordinates": [[-72.30668, 41.73012], [-72.31833, 41.7313], [-72.3294, 41.73446], [-72.33216, 41.73473], [-72.34618, 41.72876], [-72.34937, 41.72838], [-72.35858, 41.73145], [-72.36033, 41.73259], [-72.36363, 41.73651], [-72.36834, 41.73795]]}}, {"type": "Feature", "properties": {"id": "rt_2_2", "name": "Hop River State Park Trail (CT)", "q": "great", "t": "rail", "c": "yes"}, "geometry": {"type": "LineString", "coordinates": [[-72.26045, 41.72188], [-72.25865, 41.72256], [-72.25513, 41.72285]]}}, {"type": "Feature", "properties": {"id": "rt_2_3", "name": "Hop River State Park Trail (CT)", "q": "great", "t": "rail", "c": "yes"}, "geometry": {"type": "LineString", "coordinates": [[-72.25513, 41.72285], [-72.25307, 41.72093]]}}, {"type": "Feature", "properties": {"id": "rt_2_4", "name": "Hop River State Park Trail (CT)", "q": "great", "t": "rail", "c": "yes"}, "geometry": {"type": "LineString", "coordinates": [[-72.25307, 41.72093], [-72.25212, 41.72033]]}}, {"type": "Feature", "properties": {"id": "rt_2_5", "name": "Hop River State Park Trail (CT)", "q": "great", "t": "rail", "c": "yes"}, "geometry": {"type": "LineString", "coordinates": [[-72.25932, 41.7219], [-72.25229, 41.72037]]}}, {"type": "Feature", "properties": {"id": "rt_2_6", "name": "Hop River State Park Trail (CT)", "q": "great", "t": "rail", "c": "yes"}, "geometry": {"type": "LineString", "coordinates": [[-72.25229, 41.72037], [-72.24294, 41.71779]]}}, {"type": "Feature", "properties": {"id": "rt_2_7", "name": "Hop River State Park Trail (CT)", "q": "great", "t": "rail", "c": "yes"}, "geometry": {"type": "LineString", "coordinates": [[-72.39675, 41.74759], [-72.39825, 41.74885], [-72.40161, 41.75373], [-72.40716, 41.75713], [-72.40887, 41.75905], [-72.40965, 41.76064], [-72.40949, 41.76338], [-72.40772, 41.76717], [-72.40875, 41.76928], [-72.41593, 41.77192], [-72.41906, 41.7742], [-72.42233, 41.77535], [-72.42535, 41.77715], [-72.43433, 41.78031], [-72.43953, 41.78147], [-72.44182, 41.7835], [-72.44226, 41.78673], [-72.44371, 41.7887], [-72.44614, 41.78968], [-72.44996, 41.78964]]}}, {"type": "Feature", "properties": {"id": "rt_2_8", "name": "Hop River State Park Trail (CT)", "q": "great", "t": "rail", "c": "yes"}, "geometry": {"type": "LineString", "coordinates": [[-72.36887, 41.73803], [-72.37178, 41.73827], [-72.37768, 41.74021], [-72.3844, 41.74159], [-72.39049, 41.74557], [-72.39675, 41.74759]]}}, {"type": "Feature", "properties": {"id": "rt_2_9", "name": "Hop River State Park Trail (CT)", "q": "great", "t": "rail", "c": "yes"}, "geometry": {"type": "LineString", "coordinates": [[-72.44996, 41.78964], [-72.45214, 41.791], [-72.45262, 41.79289]]}}, {"type": "Feature", "properties": {"id": "rt_2_10", "name": "Hop River State Park Trail (CT)", "q": "great", "t": "rail", "c": "yes"}, "geometry": {"type": "LineString", "coordinates": [[-72.45262, 41.79289], [-72.45078, 41.79572]]}}, {"type": "Feature", "properties": {"id": "rt_2_11", "name": "Hop River State Park Trail (CT)", "q": "great", "t": "rail", "c": "yes"}, "geometry": {"type": "LineString", "coordinates": [[-72.45078, 41.79572], [-72.44984, 41.79826]]}}, {"type": "Feature", "properties": {"id": "rt_2_12", "name": "Hop River State Park Trail (CT)", "q": "great", "t": "rail", "c": "yes"}, "geometry": {"type": "LineString", "coordinates": [[-72.44796, 41.82441], [-72.45144, 41.82598], [-72.4548, 41.82619], [-72.45798, 41.82564], [-72.47014, 41.82192], [-72.47837, 41.82167]]}}, {"type": "Feature", "properties": {"id": "rt_2_13", "name": "Hop River State Park Trail (CT)", "q": "great", "t": "rail", "c": "yes"}, "geometry": {"type": "LineString", "coordinates": [[-72.44984, 41.79826], [-72.44878, 41.80361], [-72.44754, 41.80671], [-72.4469, 41.81099]]}}, {"type": "Feature", "properties": {"id": "rt_2_14", "name": "Hop River State Park Trail (CT)", "q": "great", "t": "rail", "c": "yes"}, "geometry": {"type": "LineString", "coordinates": [[-72.4469, 41.81099], [-72.44763, 41.81422], [-72.44581, 41.81812], [-72.44554, 41.82067], [-72.44615, 41.82303], [-72.44796, 41.82441]]}}, {"type": "Feature", "properties": {"id": "rt_2_15", "name": "Hop River State Park Trail (CT)", "q": "great", "t": "rail", "c": "yes"}, "geometry": {"type": "LineString", "coordinates": [[-72.47837, 41.82167], [-72.4771, 41.82187]]}}, {"type": "Feature", "properties": {"id": "rt_2_16", "name": "Hop River State Park Trail (CT)", "q": "great", "t": "rail", "c": "yes"}, "geometry": {"type": "LineString", "coordinates": [[-72.50769, 41.80065], [-72.50584, 41.80393]]}}, {"type": "Feature", "properties": {"id": "rt_2_17", "name": "Hop River State Park Trail (CT)", "q": "great", "t": "rail", "c": "yes"}, "geometry": {"type": "LineString", "coordinates": [[-72.4975, 41.81753], [-72.49919, 41.81573]]}}, {"type": "Feature", "properties": {"id": "rt_2_18", "name": "Hop River State Park Trail (CT)", "q": "great", "t": "rail", "c": "yes"}, "geometry": {"type": "LineString", "coordinates": [[-72.48336, 41.82238], [-72.48914, 41.82333], [-72.49171, 41.82297], [-72.49336, 41.82195], [-72.49491, 41.81982], [-72.4975, 41.81753]]}}, {"type": "Feature", "properties": {"id": "rt_2_19", "name": "Hop River State Park Trail (CT)", "q": "great", "t": "rail", "c": "yes"}, "geometry": {"type": "LineString", "coordinates": [[-72.47837, 41.82166], [-72.48336, 41.82238]]}}, {"type": "Feature", "properties": {"id": "rt_2_20", "name": "Hop River State Park Trail (CT)", "q": "great", "t": "rail", "c": "yes"}, "geometry": {"type": "LineString", "coordinates": [[-72.45916, 41.8634], [-72.46192, 41.86356], [-72.46895, 41.8622], [-72.47491, 41.85841], [-72.47646, 41.85671], [-72.47938, 41.84964], [-72.47958, 41.84774], [-72.47758, 41.83971], [-72.47475, 41.83463], [-72.47486, 41.82941]]}}, {"type": "Feature", "properties": {"id": "rt_2_21", "name": "Hop River State Park Trail (CT)", "q": "great", "t": "rail", "c": "yes"}, "geometry": {"type": "LineString", "coordinates": [[-72.45138, 41.8628], [-72.45521, 41.86345], [-72.45908, 41.86342]]}}, {"type": "Feature", "properties": {"id": "rt_2_22", "name": "Hop River State Park Trail (CT)", "q": "great", "t": "rail", "c": "yes"}, "geometry": {"type": "LineString", "coordinates": [[-72.50584, 41.80393], [-72.50272, 41.8099]]}}, {"type": "Feature", "properties": {"id": "rt_2_23", "name": "Hop River State Park Trail (CT)", "q": "great", "t": "rail", "c": "yes"}, "geometry": {"type": "LineString", "coordinates": [[-72.50272, 41.8099], [-72.49914, 41.81578]]}}, {"type": "Feature", "properties": {"id": "rt_3_0", "name": "Farmington Canal Heritage Trail (CT)", "q": "great", "t": "rail", "c": "yes"}, "geometry": {"type": "LineString", "coordinates": [[-72.90557, 41.41246], [-72.90655, 41.41202], [-72.90852, 41.40966], [-72.908, 41.40888], [-72.91309, 41.40231], [-72.91541, 41.39371], [-72.91538, 41.38978]]}}, {"type": "Feature", "properties": {"id": "rt_3_1", "name": "Farmington Canal Heritage Trail (CT)", "q": "great", "t": "rail", "c": "yes"}, "geometry": {"type": "LineString", "coordinates": [[-72.91538, 41.38978], [-72.91465, 41.37869]]}}, {"type": "Feature", "properties": {"id": "rt_3_2", "name": "Farmington Canal Heritage Trail (CT)", "q": "great", "t": "rail", "c": "yes"}, "geometry": {"type": "LineString", "coordinates": [[-72.9325, 41.32823], [-72.92729, 41.31637], [-72.92389, 41.31252]]}}, {"type": "Feature", "properties": {"id": "rt_3_3", "name": "Farmington Canal Heritage Trail (CT)", "q": "great", "t": "rail", "c": "yes"}, "geometry": {"type": "LineString", "coordinates": [[-72.91465, 41.37869], [-72.91444, 41.37643], [-72.91243, 41.37601], [-72.90995, 41.37452], [-72.91138, 41.37321], [-72.91245, 41.37255], [-72.91465, 41.37051], [-72.91644, 41.37038], [-72.91885, 41.36681]]}}, {"type": "Feature", "properties": {"id": "rt_3_4", "name": "Farmington Canal Heritage Trail (CT)", "q": "great", "t": "rail", "c": "yes"}, "geometry": {"type": "LineString", "coordinates": [[-72.91449, 41.49858], [-72.91388, 41.49467]]}}, {"type": "Feature", "properties": {"id": "rt_3_5", "name": "Farmington Canal Heritage Trail (CT)", "q": "great", "t": "rail", "c": "yes"}, "geometry": {"type": "LineString", "coordinates": [[-72.91388, 41.49467], [-72.91381, 41.49299]]}}, {"type": "Feature", "properties": {"id": "rt_3_6", "name": "Farmington Canal Heritage Trail (CT)", "q": "great", "t": "rail", "c": "yes"}, "geometry": {"type": "LineString", "coordinates": [[-72.91381, 41.49299], [-72.91453, 41.49078], [-72.91928, 41.48499], [-72.92213, 41.47809]]}}, {"type": "Feature", "properties": {"id": "rt_3_7", "name": "Farmington Canal Heritage Trail (CT)", "q": "great", "t": "rail", "c": "yes"}, "geometry": {"type": "LineString", "coordinates": [[-72.92213, 41.47809], [-72.92371, 41.47551]]}}, {"type": "Feature", "properties": {"id": "rt_3_8", "name": "Farmington Canal Heritage Trail (CT)", "q": "great", "t": "rail", "c": "yes"}, "geometry": {"type": "LineString", "coordinates": [[-72.92371, 41.47551], [-72.92366, 41.47274], [-72.91829, 41.46178], [-72.91785, 41.45916], [-72.91629, 41.45567]]}}, {"type": "Feature", "properties": {"id": "rt_3_9", "name": "Farmington Canal Heritage Trail (CT)", "q": "great", "t": "rail", "c": "yes"}, "geometry": {"type": "LineString", "coordinates": [[-72.91629, 41.45567], [-72.91522, 41.45183], [-72.91552, 41.44951], [-72.91363, 41.44489], [-72.91283, 41.44134], [-72.9095, 41.43724], [-72.90922, 41.43426], [-72.90817, 41.43212], [-72.9095, 41.42731], [-72.90868, 41.42607], [-72.90676, 41.4246]]}}, {"type": "Feature", "properties": {"id": "rt_3_10", "name": "Farmington Canal Heritage Trail (CT)", "q": "great", "t": "rail", "c": "yes"}, "geometry": {"type": "LineString", "coordinates": [[-72.90676, 41.4246], [-72.90498, 41.42142], [-72.90542, 41.42096], [-72.90356, 41.41661], [-72.90383, 41.41429]]}}, {"type": "Feature", "properties": {"id": "rt_3_11", "name": "Farmington Canal Heritage Trail (CT)", "q": "great", "t": "rail", "c": "yes"}, "geometry": {"type": "LineString", "coordinates": [[-72.90383, 41.41429], [-72.90557, 41.41246]]}}, {"type": "Feature", "properties": {"id": "rt_3_12", "name": "Farmington Canal Heritage Trail (CT)", "q": "great", "t": "rail", "c": "yes"}, "geometry": {"type": "LineString", "coordinates": [[-72.8921, 41.58782], [-72.88057, 41.60433], [-72.87781, 41.61294]]}}, {"type": "Feature", "properties": {"id": "rt_3_13", "name": "Farmington Canal Heritage Trail (CT)", "q": "great", "t": "rail", "c": "yes"}, "geometry": {"type": "LineString", "coordinates": [[-72.862, 41.72811], [-72.86278, 41.72386]]}}, {"type": "Feature", "properties": {"id": "rt_3_14", "name": "Farmington Canal Heritage Trail (CT)", "q": "great", "t": "rail", "c": "yes"}, "geometry": {"type": "LineString", "coordinates": [[-72.82915, 41.81554], [-72.82706, 41.81633]]}}, {"type": "Feature", "properties": {"id": "rt_3_15", "name": "Farmington Canal Heritage Trail (CT)", "q": "great", "t": "rail", "c": "yes"}, "geometry": {"type": "LineString", "coordinates": [[-72.82706, 41.81633], [-72.82188, 41.82799]]}}, {"type": "Feature", "properties": {"id": "rt_3_16", "name": "Farmington Canal Heritage Trail (CT)", "q": "great", "t": "rail", "c": "yes"}, "geometry": {"type": "LineString", "coordinates": [[-72.82188, 41.82799], [-72.81785, 41.83756]]}}, {"type": "Feature", "properties": {"id": "rt_3_17", "name": "Farmington Canal Heritage Trail (CT)", "q": "great", "t": "rail", "c": "yes"}, "geometry": {"type": "LineString", "coordinates": [[-72.81784, 41.83754], [-72.81293, 41.84875]]}}, {"type": "Feature", "properties": {"id": "rt_3_18", "name": "Farmington Canal Heritage Trail (CT)", "q": "great", "t": "rail", "c": "yes"}, "geometry": {"type": "LineString", "coordinates": [[-72.81292, 41.84876], [-72.81251, 41.84892], [-72.81269, 41.8494], [-72.80739, 41.86142], [-72.80889, 41.86214], [-72.80847, 41.86359], [-72.80878, 41.86432], [-72.80756, 41.8651], [-72.80598, 41.86819]]}}, {"type": "Feature", "properties": {"id": "rt_3_19", "name": "Farmington Canal Heritage Trail (CT)", "q": "great", "t": "rail", "c": "yes"}, "geometry": {"type": "LineString", "coordinates": [[-72.80598, 41.86819], [-72.80531, 41.86955], [-72.80348, 41.87073]]}}, {"type": "Feature", "properties": {"id": "rt_3_20", "name": "Farmington Canal Heritage Trail (CT)", "q": "great", "t": "rail", "c": "yes"}, "geometry": {"type": "LineString", "coordinates": [[-72.80348, 41.87073], [-72.80184, 41.86998], [-72.80003, 41.87208], [-72.79931, 41.87392], [-72.79926, 41.87725]]}}, {"type": "Feature", "properties": {"id": "rt_3_21", "name": "Farmington Canal Heritage Trail (CT)", "q": "great", "t": "rail", "c": "yes"}, "geometry": {"type": "LineString", "coordinates": [[-72.79926, 41.87725], [-72.79787, 41.88414]]}}, {"type": "Feature", "properties": {"id": "rt_3_22", "name": "Farmington Canal Heritage Trail (CT)", "q": "great", "t": "rail", "c": "yes"}, "geometry": {"type": "LineString", "coordinates": [[-72.79787, 41.88414], [-72.79529, 41.88745], [-72.78966, 41.89129], [-72.78754, 41.89562]]}}, {"type": "Feature", "properties": {"id": "rt_3_23", "name": "Farmington Canal Heritage Trail (CT)", "q": "great", "t": "rail", "c": "yes"}, "geometry": {"type": "LineString", "coordinates": [[-72.78754, 41.89562], [-72.78767, 41.89619], [-72.78705, 41.89674], [-72.78594, 41.90037], [-72.78419, 41.91215]]}}, {"type": "Feature", "properties": {"id": "rt_3_24", "name": "Farmington Canal Heritage Trail (CT)", "q": "great", "t": "rail", "c": "yes"}, "geometry": {"type": "LineString", "coordinates": [[-72.78419, 41.91215], [-72.78312, 41.91647]]}}, {"type": "Feature", "properties": {"id": "rt_3_25", "name": "Farmington Canal Heritage Trail (CT)", "q": "great", "t": "rail", "c": "yes"}, "geometry": {"type": "LineString", "coordinates": [[-72.78263, 41.91813], [-72.78227, 41.91999]]}}, {"type": "Feature", "properties": {"id": "rt_3_26", "name": "Farmington Canal Heritage Trail (CT)", "q": "great", "t": "rail", "c": "yes"}, "geometry": {"type": "LineString", "coordinates": [[-72.78997, 41.93011], [-72.7911, 41.92362]]}}, {"type": "Feature", "properties": {"id": "rt_3_27", "name": "Farmington Canal Heritage Trail (CT)", "q": "great", "t": "rail", "c": "yes"}, "geometry": {"type": "LineString", "coordinates": [[-72.77567, 41.93744], [-72.77842, 41.93423], [-72.77995, 41.92862], [-72.78997, 41.93011]]}}, {"type": "Feature", "properties": {"id": "rt_3_28", "name": "Farmington Canal Heritage Trail (CT)", "q": "great", "t": "rail", "c": "yes"}, "geometry": {"type": "LineString", "coordinates": [[-72.77506, 41.93946], [-72.77567, 41.93744]]}}, {"type": "Feature", "properties": {"id": "rt_3_29", "name": "Farmington Canal Heritage Trail (CT)", "q": "great", "t": "rail", "c": "yes"}, "geometry": {"type": "LineString", "coordinates": [[-72.77492, 41.94025], [-72.77506, 41.93946]]}}, {"type": "Feature", "properties": {"id": "rt_3_30", "name": "Farmington Canal Heritage Trail (CT)", "q": "great", "t": "rail", "c": "yes"}, "geometry": {"type": "LineString", "coordinates": [[-72.7685, 41.95341], [-72.7731, 41.94514], [-72.77492, 41.94025]]}}, {"type": "Feature", "properties": {"id": "rt_3_31", "name": "Farmington Canal Heritage Trail (CT)", "q": "great", "t": "rail", "c": "yes"}, "geometry": {"type": "LineString", "coordinates": [[-72.75733, 41.97402], [-72.76416, 41.96353], [-72.7669, 41.95624], [-72.7685, 41.95341]]}}, {"type": "Feature", "properties": {"id": "rt_3_32", "name": "Farmington Canal Heritage Trail (CT)", "q": "great", "t": "rail", "c": "yes"}, "geometry": {"type": "LineString", "coordinates": [[-72.75909, 41.97403], [-72.75733, 41.97401]]}}, {"type": "Feature", "properties": {"id": "rt_3_33", "name": "Farmington Canal Heritage Trail (CT)", "q": "great", "t": "rail", "c": "yes"}, "geometry": {"type": "LineString", "coordinates": [[-72.75732, 41.97403], [-72.75726, 41.97614], [-72.76092, 41.98219], [-72.76257, 41.98598]]}}, {"type": "Feature", "properties": {"id": "rt_3_34", "name": "Farmington Canal Heritage Trail (CT)", "q": "great", "t": "rail", "c": "yes"}, "geometry": {"type": "LineString", "coordinates": [[-72.76257, 41.98598], [-72.76816, 41.99826]]}}, {"type": "Feature", "properties": {"id": "rt_3_35", "name": "Farmington Canal Heritage Trail (CT)", "q": "great", "t": "rail", "c": "yes"}, "geometry": {"type": "LineString", "coordinates": [[-72.76816, 41.99826], [-72.77081, 42.00282]]}}, {"type": "Feature", "properties": {"id": "rt_4_0", "name": "Down East Sunrise Trail (ME)", "q": "great", "t": "rail", "c": "yes"}, "geometry": {"type": "LineString", "coordinates": [[-67.26359, 44.95658], [-67.26536, 44.95112], [-67.26557, 44.93488], [-67.26247, 44.93021], [-67.25092, 44.92095], [-67.2495, 44.91572], [-67.24731, 44.91239], [-67.2454, 44.90477], [-67.24562, 44.90361], [-67.24737, 44.90124]]}}, {"type": "Feature", "properties": {"id": "rt_4_1", "name": "Down East Sunrise Trail (ME)", "q": "great", "t": "rail", "c": "yes"}, "geometry": {"type": "LineString", "coordinates": [[-67.93379, 44.60916], [-67.93633, 44.60632], [-67.94569, 44.60105], [-67.9483, 44.60041], [-67.95897, 44.59945], [-67.96193, 44.59828], [-67.96344, 44.59657], [-67.96702, 44.5866], [-67.97117, 44.58099], [-67.97288, 44.57946]]}}, {"type": "Feature", "properties": {"id": "rt_4_2", "name": "Down East Sunrise Trail (ME)", "q": "great", "t": "rail", "c": "yes"}, "geometry": {"type": "LineString", "coordinates": [[-67.87954, 44.61072], [-67.89253, 44.60712], [-67.90588, 44.60276], [-67.90875, 44.60226], [-67.92316, 44.6052], [-67.92476, 44.60644], [-67.92621, 44.6092], [-67.92785, 44.61014], [-67.93127, 44.61062], [-67.93348, 44.60959]]}}, {"type": "Feature", "properties": {"id": "rt_4_3", "name": "Down East Sunrise Trail (ME)", "q": "great", "t": "rail", "c": "yes"}, "geometry": {"type": "LineString", "coordinates": [[-67.97288, 44.57946], [-67.97323, 44.57922]]}}, {"type": "Feature", "properties": {"id": "rt_4_4", "name": "Down East Sunrise Trail (ME)", "q": "great", "t": "rail", "c": "yes"}, "geometry": {"type": "LineString", "coordinates": [[-67.97323, 44.57922], [-67.9764, 44.57797], [-67.97954, 44.57792]]}}, {"type": "Feature", "properties": {"id": "rt_4_5", "name": "Down East Sunrise Trail (ME)", "q": "great", "t": "rail", "c": "yes"}, "geometry": {"type": "LineString", "coordinates": [[-67.97954, 44.57792], [-67.9892, 44.57889], [-67.99988, 44.57233], [-68.01394, 44.56871], [-68.02882, 44.5691], [-68.07609, 44.53563], [-68.07932, 44.53448], [-68.08287, 44.53426], [-68.08723, 44.53519], [-68.10118, 44.54195], [-68.10255, 44.54296], [-68.10518, 44.54671], [-68.10655, 44.54773], [-68.12282, 44.55167], [-68.13783, 44.56131], [-68.14182, 44.56241], [-68.14733, 44.56668], [-68.15023, 44.56689], [-68.15984, 44.56278], [-68.17117, 44.56579], [-68.17758, 44.56981], [-68.18026, 44.57335], [-68.18263, 44.57531], [-68.18977, 44.57676], [-68.1963, 44.57971], [-68.19689, 44.58052], [-68.19721, 44.58602], [-68.19822, 44.58762]]}}, {"type": "Feature", "properties": {"id": "rt_4_6", "name": "Down East Sunrise Trail (ME)", "q": "great", "t": "rail", "c": "yes"}, "geometry": {"type": "LineString", "coordinates": [[-67.93348, 44.60959], [-67.93379, 44.60916]]}}, {"type": "Feature", "properties": {"id": "rt_4_7", "name": "Down East Sunrise Trail (ME)", "q": "great", "t": "rail", "c": "yes"}, "geometry": {"type": "LineString", "coordinates": [[-67.24737, 44.90124], [-67.24747, 44.90095]]}}, {"type": "Feature", "properties": {"id": "rt_4_8", "name": "Down East Sunrise Trail (ME)", "q": "great", "t": "rail", "c": "yes"}, "geometry": {"type": "LineString", "coordinates": [[-67.24769, 44.9003], [-67.24863, 44.89881], [-67.25311, 44.89507], [-67.26241, 44.89071], [-67.26944, 44.88943], [-67.27813, 44.88659], [-67.28606, 44.88132], [-67.28756, 44.87949], [-67.29079, 44.87731]]}}, {"type": "Feature", "properties": {"id": "rt_4_9", "name": "Down East Sunrise Trail (ME)", "q": "great", "t": "rail", "c": "yes"}, "geometry": {"type": "LineString", "coordinates": [[-67.73857, 44.66242], [-67.7415, 44.66522], [-67.7445, 44.66665], [-67.74673, 44.66847], [-67.75438, 44.66947], [-67.76622, 44.6688], [-67.76819, 44.66774], [-67.76904, 44.66668], [-67.77056, 44.66023], [-67.77143, 44.65912], [-67.77311, 44.65842], [-67.77888, 44.6574], [-67.78161, 44.65552], [-67.79167, 44.63732], [-67.79898, 44.6282], [-67.80126, 44.6273], [-67.80787, 44.62723], [-67.80909, 44.62629], [-67.81051, 44.62338], [-67.81296, 44.62236], [-67.82562, 44.62519]]}}, {"type": "Feature", "properties": {"id": "rt_4_10", "name": "Down East Sunrise Trail (ME)", "q": "great", "t": "rail", "c": "yes"}, "geometry": {"type": "LineString", "coordinates": [[-67.73824, 44.6621], [-67.73857, 44.66242]]}}, {"type": "Feature", "properties": {"id": "rt_4_11", "name": "Down East Sunrise Trail (ME)", "q": "great", "t": "rail", "c": "yes"}, "geometry": {"type": "LineString", "coordinates": [[-67.44778, 44.72104], [-67.45177, 44.71963], [-67.4581, 44.71987], [-67.46807, 44.71844], [-67.47957, 44.71828], [-67.48139, 44.71761], [-67.48456, 44.71528], [-67.4879, 44.7147], [-67.49374, 44.71551], [-67.49874, 44.71729], [-67.50529, 44.7177], [-67.51307, 44.72014], [-67.51851, 44.71998]]}}, {"type": "Feature", "properties": {"id": "rt_4_12", "name": "Down East Sunrise Trail (ME)", "q": "great", "t": "rail", "c": "yes"}, "geometry": {"type": "LineString", "coordinates": [[-67.41047, 44.71541], [-67.41078, 44.71536]]}}, {"type": "Feature", "properties": {"id": "rt_4_13", "name": "Down East Sunrise Trail (ME)", "q": "great", "t": "rail", "c": "yes"}, "geometry": {"type": "LineString", "coordinates": [[-68.37971, 44.55386], [-68.37904, 44.55477], [-68.37645, 44.5559], [-68.37688, 44.55778], [-68.37396, 44.56035]]}}, {"type": "Feature", "properties": {"id": "rt_4_14", "name": "Down East Sunrise Trail (ME)", "q": "great", "t": "rail", "c": "yes"}, "geometry": {"type": "LineString", "coordinates": [[-68.26666, 44.59819], [-68.27109, 44.59777], [-68.27456, 44.59645], [-68.28435, 44.59415], [-68.29015, 44.5937], [-68.30285, 44.5907], [-68.31125, 44.59037], [-68.32432, 44.58433], [-68.32713, 44.58188], [-68.33056, 44.57326], [-68.33043, 44.56726], [-68.331, 44.56624], [-68.33224, 44.56543], [-68.34278, 44.56405], [-68.34928, 44.56532], [-68.35152, 44.56534], [-68.36258, 44.56278], [-68.37145, 44.56132], [-68.37396, 44.56035]]}}, {"type": "Feature", "properties": {"id": "rt_4_15", "name": "Down East Sunrise Trail (ME)", "q": "great", "t": "rail", "c": "yes"}, "geometry": {"type": "LineString", "coordinates": [[-68.26641, 44.5982], [-68.26666, 44.59819]]}}, {"type": "Feature", "properties": {"id": "rt_4_16", "name": "Down East Sunrise Trail (ME)", "q": "great", "t": "rail", "c": "yes"}, "geometry": {"type": "LineString", "coordinates": [[-68.19822, 44.58762], [-68.19831, 44.5877]]}}, {"type": "Feature", "properties": {"id": "rt_4_17", "name": "Down East Sunrise Trail (ME)", "q": "great", "t": "rail", "c": "yes"}, "geometry": {"type": "LineString", "coordinates": [[-68.19831, 44.5877], [-68.20067, 44.58888], [-68.20289, 44.58862], [-68.20716, 44.5843], [-68.20993, 44.58376], [-68.21605, 44.58664], [-68.23264, 44.58829], [-68.23611, 44.59013], [-68.24002, 44.5914], [-68.25012, 44.59271], [-68.26371, 44.59804], [-68.26641, 44.5982]]}}, {"type": "Feature", "properties": {"id": "rt_4_18", "name": "Down East Sunrise Trail (ME)", "q": "great", "t": "rail", "c": "yes"}, "geometry": {"type": "LineString", "coordinates": [[-67.82562, 44.62519], [-67.82583, 44.62519]]}}, {"type": "Feature", "properties": {"id": "rt_4_19", "name": "Down East Sunrise Trail (ME)", "q": "great", "t": "rail", "c": "yes"}, "geometry": {"type": "LineString", "coordinates": [[-67.82583, 44.62519], [-67.84441, 44.62042], [-67.85293, 44.61608], [-67.86581, 44.61446], [-67.87954, 44.61072]]}}, {"type": "Feature", "properties": {"id": "rt_4_20", "name": "Down East Sunrise Trail (ME)", "q": "great", "t": "rail", "c": "yes"}, "geometry": {"type": "LineString", "coordinates": [[-67.62933, 44.68685], [-67.62958, 44.68662]]}}, {"type": "Feature", "properties": {"id": "rt_4_21", "name": "Down East Sunrise Trail (ME)", "q": "great", "t": "rail", "c": "yes"}, "geometry": {"type": "LineString", "coordinates": [[-67.62958, 44.68662], [-67.64237, 44.67482], [-67.64366, 44.67149], [-67.6459, 44.6701], [-67.69201, 44.66206], [-67.70187, 44.65829], [-67.70989, 44.65671], [-67.72484, 44.65667], [-67.7338, 44.65855], [-67.73824, 44.6621]]}}, {"type": "Feature", "properties": {"id": "rt_4_22", "name": "Down East Sunrise Trail (ME)", "q": "great", "t": "rail", "c": "yes"}, "geometry": {"type": "LineString", "coordinates": [[-67.51908, 44.71989], [-67.52664, 44.71854], [-67.5389, 44.71335], [-67.54254, 44.71049], [-67.54848, 44.70701], [-67.5507, 44.70401], [-67.55276, 44.70304], [-67.55498, 44.7031], [-67.58107, 44.70864], [-67.58339, 44.70873], [-67.5997, 44.70356], [-67.61172, 44.70179], [-67.6143, 44.70059], [-67.62933, 44.68685]]}}, {"type": "Feature", "properties": {"id": "rt_4_23", "name": "Down East Sunrise Trail (ME)", "q": "great", "t": "rail", "c": "yes"}, "geometry": {"type": "LineString", "coordinates": [[-67.51851, 44.71998], [-67.51908, 44.71989]]}}, {"type": "Feature", "properties": {"id": "rt_4_24", "name": "Down East Sunrise Trail (ME)", "q": "great", "t": "rail", "c": "yes"}, "geometry": {"type": "LineString", "coordinates": [[-67.39531, 44.73327], [-67.40041, 44.72973], [-67.40061, 44.72444], [-67.40207, 44.72193], [-67.40386, 44.71698], [-67.40534, 44.7162], [-67.41047, 44.71541]]}}, {"type": "Feature", "properties": {"id": "rt_4_25", "name": "Down East Sunrise Trail (ME)", "q": "great", "t": "rail", "c": "yes"}, "geometry": {"type": "LineString", "coordinates": [[-67.39511, 44.73343], [-67.39531, 44.73327]]}}, {"type": "Feature", "properties": {"id": "rt_4_26", "name": "Down East Sunrise Trail (ME)", "q": "great", "t": "rail", "c": "yes"}, "geometry": {"type": "LineString", "coordinates": [[-67.39507, 44.73347], [-67.39511, 44.73343]]}}, {"type": "Feature", "properties": {"id": "rt_4_27", "name": "Down East Sunrise Trail (ME)", "q": "great", "t": "rail", "c": "yes"}, "geometry": {"type": "LineString", "coordinates": [[-67.3928, 44.73493], [-67.39507, 44.73347]]}}, {"type": "Feature", "properties": {"id": "rt_4_28", "name": "Down East Sunrise Trail (ME)", "q": "great", "t": "rail", "c": "yes"}, "geometry": {"type": "LineString", "coordinates": [[-67.40159, 44.7666], [-67.4017, 44.76626]]}}, {"type": "Feature", "properties": {"id": "rt_4_29", "name": "Down East Sunrise Trail (ME)", "q": "great", "t": "rail", "c": "yes"}, "geometry": {"type": "LineString", "coordinates": [[-67.4017, 44.76626], [-67.4018, 44.76522], [-67.4013, 44.76443], [-67.39566, 44.7606], [-67.39262, 44.7545], [-67.38843, 44.7498]]}}, {"type": "Feature", "properties": {"id": "rt_4_30", "name": "Down East Sunrise Trail (ME)", "q": "great", "t": "rail", "c": "yes"}, "geometry": {"type": "LineString", "coordinates": [[-67.41478, 44.8403], [-67.4214, 44.83312], [-67.42108, 44.8209], [-67.40074, 44.77112], [-67.4006, 44.76971], [-67.40159, 44.7666]]}}, {"type": "Feature", "properties": {"id": "rt_4_31", "name": "Down East Sunrise Trail (ME)", "q": "great", "t": "rail", "c": "yes"}, "geometry": {"type": "LineString", "coordinates": [[-67.41462, 44.84041], [-67.41478, 44.8403]]}}, {"type": "Feature", "properties": {"id": "rt_4_32", "name": "Down East Sunrise Trail (ME)", "q": "great", "t": "rail", "c": "yes"}, "geometry": {"type": "LineString", "coordinates": [[-67.38372, 44.85679], [-67.38409, 44.85678]]}}, {"type": "Feature", "properties": {"id": "rt_4_33", "name": "Down East Sunrise Trail (ME)", "q": "great", "t": "rail", "c": "yes"}, "geometry": {"type": "LineString", "coordinates": [[-67.38409, 44.85678], [-67.3919, 44.8567], [-67.39401, 44.85619], [-67.40134, 44.84925], [-67.41462, 44.84041]]}}, {"type": "Feature", "properties": {"id": "rt_4_34", "name": "Down East Sunrise Trail (ME)", "q": "great", "t": "rail", "c": "yes"}, "geometry": {"type": "LineString", "coordinates": [[-67.35305, 44.86361], [-67.36469, 44.86392], [-67.37026, 44.8615], [-67.37483, 44.85811], [-67.38372, 44.85679]]}}, {"type": "Feature", "properties": {"id": "rt_4_35", "name": "Down East Sunrise Trail (ME)", "q": "great", "t": "rail", "c": "yes"}, "geometry": {"type": "LineString", "coordinates": [[-67.35278, 44.8636], [-67.35305, 44.86361]]}}, {"type": "Feature", "properties": {"id": "rt_4_36", "name": "Down East Sunrise Trail (ME)", "q": "great", "t": "rail", "c": "yes"}, "geometry": {"type": "LineString", "coordinates": [[-67.29079, 44.87731], [-67.29107, 44.87713]]}}, {"type": "Feature", "properties": {"id": "rt_4_37", "name": "Down East Sunrise Trail (ME)", "q": "great", "t": "rail", "c": "yes"}, "geometry": {"type": "LineString", "coordinates": [[-67.29107, 44.87713], [-67.29305, 44.87458], [-67.29518, 44.87382], [-67.30158, 44.87472], [-67.30552, 44.87394], [-67.31148, 44.87388], [-67.31755, 44.87531], [-67.32232, 44.87555], [-67.32763, 44.8735], [-67.33014, 44.87089], [-67.33198, 44.86986], [-67.33424, 44.86929], [-67.34117, 44.86919], [-67.34285, 44.86842], [-67.34719, 44.86417], [-67.35278, 44.8636]]}}, {"type": "Feature", "properties": {"id": "rt_4_38", "name": "Down East Sunrise Trail (ME)", "q": "great", "t": "rail", "c": "yes"}, "geometry": {"type": "LineString", "coordinates": [[-68.39949, 44.54307], [-68.40899, 44.53799], [-68.41226, 44.53769], [-68.41478, 44.53852]]}}, {"type": "Feature", "properties": {"id": "rt_4_39", "name": "Down East Sunrise Trail (ME)", "q": "great", "t": "rail", "c": "yes"}, "geometry": {"type": "LineString", "coordinates": [[-67.24747, 44.90095], [-67.24769, 44.9003]]}}, {"type": "Feature", "properties": {"id": "rt_4_40", "name": "Down East Sunrise Trail (ME)", "q": "great", "t": "rail", "c": "yes"}, "geometry": {"type": "LineString", "coordinates": [[-67.41078, 44.71536], [-67.41696, 44.71498], [-67.42624, 44.71648], [-67.43261, 44.71816]]}}, {"type": "Feature", "properties": {"id": "rt_4_41", "name": "Down East Sunrise Trail (ME)", "q": "great", "t": "rail", "c": "yes"}, "geometry": {"type": "LineString", "coordinates": [[-67.43261, 44.71816], [-67.43267, 44.71818]]}}, {"type": "Feature", "properties": {"id": "rt_4_42", "name": "Down East Sunrise Trail (ME)", "q": "great", "t": "rail", "c": "yes"}, "geometry": {"type": "LineString", "coordinates": [[-68.39935, 44.54315], [-68.39949, 44.54307]]}}, {"type": "Feature", "properties": {"id": "rt_4_43", "name": "Down East Sunrise Trail (ME)", "q": "great", "t": "rail", "c": "yes"}, "geometry": {"type": "LineString", "coordinates": [[-68.37971, 44.55386], [-68.39935, 44.54315]]}}, {"type": "Feature", "properties": {"id": "rt_4_44", "name": "Down East Sunrise Trail (ME)", "q": "great", "t": "rail", "c": "yes"}, "geometry": {"type": "LineString", "coordinates": [[-67.38835, 44.74972], [-67.38528, 44.74612], [-67.3854, 44.74499], [-67.38729, 44.74132]]}}, {"type": "Feature", "properties": {"id": "rt_4_45", "name": "Down East Sunrise Trail (ME)", "q": "great", "t": "rail", "c": "yes"}, "geometry": {"type": "LineString", "coordinates": [[-67.38843, 44.7498], [-67.38835, 44.74972]]}}, {"type": "Feature", "properties": {"id": "rt_4_46", "name": "Down East Sunrise Trail (ME)", "q": "great", "t": "rail", "c": "yes"}, "geometry": {"type": "LineString", "coordinates": [[-67.38734, 44.74123], [-67.38948, 44.73912], [-67.3903, 44.73647], [-67.3928, 44.73493]]}}, {"type": "Feature", "properties": {"id": "rt_4_47", "name": "Down East Sunrise Trail (ME)", "q": "great", "t": "rail", "c": "yes"}, "geometry": {"type": "LineString", "coordinates": [[-67.38729, 44.74132], [-67.38734, 44.74123]]}}, {"type": "Feature", "properties": {"id": "rt_4_48", "name": "Down East Sunrise Trail (ME)", "q": "great", "t": "rail", "c": "yes"}, "geometry": {"type": "LineString", "coordinates": [[-67.43267, 44.71818], [-67.4406, 44.72036], [-67.44735, 44.72112]]}}, {"type": "Feature", "properties": {"id": "rt_4_49", "name": "Down East Sunrise Trail (ME)", "q": "great", "t": "rail", "c": "yes"}, "geometry": {"type": "LineString", "coordinates": [[-67.44735, 44.72112], [-67.44778, 44.72104]]}}, {"type": "Feature", "properties": {"id": "rt_5_0", "name": "Eastern Trail (ME)", "q": "great", "t": "rail", "c": "yes"}, "geometry": {"type": "LineString", "coordinates": [[-70.39447, 43.5451], [-70.37044, 43.56078]]}}, {"type": "Feature", "properties": {"id": "rt_5_1", "name": "Eastern Trail (ME)", "q": "great", "t": "rail", "c": "yes"}, "geometry": {"type": "LineString", "coordinates": [[-70.33978, 43.58076], [-70.36628, 43.56343]]}}, {"type": "Feature", "properties": {"id": "rt_5_2", "name": "Eastern Trail (ME)", "q": "great", "t": "rail", "c": "yes"}, "geometry": {"type": "LineString", "coordinates": [[-70.36628, 43.56343], [-70.36671, 43.56315]]}}, {"type": "Feature", "properties": {"id": "rt_5_3", "name": "Eastern Trail (ME)", "q": "great", "t": "rail", "c": "yes"}, "geometry": {"type": "LineString", "coordinates": [[-70.36671, 43.56315], [-70.36944, 43.56142]]}}, {"type": "Feature", "properties": {"id": "rt_5_4", "name": "Eastern Trail (ME)", "q": "great", "t": "rail", "c": "yes"}, "geometry": {"type": "LineString", "coordinates": [[-70.50577, 43.45847], [-70.48582, 43.47818]]}}, {"type": "Feature", "properties": {"id": "rt_5_5", "name": "Eastern Trail (ME)", "q": "great", "t": "rail", "c": "yes"}, "geometry": {"type": "LineString", "coordinates": [[-70.42704, 43.52045], [-70.4274, 43.51978]]}}, {"type": "Feature", "properties": {"id": "rt_5_6", "name": "Eastern Trail (ME)", "q": "great", "t": "rail", "c": "yes"}, "geometry": {"type": "LineString", "coordinates": [[-70.43314, 43.51121], [-70.43742, 43.51334]]}}, {"type": "Feature", "properties": {"id": "rt_5_7", "name": "Eastern Trail (ME)", "q": "great", "t": "rail", "c": "yes"}, "geometry": {"type": "LineString", "coordinates": [[-70.43506, 43.51471], [-70.42817, 43.51961]]}}, {"type": "Feature", "properties": {"id": "rt_5_8", "name": "Eastern Trail (ME)", "q": "great", "t": "rail", "c": "yes"}, "geometry": {"type": "LineString", "coordinates": [[-70.42704, 43.52045], [-70.40257, 43.53921]]}}, {"type": "Feature", "properties": {"id": "rt_5_9", "name": "Eastern Trail (ME)", "q": "great", "t": "rail", "c": "yes"}, "geometry": {"type": "LineString", "coordinates": [[-70.43506, 43.51471], [-70.43485, 43.51411], [-70.43129, 43.51316], [-70.43314, 43.51121]]}}, {"type": "Feature", "properties": {"id": "rt_5_10", "name": "Eastern Trail (ME)", "q": "great", "t": "rail", "c": "yes"}, "geometry": {"type": "LineString", "coordinates": [[-70.44354, 43.50559], [-70.44278, 43.50637], [-70.44439, 43.50733], [-70.44306, 43.50885], [-70.44397, 43.50971], [-70.43999, 43.51194]]}}, {"type": "Feature", "properties": {"id": "rt_5_11", "name": "Eastern Trail (ME)", "q": "great", "t": "rail", "c": "yes"}, "geometry": {"type": "LineString", "coordinates": [[-70.49149, 43.48718], [-70.49009, 43.4869], [-70.49019, 43.48583]]}}, {"type": "Feature", "properties": {"id": "rt_5_12", "name": "Eastern Trail (ME)", "q": "great", "t": "rail", "c": "yes"}, "geometry": {"type": "LineString", "coordinates": [[-70.55637, 43.4171], [-70.5555, 43.41684]]}}, {"type": "Feature", "properties": {"id": "rt_5_13", "name": "Eastern Trail (ME)", "q": "great", "t": "rail", "c": "yes"}, "geometry": {"type": "LineString", "coordinates": [[-70.56332, 43.41229], [-70.55705, 43.41636]]}}, {"type": "Feature", "properties": {"id": "rt_5_14", "name": "Eastern Trail (ME)", "q": "great", "t": "rail", "c": "yes"}, "geometry": {"type": "LineString", "coordinates": [[-70.42791, 43.51987], [-70.42817, 43.51961]]}}, {"type": "Feature", "properties": {"id": "rt_5_15", "name": "Eastern Trail (ME)", "q": "great", "t": "rail", "c": "yes"}, "geometry": {"type": "LineString", "coordinates": [[-70.4274, 43.51978], [-70.42791, 43.51987]]}}, {"type": "Feature", "properties": {"id": "rt_5_16", "name": "Eastern Trail (ME)", "q": "great", "t": "rail", "c": "yes"}, "geometry": {"type": "LineString", "coordinates": [[-70.54288, 43.42575], [-70.5427, 43.42587]]}}, {"type": "Feature", "properties": {"id": "rt_5_17", "name": "Eastern Trail (ME)", "q": "great", "t": "rail", "c": "yes"}, "geometry": {"type": "LineString", "coordinates": [[-70.55458, 43.418], [-70.544, 43.42504]]}}, {"type": "Feature", "properties": {"id": "rt_5_18", "name": "Eastern Trail (ME)", "q": "great", "t": "rail", "c": "yes"}, "geometry": {"type": "LineString", "coordinates": [[-70.49154, 43.48748], [-70.49149, 43.48718]]}}, {"type": "Feature", "properties": {"id": "rt_5_19", "name": "Eastern Trail (ME)", "q": "great", "t": "rail", "c": "yes"}, "geometry": {"type": "LineString", "coordinates": [[-70.49145, 43.48804], [-70.49154, 43.48748]]}}, {"type": "Feature", "properties": {"id": "rt_5_20", "name": "Eastern Trail (ME)", "q": "great", "t": "rail", "c": "yes"}, "geometry": {"type": "LineString", "coordinates": [[-70.40109, 43.54027], [-70.39447, 43.5451]]}}, {"type": "Feature", "properties": {"id": "rt_5_21", "name": "Eastern Trail (ME)", "q": "great", "t": "rail", "c": "yes"}, "geometry": {"type": "LineString", "coordinates": [[-70.40257, 43.53921], [-70.40109, 43.54027]]}}, {"type": "Feature", "properties": {"id": "rt_5_22", "name": "Eastern Trail (ME)", "q": "great", "t": "rail", "c": "yes"}, "geometry": {"type": "LineString", "coordinates": [[-70.43999, 43.51194], [-70.43742, 43.51334]]}}, {"type": "Feature", "properties": {"id": "rt_5_23", "name": "Eastern Trail (ME)", "q": "great", "t": "rail", "c": "yes"}, "geometry": {"type": "LineString", "coordinates": [[-70.5555, 43.41684], [-70.55458, 43.418]]}}, {"type": "Feature", "properties": {"id": "rt_5_24", "name": "Eastern Trail (ME)", "q": "great", "t": "rail", "c": "yes"}, "geometry": {"type": "LineString", "coordinates": [[-70.55705, 43.41636], [-70.55637, 43.4171]]}}, {"type": "Feature", "properties": {"id": "rt_5_25", "name": "Eastern Trail (ME)", "q": "great", "t": "rail", "c": "yes"}, "geometry": {"type": "LineString", "coordinates": [[-70.56353, 43.41223], [-70.56332, 43.41229]]}}, {"type": "Feature", "properties": {"id": "rt_5_26", "name": "Eastern Trail (ME)", "q": "great", "t": "rail", "c": "yes"}, "geometry": {"type": "LineString", "coordinates": [[-70.3385, 43.58158], [-70.33978, 43.58076]]}}, {"type": "Feature", "properties": {"id": "rt_5_27", "name": "Eastern Trail (ME)", "q": "great", "t": "rail", "c": "yes"}, "geometry": {"type": "LineString", "coordinates": [[-70.544, 43.42504], [-70.54288, 43.42575]]}}, {"type": "Feature", "properties": {"id": "rt_5_28", "name": "Eastern Trail (ME)", "q": "great", "t": "rail", "c": "yes"}, "geometry": {"type": "LineString", "coordinates": [[-70.5427, 43.42587], [-70.54208, 43.42633]]}}, {"type": "Feature", "properties": {"id": "rt_5_29", "name": "Eastern Trail (ME)", "q": "great", "t": "rail", "c": "yes"}, "geometry": {"type": "LineString", "coordinates": [[-70.37029, 43.56087], [-70.37044, 43.56078]]}}, {"type": "Feature", "properties": {"id": "rt_5_30", "name": "Eastern Trail (ME)", "q": "great", "t": "rail", "c": "yes"}, "geometry": {"type": "LineString", "coordinates": [[-70.36944, 43.56142], [-70.37029, 43.56087]]}}, {"type": "Feature", "properties": {"id": "rt_5_31", "name": "Eastern Trail (ME)", "q": "great", "t": "rail", "c": "yes"}, "geometry": {"type": "LineString", "coordinates": [[-70.54208, 43.42633], [-70.53211, 43.43334]]}}, {"type": "Feature", "properties": {"id": "rt_5_32", "name": "Eastern Trail (ME)", "q": "great", "t": "rail", "c": "yes"}, "geometry": {"type": "LineString", "coordinates": [[-70.53172, 43.43366], [-70.53163, 43.43377]]}}, {"type": "Feature", "properties": {"id": "rt_5_33", "name": "Eastern Trail (ME)", "q": "great", "t": "rail", "c": "yes"}, "geometry": {"type": "LineString", "coordinates": [[-70.53139, 43.43391], [-70.52628, 43.43826], [-70.51775, 43.44665]]}}, {"type": "Feature", "properties": {"id": "rt_5_34", "name": "Eastern Trail (ME)", "q": "great", "t": "rail", "c": "yes"}, "geometry": {"type": "LineString", "coordinates": [[-70.51775, 43.44665], [-70.51766, 43.44674]]}}, {"type": "Feature", "properties": {"id": "rt_5_35", "name": "Eastern Trail (ME)", "q": "great", "t": "rail", "c": "yes"}, "geometry": {"type": "LineString", "coordinates": [[-70.51766, 43.44674], [-70.50581, 43.45843]]}}, {"type": "Feature", "properties": {"id": "rt_5_36", "name": "Eastern Trail (ME)", "q": "great", "t": "rail", "c": "yes"}, "geometry": {"type": "LineString", "coordinates": [[-70.50581, 43.45843], [-70.50577, 43.45847]]}}, {"type": "Feature", "properties": {"id": "rt_5_37", "name": "Eastern Trail (ME)", "q": "great", "t": "rail", "c": "yes"}, "geometry": {"type": "LineString", "coordinates": [[-70.53163, 43.43377], [-70.53139, 43.43391]]}}, {"type": "Feature", "properties": {"id": "rt_5_38", "name": "Eastern Trail (ME)", "q": "great", "t": "rail", "c": "yes"}, "geometry": {"type": "LineString", "coordinates": [[-70.53211, 43.43334], [-70.53172, 43.43366]]}}, {"type": "Feature", "properties": {"id": "rt_5_39", "name": "Eastern Trail (ME)", "q": "great", "t": "rail", "c": "yes"}, "geometry": {"type": "LineString", "coordinates": [[-70.5636, 43.41223], [-70.56353, 43.41223]]}}, {"type": "Feature", "properties": {"id": "rt_6_0", "name": "Kennebec River Rail Trail (ME)", "q": "great", "t": "rail", "c": "yes"}, "geometry": {"type": "LineString", "coordinates": [[-69.79262, 44.27979], [-69.79266, 44.27671]]}}, {"type": "Feature", "properties": {"id": "rt_6_1", "name": "Kennebec River Rail Trail (ME)", "q": "great", "t": "rail", "c": "yes"}, "geometry": {"type": "LineString", "coordinates": [[-69.77273, 44.25755], [-69.77211, 44.25174], [-69.77032, 44.24455], [-69.77053, 44.24115], [-69.77188, 44.2345]]}}, {"type": "Feature", "properties": {"id": "rt_6_2", "name": "Kennebec River Rail Trail (ME)", "q": "great", "t": "rail", "c": "yes"}, "geometry": {"type": "LineString", "coordinates": [[-69.79248, 44.27586], [-69.79245, 44.2757]]}}, {"type": "Feature", "properties": {"id": "rt_6_3", "name": "Kennebec River Rail Trail (ME)", "q": "great", "t": "rail", "c": "yes"}, "geometry": {"type": "LineString", "coordinates": [[-69.77434, 44.31081], [-69.77503, 44.30647], [-69.77633, 44.3033], [-69.78091, 44.29784], [-69.78322, 44.29325]]}}, {"type": "Feature", "properties": {"id": "rt_6_4", "name": "Kennebec River Rail Trail (ME)", "q": "great", "t": "rail", "c": "yes"}, "geometry": {"type": "LineString", "coordinates": [[-69.77407, 44.3131], [-69.77357, 44.31454]]}}, {"type": "Feature", "properties": {"id": "rt_6_5", "name": "Kennebec River Rail Trail (ME)", "q": "great", "t": "rail", "c": "yes"}, "geometry": {"type": "LineString", "coordinates": [[-69.77407, 44.3131], [-69.77453, 44.31169]]}}, {"type": "Feature", "properties": {"id": "rt_6_6", "name": "Kennebec River Rail Trail (ME)", "q": "great", "t": "rail", "c": "yes"}, "geometry": {"type": "LineString", "coordinates": [[-69.77453, 44.31169], [-69.77434, 44.31081]]}}, {"type": "Feature", "properties": {"id": "rt_6_7", "name": "Kennebec River Rail Trail (ME)", "q": "great", "t": "rail", "c": "yes"}, "geometry": {"type": "LineString", "coordinates": [[-69.78322, 44.29325], [-69.78403, 44.29243]]}}, {"type": "Feature", "properties": {"id": "rt_6_8", "name": "Kennebec River Rail Trail (ME)", "q": "great", "t": "rail", "c": "yes"}, "geometry": {"type": "LineString", "coordinates": [[-69.78403, 44.29243], [-69.78547, 44.29145]]}}, {"type": "Feature", "properties": {"id": "rt_6_9", "name": "Kennebec River Rail Trail (ME)", "q": "great", "t": "rail", "c": "yes"}, "geometry": {"type": "LineString", "coordinates": [[-69.79266, 44.27671], [-69.79248, 44.27586]]}}, {"type": "Feature", "properties": {"id": "rt_6_10", "name": "Kennebec River Rail Trail (ME)", "q": "great", "t": "rail", "c": "yes"}, "geometry": {"type": "LineString", "coordinates": [[-69.79245, 44.2757], [-69.79146, 44.2731]]}}, {"type": "Feature", "properties": {"id": "rt_6_11", "name": "Kennebec River Rail Trail (ME)", "q": "great", "t": "rail", "c": "yes"}, "geometry": {"type": "LineString", "coordinates": [[-69.77187, 44.23371], [-69.77238, 44.23276], [-69.77205, 44.23201]]}}, {"type": "Feature", "properties": {"id": "rt_6_12", "name": "Kennebec River Rail Trail (ME)", "q": "great", "t": "rail", "c": "yes"}, "geometry": {"type": "LineString", "coordinates": [[-69.77188, 44.2345], [-69.77187, 44.23371]]}}, {"type": "Feature", "properties": {"id": "rt_6_13", "name": "Kennebec River Rail Trail (ME)", "q": "great", "t": "rail", "c": "yes"}, "geometry": {"type": "LineString", "coordinates": [[-69.7889, 44.28919], [-69.78962, 44.2882]]}}, {"type": "Feature", "properties": {"id": "rt_6_14", "name": "Kennebec River Rail Trail (ME)", "q": "great", "t": "rail", "c": "yes"}, "geometry": {"type": "LineString", "coordinates": [[-69.78547, 44.29145], [-69.78616, 44.2909]]}}, {"type": "Feature", "properties": {"id": "rt_6_15", "name": "Kennebec River Rail Trail (ME)", "q": "great", "t": "rail", "c": "yes"}, "geometry": {"type": "LineString", "coordinates": [[-69.79146, 44.2731], [-69.78578, 44.26838], [-69.78169, 44.266]]}}, {"type": "Feature", "properties": {"id": "rt_6_16", "name": "Kennebec River Rail Trail (ME)", "q": "great", "t": "rail", "c": "yes"}, "geometry": {"type": "LineString", "coordinates": [[-69.7764, 44.26181], [-69.77447, 44.26114], [-69.77273, 44.25755]]}}, {"type": "Feature", "properties": {"id": "rt_6_17", "name": "Kennebec River Rail Trail (ME)", "q": "great", "t": "rail", "c": "yes"}, "geometry": {"type": "LineString", "coordinates": [[-69.77943, 44.2645], [-69.7764, 44.26181]]}}, {"type": "Feature", "properties": {"id": "rt_6_18", "name": "Kennebec River Rail Trail (ME)", "q": "great", "t": "rail", "c": "yes"}, "geometry": {"type": "LineString", "coordinates": [[-69.78169, 44.266], [-69.77943, 44.2645]]}}, {"type": "Feature", "properties": {"id": "rt_7_0", "name": "Cape Cod Rail Trail (MA)", "q": "great", "t": "rail", "c": "yes"}, "geometry": {"type": "LineString", "coordinates": [[-69.99161, 41.78962], [-69.98931, 41.79217], [-69.98806, 41.79627]]}}, {"type": "Feature", "properties": {"id": "rt_7_1", "name": "Cape Cod Rail Trail (MA)", "q": "great", "t": "rail", "c": "yes"}, "geometry": {"type": "LineString", "coordinates": [[-69.98749, 41.79844], [-69.98716, 41.79965]]}}, {"type": "Feature", "properties": {"id": "rt_7_2", "name": "Cape Cod Rail Trail (MA)", "q": "great", "t": "rail", "c": "yes"}, "geometry": {"type": "LineString", "coordinates": [[-69.98765, 41.79779], [-69.98749, 41.79844]]}}, {"type": "Feature", "properties": {"id": "rt_7_3", "name": "Cape Cod Rail Trail (MA)", "q": "great", "t": "rail", "c": "yes"}, "geometry": {"type": "LineString", "coordinates": [[-70.08888, 41.68903], [-70.08885, 41.68914]]}}, {"type": "Feature", "properties": {"id": "rt_7_4", "name": "Cape Cod Rail Trail (MA)", "q": "great", "t": "rail", "c": "yes"}, "geometry": {"type": "LineString", "coordinates": [[-70.08947, 41.68863], [-70.08917, 41.68872]]}}, {"type": "Feature", "properties": {"id": "rt_7_5", "name": "Cape Cod Rail Trail (MA)", "q": "great", "t": "rail", "c": "yes"}, "geometry": {"type": "LineString", "coordinates": [[-70.08916, 41.68886], [-70.08947, 41.68863]]}}, {"type": "Feature", "properties": {"id": "rt_7_6", "name": "Cape Cod Rail Trail (MA)", "q": "great", "t": "rail", "c": "yes"}, "geometry": {"type": "LineString", "coordinates": [[-70.08885, 41.68914], [-70.08897, 41.68904]]}}, {"type": "Feature", "properties": {"id": "rt_7_7", "name": "Cape Cod Rail Trail (MA)", "q": "great", "t": "rail", "c": "yes"}, "geometry": {"type": "LineString", "coordinates": [[-70.08947, 41.68863], [-70.09013, 41.68821]]}}, {"type": "Feature", "properties": {"id": "rt_7_8", "name": "Cape Cod Rail Trail (MA)", "q": "great", "t": "rail", "c": "yes"}, "geometry": {"type": "LineString", "coordinates": [[-69.98206, 41.84393], [-69.98335, 41.88046]]}}, {"type": "Feature", "properties": {"id": "rt_7_9", "name": "Cape Cod Rail Trail (MA)", "q": "great", "t": "rail", "c": "yes"}, "geometry": {"type": "LineString", "coordinates": [[-70.03153, 41.77571], [-70.03124, 41.77588]]}}, {"type": "Feature", "properties": {"id": "rt_7_10", "name": "Cape Cod Rail Trail (MA)", "q": "great", "t": "rail", "c": "yes"}, "geometry": {"type": "LineString", "coordinates": [[-70.0316, 41.77558], [-70.03153, 41.77571]]}}, {"type": "Feature", "properties": {"id": "rt_7_11", "name": "Cape Cod Rail Trail (MA)", "q": "great", "t": "rail", "c": "yes"}, "geometry": {"type": "LineString", "coordinates": [[-70.00224, 41.78448], [-69.99359, 41.78852]]}}, {"type": "Feature", "properties": {"id": "rt_7_12", "name": "Cape Cod Rail Trail (MA)", "q": "great", "t": "rail", "c": "yes"}, "geometry": {"type": "LineString", "coordinates": [[-69.98209, 41.84234], [-69.98192, 41.84252]]}}, {"type": "Feature", "properties": {"id": "rt_7_13", "name": "Cape Cod Rail Trail (MA)", "q": "great", "t": "rail", "c": "yes"}, "geometry": {"type": "LineString", "coordinates": [[-70.03273, 41.77537], [-70.0316, 41.77558]]}}, {"type": "Feature", "properties": {"id": "rt_7_14", "name": "Cape Cod Rail Trail (MA)", "q": "great", "t": "rail", "c": "yes"}, "geometry": {"type": "LineString", "coordinates": [[-70.03124, 41.77588], [-70.02066, 41.7796], [-70.01791, 41.78012]]}}, {"type": "Feature", "properties": {"id": "rt_7_15", "name": "Cape Cod Rail Trail (MA)", "q": "great", "t": "rail", "c": "yes"}, "geometry": {"type": "LineString", "coordinates": [[-70.05455, 41.76607], [-70.04796, 41.77], [-70.03273, 41.77537]]}}, {"type": "Feature", "properties": {"id": "rt_7_16", "name": "Cape Cod Rail Trail (MA)", "q": "great", "t": "rail", "c": "yes"}, "geometry": {"type": "LineString", "coordinates": [[-70.05482, 41.76592], [-70.05455, 41.76607]]}}, {"type": "Feature", "properties": {"id": "rt_7_17", "name": "Cape Cod Rail Trail (MA)", "q": "great", "t": "rail", "c": "yes"}, "geometry": {"type": "LineString", "coordinates": [[-70.08885, 41.68914], [-70.08398, 41.69616], [-70.08293, 41.69965]]}}, {"type": "Feature", "properties": {"id": "rt_7_18", "name": "Cape Cod Rail Trail (MA)", "q": "great", "t": "rail", "c": "yes"}, "geometry": {"type": "LineString", "coordinates": [[-70.06588, 41.75804], [-70.06005, 41.76263], [-70.05482, 41.76592]]}}, {"type": "Feature", "properties": {"id": "rt_7_19", "name": "Cape Cod Rail Trail (MA)", "q": "great", "t": "rail", "c": "yes"}, "geometry": {"type": "LineString", "coordinates": [[-70.08322, 41.70246], [-70.08325, 41.70276]]}}, {"type": "Feature", "properties": {"id": "rt_7_20", "name": "Cape Cod Rail Trail (MA)", "q": "great", "t": "rail", "c": "yes"}, "geometry": {"type": "LineString", "coordinates": [[-70.08443, 41.7275], [-70.08209, 41.73215], [-70.07952, 41.73528], [-70.07433, 41.74577]]}}, {"type": "Feature", "properties": {"id": "rt_7_21", "name": "Cape Cod Rail Trail (MA)", "q": "great", "t": "rail", "c": "yes"}, "geometry": {"type": "LineString", "coordinates": [[-70.09032, 41.68807], [-70.09049, 41.68799]]}}, {"type": "Feature", "properties": {"id": "rt_7_22", "name": "Cape Cod Rail Trail (MA)", "q": "great", "t": "rail", "c": "yes"}, "geometry": {"type": "LineString", "coordinates": [[-70.09088, 41.68784], [-70.10764, 41.68577]]}}, {"type": "Feature", "properties": {"id": "rt_7_23", "name": "Cape Cod Rail Trail (MA)", "q": "great", "t": "rail", "c": "yes"}, "geometry": {"type": "LineString", "coordinates": [[-70.13882, 41.68902], [-70.14924, 41.68986]]}}, {"type": "Feature", "properties": {"id": "rt_7_24", "name": "Cape Cod Rail Trail (MA)", "q": "great", "t": "rail", "c": "yes"}, "geometry": {"type": "LineString", "coordinates": [[-70.00538, 41.78395], [-70.00518, 41.78414]]}}, {"type": "Feature", "properties": {"id": "rt_7_25", "name": "Cape Cod Rail Trail (MA)", "q": "great", "t": "rail", "c": "yes"}, "geometry": {"type": "LineString", "coordinates": [[-70.21768, 41.68589], [-70.21669, 41.68671], [-70.21262, 41.68539], [-70.20899, 41.68564]]}}, {"type": "Feature", "properties": {"id": "rt_7_26", "name": "Cape Cod Rail Trail (MA)", "q": "great", "t": "rail", "c": "yes"}, "geometry": {"type": "LineString", "coordinates": [[-70.2053, 41.68644], [-70.19365, 41.68873]]}}, {"type": "Feature", "properties": {"id": "rt_7_27", "name": "Cape Cod Rail Trail (MA)", "q": "great", "t": "rail", "c": "yes"}, "geometry": {"type": "LineString", "coordinates": [[-70.15214, 41.6902], [-70.14975, 41.68999]]}}, {"type": "Feature", "properties": {"id": "rt_7_28", "name": "Cape Cod Rail Trail (MA)", "q": "great", "t": "rail", "c": "yes"}, "geometry": {"type": "LineString", "coordinates": [[-70.15382, 41.69033], [-70.1526, 41.69023]]}}, {"type": "Feature", "properties": {"id": "rt_7_29", "name": "Cape Cod Rail Trail (MA)", "q": "great", "t": "rail", "c": "yes"}, "geometry": {"type": "LineString", "coordinates": [[-70.14924, 41.68986], [-70.14975, 41.68999]]}}, {"type": "Feature", "properties": {"id": "rt_7_30", "name": "Cape Cod Rail Trail (MA)", "q": "great", "t": "rail", "c": "yes"}, "geometry": {"type": "LineString", "coordinates": [[-70.1526, 41.69023], [-70.15214, 41.6902]]}}, {"type": "Feature", "properties": {"id": "rt_7_31", "name": "Cape Cod Rail Trail (MA)", "q": "great", "t": "rail", "c": "yes"}, "geometry": {"type": "LineString", "coordinates": [[-70.156, 41.69044], [-70.15462, 41.69033]]}}, {"type": "Feature", "properties": {"id": "rt_7_32", "name": "Cape Cod Rail Trail (MA)", "q": "great", "t": "rail", "c": "yes"}, "geometry": {"type": "LineString", "coordinates": [[-70.15779, 41.6906], [-70.16175, 41.69105], [-70.16581, 41.69248], [-70.16909, 41.69303]]}}, {"type": "Feature", "properties": {"id": "rt_7_33", "name": "Cape Cod Rail Trail (MA)", "q": "great", "t": "rail", "c": "yes"}, "geometry": {"type": "LineString", "coordinates": [[-70.20899, 41.68564], [-70.2086, 41.68572]]}}, {"type": "Feature", "properties": {"id": "rt_7_34", "name": "Cape Cod Rail Trail (MA)", "q": "great", "t": "rail", "c": "yes"}, "geometry": {"type": "LineString", "coordinates": [[-69.98188, 41.83871], [-69.98197, 41.84101]]}}, {"type": "Feature", "properties": {"id": "rt_7_35", "name": "Cape Cod Rail Trail (MA)", "q": "great", "t": "rail", "c": "yes"}, "geometry": {"type": "LineString", "coordinates": [[-69.98132, 41.82306], [-69.98156, 41.83006]]}}, {"type": "Feature", "properties": {"id": "rt_7_36", "name": "Cape Cod Rail Trail (MA)", "q": "great", "t": "rail", "c": "yes"}, "geometry": {"type": "LineString", "coordinates": [[-69.98806, 41.79627], [-69.98765, 41.79779]]}}, {"type": "Feature", "properties": {"id": "rt_7_37", "name": "Cape Cod Rail Trail (MA)", "q": "great", "t": "rail", "c": "yes"}, "geometry": {"type": "LineString", "coordinates": [[-69.99286, 41.78891], [-69.9927, 41.78902]]}}, {"type": "Feature", "properties": {"id": "rt_7_38", "name": "Cape Cod Rail Trail (MA)", "q": "great", "t": "rail", "c": "yes"}, "geometry": {"type": "LineString", "coordinates": [[-70.17073, 41.69307], [-70.18175, 41.69108]]}}, {"type": "Feature", "properties": {"id": "rt_7_39", "name": "Cape Cod Rail Trail (MA)", "q": "great", "t": "rail", "c": "yes"}, "geometry": {"type": "LineString", "coordinates": [[-70.16936, 41.69303], [-70.16996, 41.69305]]}}, {"type": "Feature", "properties": {"id": "rt_7_40", "name": "Cape Cod Rail Trail (MA)", "q": "great", "t": "rail", "c": "yes"}, "geometry": {"type": "LineString", "coordinates": [[-70.16909, 41.69303], [-70.16936, 41.69303]]}}, {"type": "Feature", "properties": {"id": "rt_7_41", "name": "Cape Cod Rail Trail (MA)", "q": "great", "t": "rail", "c": "yes"}, "geometry": {"type": "LineString", "coordinates": [[-70.16996, 41.69305], [-70.17073, 41.69307]]}}, {"type": "Feature", "properties": {"id": "rt_7_42", "name": "Cape Cod Rail Trail (MA)", "q": "great", "t": "rail", "c": "yes"}, "geometry": {"type": "LineString", "coordinates": [[-70.2086, 41.68572], [-70.20556, 41.68641]]}}, {"type": "Feature", "properties": {"id": "rt_7_43", "name": "Cape Cod Rail Trail (MA)", "q": "great", "t": "rail", "c": "yes"}, "geometry": {"type": "LineString", "coordinates": [[-70.08193, 41.71327], [-70.08259, 41.71529], [-70.08395, 41.71676]]}}, {"type": "Feature", "properties": {"id": "rt_7_44", "name": "Cape Cod Rail Trail (MA)", "q": "great", "t": "rail", "c": "yes"}, "geometry": {"type": "LineString", "coordinates": [[-70.07433, 41.74577], [-70.07167, 41.75106]]}}, {"type": "Feature", "properties": {"id": "rt_7_45", "name": "Cape Cod Rail Trail (MA)", "q": "great", "t": "rail", "c": "yes"}, "geometry": {"type": "LineString", "coordinates": [[-69.99241, 41.78922], [-69.99161, 41.78962]]}}, {"type": "Feature", "properties": {"id": "rt_7_46", "name": "Cape Cod Rail Trail (MA)", "q": "great", "t": "rail", "c": "yes"}, "geometry": {"type": "LineString", "coordinates": [[-69.99359, 41.78852], [-69.99299, 41.78883]]}}, {"type": "Feature", "properties": {"id": "rt_7_47", "name": "Cape Cod Rail Trail (MA)", "q": "great", "t": "rail", "c": "yes"}, "geometry": {"type": "LineString", "coordinates": [[-69.99256, 41.78911], [-69.99241, 41.78922]]}}, {"type": "Feature", "properties": {"id": "rt_7_48", "name": "Cape Cod Rail Trail (MA)", "q": "great", "t": "rail", "c": "yes"}, "geometry": {"type": "LineString", "coordinates": [[-70.09049, 41.68799], [-70.09088, 41.68784]]}}, {"type": "Feature", "properties": {"id": "rt_7_49", "name": "Cape Cod Rail Trail (MA)", "q": "great", "t": "rail", "c": "yes"}, "geometry": {"type": "LineString", "coordinates": [[-70.09013, 41.68821], [-70.09032, 41.68807]]}}, {"type": "Feature", "properties": {"id": "rt_7_50", "name": "Cape Cod Rail Trail (MA)", "q": "great", "t": "rail", "c": "yes"}, "geometry": {"type": "LineString", "coordinates": [[-70.08917, 41.68872], [-70.08901, 41.68875]]}}, {"type": "Feature", "properties": {"id": "rt_7_51", "name": "Cape Cod Rail Trail (MA)", "q": "great", "t": "rail", "c": "yes"}, "geometry": {"type": "LineString", "coordinates": [[-70.19005, 41.68943], [-70.18337, 41.69076]]}}, {"type": "Feature", "properties": {"id": "rt_7_52", "name": "Cape Cod Rail Trail (MA)", "q": "great", "t": "rail", "c": "yes"}, "geometry": {"type": "LineString", "coordinates": [[-70.19365, 41.68873], [-70.19005, 41.68943]]}}, {"type": "Feature", "properties": {"id": "rt_7_53", "name": "Cape Cod Rail Trail (MA)", "q": "great", "t": "rail", "c": "yes"}, "geometry": {"type": "LineString", "coordinates": [[-70.18337, 41.69076], [-70.18175, 41.69108]]}}, {"type": "Feature", "properties": {"id": "rt_7_54", "name": "Cape Cod Rail Trail (MA)", "q": "great", "t": "rail", "c": "yes"}, "geometry": {"type": "LineString", "coordinates": [[-70.15627, 41.69051], [-70.15735, 41.69061]]}}, {"type": "Feature", "properties": {"id": "rt_7_55", "name": "Cape Cod Rail Trail (MA)", "q": "great", "t": "rail", "c": "yes"}, "geometry": {"type": "LineString", "coordinates": [[-70.15462, 41.69033], [-70.15382, 41.69033]]}}, {"type": "Feature", "properties": {"id": "rt_7_56", "name": "Cape Cod Rail Trail (MA)", "q": "great", "t": "rail", "c": "yes"}, "geometry": {"type": "LineString", "coordinates": [[-70.13784, 41.68896], [-70.13882, 41.68902]]}}, {"type": "Feature", "properties": {"id": "rt_7_57", "name": "Cape Cod Rail Trail (MA)", "q": "great", "t": "rail", "c": "yes"}, "geometry": {"type": "LineString", "coordinates": [[-70.1354, 41.68882], [-70.1374, 41.68893]]}}, {"type": "Feature", "properties": {"id": "rt_7_58", "name": "Cape Cod Rail Trail (MA)", "q": "great", "t": "rail", "c": "yes"}, "geometry": {"type": "LineString", "coordinates": [[-69.98172, 41.83487], [-69.98178, 41.83643]]}}, {"type": "Feature", "properties": {"id": "rt_7_59", "name": "Cape Cod Rail Trail (MA)", "q": "great", "t": "rail", "c": "yes"}, "geometry": {"type": "LineString", "coordinates": [[-69.98167, 41.83344], [-69.98172, 41.83487]]}}, {"type": "Feature", "properties": {"id": "rt_7_60", "name": "Cape Cod Rail Trail (MA)", "q": "great", "t": "rail", "c": "yes"}, "geometry": {"type": "LineString", "coordinates": [[-69.98161, 41.83139], [-69.98167, 41.83344]]}}, {"type": "Feature", "properties": {"id": "rt_7_61", "name": "Cape Cod Rail Trail (MA)", "q": "great", "t": "rail", "c": "yes"}, "geometry": {"type": "LineString", "coordinates": [[-69.98156, 41.83006], [-69.98161, 41.83139]]}}, {"type": "Feature", "properties": {"id": "rt_7_62", "name": "Cape Cod Rail Trail (MA)", "q": "great", "t": "rail", "c": "yes"}, "geometry": {"type": "LineString", "coordinates": [[-69.98654, 41.80193], [-69.98562, 41.80537]]}}, {"type": "Feature", "properties": {"id": "rt_7_63", "name": "Cape Cod Rail Trail (MA)", "q": "great", "t": "rail", "c": "yes"}, "geometry": {"type": "LineString", "coordinates": [[-69.98562, 41.80537], [-69.98541, 41.80614]]}}, {"type": "Feature", "properties": {"id": "rt_7_64", "name": "Cape Cod Rail Trail (MA)", "q": "great", "t": "rail", "c": "yes"}, "geometry": {"type": "LineString", "coordinates": [[-69.98686, 41.80072], [-69.98654, 41.80193]]}}, {"type": "Feature", "properties": {"id": "rt_7_65", "name": "Cape Cod Rail Trail (MA)", "q": "great", "t": "rail", "c": "yes"}, "geometry": {"type": "LineString", "coordinates": [[-69.98716, 41.79965], [-69.98686, 41.80072]]}}, {"type": "Feature", "properties": {"id": "rt_7_66", "name": "Cape Cod Rail Trail (MA)", "q": "great", "t": "rail", "c": "yes"}, "geometry": {"type": "LineString", "coordinates": [[-70.20556, 41.68641], [-70.2053, 41.68644]]}}, {"type": "Feature", "properties": {"id": "rt_7_67", "name": "Cape Cod Rail Trail (MA)", "q": "great", "t": "rail", "c": "yes"}, "geometry": {"type": "LineString", "coordinates": [[-70.15768, 41.6906], [-70.15779, 41.6906]]}}, {"type": "Feature", "properties": {"id": "rt_7_68", "name": "Cape Cod Rail Trail (MA)", "q": "great", "t": "rail", "c": "yes"}, "geometry": {"type": "LineString", "coordinates": [[-70.12685, 41.68829], [-70.1354, 41.68882]]}}, {"type": "Feature", "properties": {"id": "rt_7_69", "name": "Cape Cod Rail Trail (MA)", "q": "great", "t": "rail", "c": "yes"}, "geometry": {"type": "LineString", "coordinates": [[-70.12615, 41.68825], [-70.12685, 41.68829]]}}, {"type": "Feature", "properties": {"id": "rt_7_70", "name": "Cape Cod Rail Trail (MA)", "q": "great", "t": "rail", "c": "yes"}, "geometry": {"type": "LineString", "coordinates": [[-70.11719, 41.68747], [-70.12615, 41.68825]]}}, {"type": "Feature", "properties": {"id": "rt_7_71", "name": "Cape Cod Rail Trail (MA)", "q": "great", "t": "rail", "c": "yes"}, "geometry": {"type": "LineString", "coordinates": [[-70.10764, 41.68577], [-70.10894, 41.6859]]}}, {"type": "Feature", "properties": {"id": "rt_7_72", "name": "Cape Cod Rail Trail (MA)", "q": "great", "t": "rail", "c": "yes"}, "geometry": {"type": "LineString", "coordinates": [[-70.08296, 41.70015], [-70.08322, 41.70246]]}}, {"type": "Feature", "properties": {"id": "rt_7_73", "name": "Cape Cod Rail Trail (MA)", "q": "great", "t": "rail", "c": "yes"}, "geometry": {"type": "LineString", "coordinates": [[-70.08293, 41.69965], [-70.08296, 41.70015]]}}, {"type": "Feature", "properties": {"id": "rt_7_74", "name": "Cape Cod Rail Trail (MA)", "q": "great", "t": "rail", "c": "yes"}, "geometry": {"type": "LineString", "coordinates": [[-70.08325, 41.70276], [-70.08369, 41.70656]]}}, {"type": "Feature", "properties": {"id": "rt_7_75", "name": "Cape Cod Rail Trail (MA)", "q": "great", "t": "rail", "c": "yes"}, "geometry": {"type": "LineString", "coordinates": [[-70.08369, 41.70656], [-70.0838, 41.70748]]}}, {"type": "Feature", "properties": {"id": "rt_7_76", "name": "Cape Cod Rail Trail (MA)", "q": "great", "t": "rail", "c": "yes"}, "geometry": {"type": "LineString", "coordinates": [[-70.0838, 41.70748], [-70.0835, 41.70937], [-70.08201, 41.71238]]}}, {"type": "Feature", "properties": {"id": "rt_7_77", "name": "Cape Cod Rail Trail (MA)", "q": "great", "t": "rail", "c": "yes"}, "geometry": {"type": "LineString", "coordinates": [[-70.08201, 41.71238], [-70.08193, 41.71327]]}}, {"type": "Feature", "properties": {"id": "rt_7_78", "name": "Cape Cod Rail Trail (MA)", "q": "great", "t": "rail", "c": "yes"}, "geometry": {"type": "LineString", "coordinates": [[-70.08604, 41.71915], [-70.08666, 41.72203]]}}, {"type": "Feature", "properties": {"id": "rt_7_79", "name": "Cape Cod Rail Trail (MA)", "q": "great", "t": "rail", "c": "yes"}, "geometry": {"type": "LineString", "coordinates": [[-70.08666, 41.72203], [-70.08637, 41.72286]]}}, {"type": "Feature", "properties": {"id": "rt_7_80", "name": "Cape Cod Rail Trail (MA)", "q": "great", "t": "rail", "c": "yes"}, "geometry": {"type": "LineString", "coordinates": [[-70.08637, 41.72286], [-70.08506, 41.72614]]}}, {"type": "Feature", "properties": {"id": "rt_7_81", "name": "Cape Cod Rail Trail (MA)", "q": "great", "t": "rail", "c": "yes"}, "geometry": {"type": "LineString", "coordinates": [[-70.08506, 41.72614], [-70.08443, 41.7275]]}}, {"type": "Feature", "properties": {"id": "rt_7_82", "name": "Cape Cod Rail Trail (MA)", "q": "great", "t": "rail", "c": "yes"}, "geometry": {"type": "LineString", "coordinates": [[-70.07167, 41.75106], [-70.06894, 41.75597]]}}, {"type": "Feature", "properties": {"id": "rt_7_83", "name": "Cape Cod Rail Trail (MA)", "q": "great", "t": "rail", "c": "yes"}, "geometry": {"type": "LineString", "coordinates": [[-70.06894, 41.75597], [-70.06667, 41.75749]]}}, {"type": "Feature", "properties": {"id": "rt_7_84", "name": "Cape Cod Rail Trail (MA)", "q": "great", "t": "rail", "c": "yes"}, "geometry": {"type": "LineString", "coordinates": [[-70.06667, 41.75749], [-70.06588, 41.75804]]}}, {"type": "Feature", "properties": {"id": "rt_7_85", "name": "Cape Cod Rail Trail (MA)", "q": "great", "t": "rail", "c": "yes"}, "geometry": {"type": "LineString", "coordinates": [[-70.01677, 41.78027], [-70.00936, 41.78139], [-70.00538, 41.78395]]}}, {"type": "Feature", "properties": {"id": "rt_7_86", "name": "Cape Cod Rail Trail (MA)", "q": "great", "t": "rail", "c": "yes"}, "geometry": {"type": "LineString", "coordinates": [[-70.01791, 41.78012], [-70.01677, 41.78027]]}}, {"type": "Feature", "properties": {"id": "rt_7_87", "name": "Cape Cod Rail Trail (MA)", "q": "great", "t": "rail", "c": "yes"}, "geometry": {"type": "LineString", "coordinates": [[-69.98541, 41.80614], [-69.98291, 41.8156]]}}, {"type": "Feature", "properties": {"id": "rt_7_88", "name": "Cape Cod Rail Trail (MA)", "q": "great", "t": "rail", "c": "yes"}, "geometry": {"type": "LineString", "coordinates": [[-69.98291, 41.8156], [-69.98269, 41.8164]]}}, {"type": "Feature", "properties": {"id": "rt_7_89", "name": "Cape Cod Rail Trail (MA)", "q": "great", "t": "rail", "c": "yes"}, "geometry": {"type": "LineString", "coordinates": [[-69.98269, 41.8164], [-69.98134, 41.82218]]}}, {"type": "Feature", "properties": {"id": "rt_7_90", "name": "Cape Cod Rail Trail (MA)", "q": "great", "t": "rail", "c": "yes"}, "geometry": {"type": "LineString", "coordinates": [[-69.98178, 41.83643], [-69.98183, 41.83711]]}}, {"type": "Feature", "properties": {"id": "rt_7_91", "name": "Cape Cod Rail Trail (MA)", "q": "great", "t": "rail", "c": "yes"}, "geometry": {"type": "LineString", "coordinates": [[-69.98183, 41.83711], [-69.98188, 41.83871]]}}, {"type": "Feature", "properties": {"id": "rt_7_92", "name": "Cape Cod Rail Trail (MA)", "q": "great", "t": "rail", "c": "yes"}, "geometry": {"type": "LineString", "coordinates": [[-69.98197, 41.84101], [-69.98209, 41.84234]]}}, {"type": "Feature", "properties": {"id": "rt_7_93", "name": "Cape Cod Rail Trail (MA)", "q": "great", "t": "rail", "c": "yes"}, "geometry": {"type": "LineString", "coordinates": [[-69.98192, 41.84252], [-69.98206, 41.84393]]}}, {"type": "Feature", "properties": {"id": "rt_7_94", "name": "Cape Cod Rail Trail (MA)", "q": "great", "t": "rail", "c": "yes"}, "geometry": {"type": "LineString", "coordinates": [[-69.98421, 41.90477], [-69.98474, 41.91188], [-69.98758, 41.91591]]}}, {"type": "Feature", "properties": {"id": "rt_7_95", "name": "Cape Cod Rail Trail (MA)", "q": "great", "t": "rail", "c": "yes"}, "geometry": {"type": "LineString", "coordinates": [[-69.98339, 41.88184], [-69.98346, 41.88394]]}}, {"type": "Feature", "properties": {"id": "rt_7_96", "name": "Cape Cod Rail Trail (MA)", "q": "great", "t": "rail", "c": "yes"}, "geometry": {"type": "LineString", "coordinates": [[-69.98374, 41.89182], [-69.98392, 41.89698]]}}, {"type": "Feature", "properties": {"id": "rt_7_97", "name": "Cape Cod Rail Trail (MA)", "q": "great", "t": "rail", "c": "yes"}, "geometry": {"type": "LineString", "coordinates": [[-69.98392, 41.89698], [-69.98399, 41.89874]]}}, {"type": "Feature", "properties": {"id": "rt_7_98", "name": "Cape Cod Rail Trail (MA)", "q": "great", "t": "rail", "c": "yes"}, "geometry": {"type": "LineString", "coordinates": [[-69.98758, 41.91591], [-69.98843, 41.91699]]}}, {"type": "Feature", "properties": {"id": "rt_7_99", "name": "Cape Cod Rail Trail (MA)", "q": "great", "t": "rail", "c": "yes"}, "geometry": {"type": "LineString", "coordinates": [[-69.98843, 41.91699], [-69.98847, 41.91703]]}}, {"type": "Feature", "properties": {"id": "rt_7_100", "name": "Cape Cod Rail Trail (MA)", "q": "great", "t": "rail", "c": "yes"}, "geometry": {"type": "LineString", "coordinates": [[-69.98335, 41.88046], [-69.98339, 41.88184]]}}, {"type": "Feature", "properties": {"id": "rt_7_101", "name": "Cape Cod Rail Trail (MA)", "q": "great", "t": "rail", "c": "yes"}, "geometry": {"type": "LineString", "coordinates": [[-69.98346, 41.88394], [-69.98369, 41.89036]]}}, {"type": "Feature", "properties": {"id": "rt_7_102", "name": "Cape Cod Rail Trail (MA)", "q": "great", "t": "rail", "c": "yes"}, "geometry": {"type": "LineString", "coordinates": [[-69.98369, 41.89036], [-69.98374, 41.89182]]}}, {"type": "Feature", "properties": {"id": "rt_7_103", "name": "Cape Cod Rail Trail (MA)", "q": "great", "t": "rail", "c": "yes"}, "geometry": {"type": "LineString", "coordinates": [[-70.1374, 41.68893], [-70.13784, 41.68896]]}}, {"type": "Feature", "properties": {"id": "rt_7_104", "name": "Cape Cod Rail Trail (MA)", "q": "great", "t": "rail", "c": "yes"}, "geometry": {"type": "LineString", "coordinates": [[-70.15735, 41.69061], [-70.15768, 41.6906]]}}, {"type": "Feature", "properties": {"id": "rt_7_105", "name": "Cape Cod Rail Trail (MA)", "q": "great", "t": "rail", "c": "yes"}, "geometry": {"type": "LineString", "coordinates": [[-70.156, 41.69044], [-70.15627, 41.69051]]}}, {"type": "Feature", "properties": {"id": "rt_7_106", "name": "Cape Cod Rail Trail (MA)", "q": "great", "t": "rail", "c": "yes"}, "geometry": {"type": "LineString", "coordinates": [[-69.99299, 41.78883], [-69.99286, 41.78891]]}}, {"type": "Feature", "properties": {"id": "rt_7_107", "name": "Cape Cod Rail Trail (MA)", "q": "great", "t": "rail", "c": "yes"}, "geometry": {"type": "LineString", "coordinates": [[-69.9927, 41.78902], [-69.99256, 41.78911]]}}, {"type": "Feature", "properties": {"id": "rt_7_108", "name": "Cape Cod Rail Trail (MA)", "q": "great", "t": "rail", "c": "yes"}, "geometry": {"type": "LineString", "coordinates": [[-70.08439, 41.71709], [-70.08604, 41.71915]]}}, {"type": "Feature", "properties": {"id": "rt_7_109", "name": "Cape Cod Rail Trail (MA)", "q": "great", "t": "rail", "c": "yes"}, "geometry": {"type": "LineString", "coordinates": [[-70.08395, 41.71676], [-70.08439, 41.71709]]}}, {"type": "Feature", "properties": {"id": "rt_7_110", "name": "Cape Cod Rail Trail (MA)", "q": "great", "t": "rail", "c": "yes"}, "geometry": {"type": "LineString", "coordinates": [[-69.98134, 41.82218], [-69.98132, 41.82306]]}}, {"type": "Feature", "properties": {"id": "rt_7_111", "name": "Cape Cod Rail Trail (MA)", "q": "great", "t": "rail", "c": "yes"}, "geometry": {"type": "LineString", "coordinates": [[-70.10894, 41.6859], [-70.11719, 41.68747]]}}, {"type": "Feature", "properties": {"id": "rt_7_112", "name": "Cape Cod Rail Trail (MA)", "q": "great", "t": "rail", "c": "yes"}, "geometry": {"type": "LineString", "coordinates": [[-70.0023, 41.78446], [-70.00224, 41.78448]]}}, {"type": "Feature", "properties": {"id": "rt_7_113", "name": "Cape Cod Rail Trail (MA)", "q": "great", "t": "rail", "c": "yes"}, "geometry": {"type": "LineString", "coordinates": [[-69.98399, 41.89874], [-69.9842, 41.90467]]}}, {"type": "Feature", "properties": {"id": "rt_7_114", "name": "Cape Cod Rail Trail (MA)", "q": "great", "t": "rail", "c": "yes"}, "geometry": {"type": "LineString", "coordinates": [[-69.9842, 41.90467], [-69.98421, 41.90477]]}}, {"type": "Feature", "properties": {"id": "rt_8_0", "name": "East Bay Bike Path (RI)", "q": "great", "t": "rail", "c": "yes"}, "geometry": {"type": "LineString", "coordinates": [[-71.35388, 41.76061], [-71.35285, 41.75908]]}}, {"type": "Feature", "properties": {"id": "rt_8_1", "name": "East Bay Bike Path (RI)", "q": "great", "t": "rail", "c": "yes"}, "geometry": {"type": "LineString", "coordinates": [[-71.38293, 41.80224], [-71.37968, 41.79816]]}}, {"type": "Feature", "properties": {"id": "rt_8_2", "name": "East Bay Bike Path (RI)", "q": "great", "t": "rail", "c": "yes"}, "geometry": {"type": "LineString", "coordinates": [[-71.38477, 41.81594], [-71.38699, 41.81487], [-71.38851, 41.81327], [-71.3876, 41.81204], [-71.38729, 41.8093], [-71.38217, 41.80349], [-71.38293, 41.80224]]}}, {"type": "Feature", "properties": {"id": "rt_8_3", "name": "East Bay Bike Path (RI)", "q": "great", "t": "rail", "c": "yes"}, "geometry": {"type": "LineString", "coordinates": [[-71.38333, 41.81863], [-71.38263, 41.81809], [-71.3834, 41.81813]]}}, {"type": "Feature", "properties": {"id": "rt_8_4", "name": "East Bay Bike Path (RI)", "q": "great", "t": "rail", "c": "yes"}, "geometry": {"type": "LineString", "coordinates": [[-71.35393, 41.76067], [-71.35388, 41.76061]]}}, {"type": "Feature", "properties": {"id": "rt_8_5", "name": "East Bay Bike Path (RI)", "q": "great", "t": "rail", "c": "yes"}, "geometry": {"type": "LineString", "coordinates": [[-71.38347, 41.8187], [-71.38333, 41.81863]]}}, {"type": "Feature", "properties": {"id": "rt_8_6", "name": "East Bay Bike Path (RI)", "q": "great", "t": "rail", "c": "yes"}, "geometry": {"type": "LineString", "coordinates": [[-71.38384, 41.81881], [-71.38369, 41.81879]]}}, {"type": "Feature", "properties": {"id": "rt_8_7", "name": "East Bay Bike Path (RI)", "q": "great", "t": "rail", "c": "yes"}, "geometry": {"type": "LineString", "coordinates": [[-71.36379, 41.77448], [-71.36351, 41.77417]]}}, {"type": "Feature", "properties": {"id": "rt_8_8", "name": "East Bay Bike Path (RI)", "q": "great", "t": "rail", "c": "yes"}, "geometry": {"type": "LineString", "coordinates": [[-71.36351, 41.77417], [-71.36269, 41.77266]]}}, {"type": "Feature", "properties": {"id": "rt_8_9", "name": "East Bay Bike Path (RI)", "q": "great", "t": "rail", "c": "yes"}, "geometry": {"type": "LineString", "coordinates": [[-71.37955, 41.798], [-71.37576, 41.79364]]}}, {"type": "Feature", "properties": {"id": "rt_8_10", "name": "East Bay Bike Path (RI)", "q": "great", "t": "rail", "c": "yes"}, "geometry": {"type": "LineString", "coordinates": [[-71.37968, 41.79816], [-71.37955, 41.798]]}}, {"type": "Feature", "properties": {"id": "rt_8_11", "name": "East Bay Bike Path (RI)", "q": "great", "t": "rail", "c": "yes"}, "geometry": {"type": "LineString", "coordinates": [[-71.37045, 41.78753], [-71.36956, 41.78339], [-71.3661, 41.77921], [-71.36379, 41.77448]]}}, {"type": "Feature", "properties": {"id": "rt_8_12", "name": "East Bay Bike Path (RI)", "q": "great", "t": "rail", "c": "yes"}, "geometry": {"type": "LineString", "coordinates": [[-71.37193, 41.78987], [-71.37188, 41.78982]]}}, {"type": "Feature", "properties": {"id": "rt_8_13", "name": "East Bay Bike Path (RI)", "q": "great", "t": "rail", "c": "yes"}, "geometry": {"type": "LineString", "coordinates": [[-71.29064, 41.73763], [-71.29053, 41.73768]]}}, {"type": "Feature", "properties": {"id": "rt_8_14", "name": "East Bay Bike Path (RI)", "q": "great", "t": "rail", "c": "yes"}, "geometry": {"type": "LineString", "coordinates": [[-71.2943, 41.73766], [-71.2942, 41.7377]]}}, {"type": "Feature", "properties": {"id": "rt_8_15", "name": "East Bay Bike Path (RI)", "q": "great", "t": "rail", "c": "yes"}, "geometry": {"type": "LineString", "coordinates": [[-71.2942, 41.7377], [-71.29064, 41.73763]]}}, {"type": "Feature", "properties": {"id": "rt_8_16", "name": "East Bay Bike Path (RI)", "q": "great", "t": "rail", "c": "yes"}, "geometry": {"type": "LineString", "coordinates": [[-71.29615, 41.73766], [-71.29513, 41.73767]]}}, {"type": "Feature", "properties": {"id": "rt_8_17", "name": "East Bay Bike Path (RI)", "q": "great", "t": "rail", "c": "yes"}, "geometry": {"type": "LineString", "coordinates": [[-71.29513, 41.73767], [-71.2943, 41.73766]]}}, {"type": "Feature", "properties": {"id": "rt_8_18", "name": "East Bay Bike Path (RI)", "q": "great", "t": "rail", "c": "yes"}, "geometry": {"type": "LineString", "coordinates": [[-71.37301, 41.79097], [-71.37297, 41.79093]]}}, {"type": "Feature", "properties": {"id": "rt_8_19", "name": "East Bay Bike Path (RI)", "q": "great", "t": "rail", "c": "yes"}, "geometry": {"type": "LineString", "coordinates": [[-71.37294, 41.7909], [-71.37193, 41.78987]]}}, {"type": "Feature", "properties": {"id": "rt_8_20", "name": "East Bay Bike Path (RI)", "q": "great", "t": "rail", "c": "yes"}, "geometry": {"type": "LineString", "coordinates": [[-71.3626, 41.77259], [-71.36163, 41.77111]]}}, {"type": "Feature", "properties": {"id": "rt_8_21", "name": "East Bay Bike Path (RI)", "q": "great", "t": "rail", "c": "yes"}, "geometry": {"type": "LineString", "coordinates": [[-71.36269, 41.77266], [-71.3626, 41.77259]]}}, {"type": "Feature", "properties": {"id": "rt_8_22", "name": "East Bay Bike Path (RI)", "q": "great", "t": "rail", "c": "yes"}, "geometry": {"type": "LineString", "coordinates": [[-71.36155, 41.77098], [-71.35393, 41.76067]]}}, {"type": "Feature", "properties": {"id": "rt_8_23", "name": "East Bay Bike Path (RI)", "q": "great", "t": "rail", "c": "yes"}, "geometry": {"type": "LineString", "coordinates": [[-71.36163, 41.77111], [-71.36155, 41.77098]]}}, {"type": "Feature", "properties": {"id": "rt_8_24", "name": "East Bay Bike Path (RI)", "q": "great", "t": "rail", "c": "yes"}, "geometry": {"type": "LineString", "coordinates": [[-71.35083, 41.75651], [-71.34147, 41.74416], [-71.33714, 41.74087], [-71.33156, 41.73853]]}}, {"type": "Feature", "properties": {"id": "rt_8_25", "name": "East Bay Bike Path (RI)", "q": "great", "t": "rail", "c": "yes"}, "geometry": {"type": "LineString", "coordinates": [[-71.35285, 41.75908], [-71.35278, 41.75893]]}}, {"type": "Feature", "properties": {"id": "rt_8_26", "name": "East Bay Bike Path (RI)", "q": "great", "t": "rail", "c": "yes"}, "geometry": {"type": "LineString", "coordinates": [[-71.29053, 41.73768], [-71.28994, 41.73776]]}}, {"type": "Feature", "properties": {"id": "rt_8_27", "name": "East Bay Bike Path (RI)", "q": "great", "t": "rail", "c": "yes"}, "geometry": {"type": "LineString", "coordinates": [[-71.28994, 41.73776], [-71.28887, 41.73779]]}}, {"type": "Feature", "properties": {"id": "rt_8_28", "name": "East Bay Bike Path (RI)", "q": "great", "t": "rail", "c": "yes"}, "geometry": {"type": "LineString", "coordinates": [[-71.28789, 41.73771], [-71.28487, 41.73636]]}}, {"type": "Feature", "properties": {"id": "rt_8_29", "name": "East Bay Bike Path (RI)", "q": "great", "t": "rail", "c": "yes"}, "geometry": {"type": "LineString", "coordinates": [[-71.3757, 41.79358], [-71.37301, 41.79097]]}}, {"type": "Feature", "properties": {"id": "rt_8_30", "name": "East Bay Bike Path (RI)", "q": "great", "t": "rail", "c": "yes"}, "geometry": {"type": "LineString", "coordinates": [[-71.37576, 41.79364], [-71.3757, 41.79358]]}}, {"type": "Feature", "properties": {"id": "rt_8_31", "name": "East Bay Bike Path (RI)", "q": "great", "t": "rail", "c": "yes"}, "geometry": {"type": "LineString", "coordinates": [[-71.28887, 41.73779], [-71.28789, 41.73771]]}}, {"type": "Feature", "properties": {"id": "rt_8_32", "name": "East Bay Bike Path (RI)", "q": "great", "t": "rail", "c": "yes"}, "geometry": {"type": "LineString", "coordinates": [[-71.28063, 41.73028], [-71.28063, 41.73022]]}}, {"type": "Feature", "properties": {"id": "rt_8_33", "name": "East Bay Bike Path (RI)", "q": "great", "t": "rail", "c": "yes"}, "geometry": {"type": "LineString", "coordinates": [[-71.28071, 41.73067], [-71.28063, 41.73028]]}}, {"type": "Feature", "properties": {"id": "rt_8_34", "name": "East Bay Bike Path (RI)", "q": "great", "t": "rail", "c": "yes"}, "geometry": {"type": "LineString", "coordinates": [[-71.28074, 41.73081], [-71.28071, 41.73067]]}}, {"type": "Feature", "properties": {"id": "rt_8_35", "name": "East Bay Bike Path (RI)", "q": "great", "t": "rail", "c": "yes"}, "geometry": {"type": "LineString", "coordinates": [[-71.28099, 41.73206], [-71.28074, 41.73081]]}}, {"type": "Feature", "properties": {"id": "rt_8_36", "name": "East Bay Bike Path (RI)", "q": "great", "t": "rail", "c": "yes"}, "geometry": {"type": "LineString", "coordinates": [[-71.281, 41.73214], [-71.28099, 41.73206]]}}, {"type": "Feature", "properties": {"id": "rt_8_37", "name": "East Bay Bike Path (RI)", "q": "great", "t": "rail", "c": "yes"}, "geometry": {"type": "LineString", "coordinates": [[-71.28162, 41.73359], [-71.281, 41.73214]]}}, {"type": "Feature", "properties": {"id": "rt_8_38", "name": "East Bay Bike Path (RI)", "q": "great", "t": "rail", "c": "yes"}, "geometry": {"type": "LineString", "coordinates": [[-71.28166, 41.73364], [-71.28164, 41.73361]]}}, {"type": "Feature", "properties": {"id": "rt_8_39", "name": "East Bay Bike Path (RI)", "q": "great", "t": "rail", "c": "yes"}, "geometry": {"type": "LineString", "coordinates": [[-71.28282, 41.73487], [-71.28166, 41.73364]]}}, {"type": "Feature", "properties": {"id": "rt_8_40", "name": "East Bay Bike Path (RI)", "q": "great", "t": "rail", "c": "yes"}, "geometry": {"type": "LineString", "coordinates": [[-71.28288, 41.73493], [-71.28282, 41.73487]]}}, {"type": "Feature", "properties": {"id": "rt_8_41", "name": "East Bay Bike Path (RI)", "q": "great", "t": "rail", "c": "yes"}, "geometry": {"type": "LineString", "coordinates": [[-71.28481, 41.73633], [-71.28288, 41.73493]]}}, {"type": "Feature", "properties": {"id": "rt_8_42", "name": "East Bay Bike Path (RI)", "q": "great", "t": "rail", "c": "yes"}, "geometry": {"type": "LineString", "coordinates": [[-71.28487, 41.73636], [-71.28481, 41.73633]]}}, {"type": "Feature", "properties": {"id": "rt_8_43", "name": "East Bay Bike Path (RI)", "q": "great", "t": "rail", "c": "yes"}, "geometry": {"type": "LineString", "coordinates": [[-71.30436, 41.73768], [-71.29798, 41.73764]]}}, {"type": "Feature", "properties": {"id": "rt_8_44", "name": "East Bay Bike Path (RI)", "q": "great", "t": "rail", "c": "yes"}, "geometry": {"type": "LineString", "coordinates": [[-71.30456, 41.73758], [-71.30436, 41.73768]]}}, {"type": "Feature", "properties": {"id": "rt_8_45", "name": "East Bay Bike Path (RI)", "q": "great", "t": "rail", "c": "yes"}, "geometry": {"type": "LineString", "coordinates": [[-71.3121, 41.73746], [-71.30456, 41.73758]]}}, {"type": "Feature", "properties": {"id": "rt_8_46", "name": "East Bay Bike Path (RI)", "q": "great", "t": "rail", "c": "yes"}, "geometry": {"type": "LineString", "coordinates": [[-71.31223, 41.73746], [-71.3121, 41.73746]]}}, {"type": "Feature", "properties": {"id": "rt_8_47", "name": "East Bay Bike Path (RI)", "q": "great", "t": "rail", "c": "yes"}, "geometry": {"type": "LineString", "coordinates": [[-71.32985, 41.73805], [-71.32484, 41.73746], [-71.31223, 41.73746]]}}, {"type": "Feature", "properties": {"id": "rt_8_48", "name": "East Bay Bike Path (RI)", "q": "great", "t": "rail", "c": "yes"}, "geometry": {"type": "LineString", "coordinates": [[-71.32999, 41.73802], [-71.32985, 41.73805]]}}, {"type": "Feature", "properties": {"id": "rt_8_49", "name": "East Bay Bike Path (RI)", "q": "great", "t": "rail", "c": "yes"}, "geometry": {"type": "LineString", "coordinates": [[-71.3315, 41.73847], [-71.32999, 41.73802]]}}, {"type": "Feature", "properties": {"id": "rt_8_50", "name": "East Bay Bike Path (RI)", "q": "great", "t": "rail", "c": "yes"}, "geometry": {"type": "LineString", "coordinates": [[-71.33156, 41.73853], [-71.3315, 41.73847]]}}, {"type": "Feature", "properties": {"id": "rt_8_51", "name": "East Bay Bike Path (RI)", "q": "great", "t": "rail", "c": "yes"}, "geometry": {"type": "LineString", "coordinates": [[-71.37297, 41.79093], [-71.37294, 41.7909]]}}, {"type": "Feature", "properties": {"id": "rt_8_52", "name": "East Bay Bike Path (RI)", "q": "great", "t": "rail", "c": "yes"}, "geometry": {"type": "LineString", "coordinates": [[-71.37188, 41.78982], [-71.37045, 41.78753]]}}, {"type": "Feature", "properties": {"id": "rt_8_53", "name": "East Bay Bike Path (RI)", "q": "great", "t": "rail", "c": "yes"}, "geometry": {"type": "LineString", "coordinates": [[-71.38369, 41.81879], [-71.38347, 41.8187]]}}, {"type": "Feature", "properties": {"id": "rt_8_54", "name": "East Bay Bike Path (RI)", "q": "great", "t": "rail", "c": "yes"}, "geometry": {"type": "LineString", "coordinates": [[-71.28164, 41.73361], [-71.28162, 41.73359]]}}, {"type": "Feature", "properties": {"id": "rt_8_55", "name": "East Bay Bike Path (RI)", "q": "great", "t": "rail", "c": "yes"}, "geometry": {"type": "LineString", "coordinates": [[-71.29798, 41.73764], [-71.29615, 41.73766]]}}, {"type": "Feature", "properties": {"id": "rt_8_56", "name": "East Bay Bike Path (RI)", "q": "great", "t": "rail", "c": "yes"}, "geometry": {"type": "LineString", "coordinates": [[-71.35278, 41.75893], [-71.3509, 41.7566]]}}, {"type": "Feature", "properties": {"id": "rt_8_57", "name": "East Bay Bike Path (RI)", "q": "great", "t": "rail", "c": "yes"}, "geometry": {"type": "LineString", "coordinates": [[-71.3509, 41.7566], [-71.35083, 41.75651]]}}, {"type": "Feature", "properties": {"id": "rt_9_0", "name": "Blackstone River Bikeway (RI)", "q": "great", "t": "rail", "c": "yes"}, "geometry": {"type": "LineString", "coordinates": [[-71.39477, 41.90251], [-71.396, 41.90248], [-71.39679, 41.90383]]}}, {"type": "Feature", "properties": {"id": "rt_9_1", "name": "Blackstone River Bikeway (RI)", "q": "great", "t": "rail", "c": "yes"}, "geometry": {"type": "LineString", "coordinates": [[-71.40275, 41.91096], [-71.40295, 41.91154]]}}, {"type": "Feature", "properties": {"id": "rt_9_2", "name": "Blackstone River Bikeway (RI)", "q": "great", "t": "rail", "c": "yes"}, "geometry": {"type": "LineString", "coordinates": [[-71.45106, 41.95139], [-71.45164, 41.95186]]}}, {"type": "Feature", "properties": {"id": "rt_9_3", "name": "Blackstone River Bikeway (RI)", "q": "great", "t": "rail", "c": "yes"}, "geometry": {"type": "LineString", "coordinates": [[-71.434, 41.93794], [-71.43351, 41.93821]]}}, {"type": "Feature", "properties": {"id": "rt_9_4", "name": "Blackstone River Bikeway (RI)", "q": "great", "t": "rail", "c": "yes"}, "geometry": {"type": "LineString", "coordinates": [[-71.39914, 41.90636], [-71.4007, 41.90664]]}}, {"type": "Feature", "properties": {"id": "rt_9_5", "name": "Blackstone River Bikeway (RI)", "q": "great", "t": "rail", "c": "yes"}, "geometry": {"type": "LineString", "coordinates": [[-71.39697, 41.90518], [-71.39766, 41.9063], [-71.39914, 41.90636]]}}, {"type": "Feature", "properties": {"id": "rt_9_6", "name": "Blackstone River Bikeway (RI)", "q": "great", "t": "rail", "c": "yes"}, "geometry": {"type": "LineString", "coordinates": [[-71.4007, 41.90664], [-71.40275, 41.91096]]}}, {"type": "Feature", "properties": {"id": "rt_9_7", "name": "Blackstone River Bikeway (RI)", "q": "great", "t": "rail", "c": "yes"}, "geometry": {"type": "LineString", "coordinates": [[-71.40864, 41.91245], [-71.41038, 41.91324], [-71.41555, 41.91703], [-71.42283, 41.91995], [-71.42545, 41.92192], [-71.42917, 41.92368], [-71.43123, 41.92693]]}}, {"type": "Feature", "properties": {"id": "rt_9_8", "name": "Blackstone River Bikeway (RI)", "q": "great", "t": "rail", "c": "yes"}, "geometry": {"type": "LineString", "coordinates": [[-71.40295, 41.91154], [-71.40573, 41.9112], [-71.40874, 41.91365]]}}, {"type": "Feature", "properties": {"id": "rt_9_9", "name": "Blackstone River Bikeway (RI)", "q": "great", "t": "rail", "c": "yes"}, "geometry": {"type": "LineString", "coordinates": [[-71.43351, 41.93821], [-71.43298, 41.93861], [-71.43422, 41.93996], [-71.43742, 41.94333], [-71.44092, 41.94577], [-71.44304, 41.9484], [-71.4489, 41.95025], [-71.45106, 41.95139]]}}, {"type": "Feature", "properties": {"id": "rt_9_10", "name": "Blackstone River Bikeway (RI)", "q": "great", "t": "rail", "c": "yes"}, "geometry": {"type": "LineString", "coordinates": [[-71.46258, 41.95753], [-71.46384, 41.9593], [-71.46513, 41.96549], [-71.46859, 41.96976], [-71.47104, 41.97119], [-71.47512, 41.97258], [-71.4805, 41.97676], [-71.48277, 41.97757], [-71.48611, 41.97775], [-71.48791, 41.9785]]}}, {"type": "Feature", "properties": {"id": "rt_9_11", "name": "Blackstone River Bikeway (RI)", "q": "great", "t": "rail", "c": "yes"}, "geometry": {"type": "LineString", "coordinates": [[-71.40874, 41.91365], [-71.40864, 41.91245]]}}, {"type": "Feature", "properties": {"id": "rt_9_12", "name": "Blackstone River Bikeway (RI)", "q": "great", "t": "rail", "c": "yes"}, "geometry": {"type": "LineString", "coordinates": [[-71.39679, 41.90383], [-71.39728, 41.90469], [-71.39697, 41.90518]]}}, {"type": "Feature", "properties": {"id": "rt_9_13", "name": "Blackstone River Bikeway (RI)", "q": "great", "t": "rail", "c": "yes"}, "geometry": {"type": "LineString", "coordinates": [[-71.3834, 41.82676], [-71.3835, 41.82614], [-71.38453, 41.82534], [-71.38558, 41.82516], [-71.38746, 41.82386], [-71.3888, 41.82211]]}}, {"type": "Feature", "properties": {"id": "rt_9_14", "name": "Blackstone River Bikeway (RI)", "q": "great", "t": "rail", "c": "yes"}, "geometry": {"type": "LineString", "coordinates": [[-71.3888, 41.82211], [-71.3888, 41.82204]]}}, {"type": "Feature", "properties": {"id": "rt_9_15", "name": "Blackstone River Bikeway (RI)", "q": "great", "t": "rail", "c": "yes"}, "geometry": {"type": "LineString", "coordinates": [[-71.3888, 41.82204], [-71.38901, 41.82126], [-71.38963, 41.82123]]}}, {"type": "Feature", "properties": {"id": "rt_9_16", "name": "Blackstone River Bikeway (RI)", "q": "great", "t": "rail", "c": "yes"}, "geometry": {"type": "LineString", "coordinates": [[-71.51488, 42.00036], [-71.51301, 42.00249], [-71.51098, 42.00342], [-71.51026, 42.00486]]}}, {"type": "Feature", "properties": {"id": "rt_9_17", "name": "Blackstone River Bikeway (RI)", "q": "great", "t": "rail", "c": "yes"}, "geometry": {"type": "LineString", "coordinates": [[-71.488, 41.97855], [-71.48914, 41.97957], [-71.49125, 41.98378], [-71.4931, 41.99033], [-71.49256, 41.99103], [-71.4934, 41.99524], [-71.49386, 41.99612], [-71.49462, 41.99612], [-71.49482, 41.99717], [-71.49587, 41.99852], [-71.49841, 42.00026]]}}, {"type": "Feature", "properties": {"id": "rt_9_18", "name": "Blackstone River Bikeway (RI)", "q": "great", "t": "rail", "c": "yes"}, "geometry": {"type": "LineString", "coordinates": [[-71.48791, 41.9785], [-71.488, 41.97855]]}}, {"type": "Feature", "properties": {"id": "rt_9_19", "name": "Blackstone River Bikeway (RI)", "q": "great", "t": "rail", "c": "yes"}, "geometry": {"type": "LineString", "coordinates": [[-71.43131, 41.92712], [-71.43143, 41.92985], [-71.43272, 41.93203], [-71.43297, 41.93548], [-71.43249, 41.93618], [-71.434, 41.93794]]}}, {"type": "Feature", "properties": {"id": "rt_9_20", "name": "Blackstone River Bikeway (RI)", "q": "great", "t": "rail", "c": "yes"}, "geometry": {"type": "LineString", "coordinates": [[-71.43123, 41.92693], [-71.43131, 41.92712]]}}, {"type": "Feature", "properties": {"id": "rt_9_21", "name": "Blackstone River Bikeway (RI)", "q": "great", "t": "rail", "c": "yes"}, "geometry": {"type": "LineString", "coordinates": [[-71.51736, 42.0], [-71.51488, 42.00036]]}}, {"type": "Feature", "properties": {"id": "rt_9_22", "name": "Blackstone River Bikeway (RI)", "q": "great", "t": "rail", "c": "yes"}, "geometry": {"type": "LineString", "coordinates": [[-71.45164, 41.95186], [-71.45722, 41.95602], [-71.4625, 41.95748]]}}, {"type": "Feature", "properties": {"id": "rt_9_23", "name": "Blackstone River Bikeway (RI)", "q": "great", "t": "rail", "c": "yes"}, "geometry": {"type": "LineString", "coordinates": [[-71.4625, 41.95748], [-71.46258, 41.95753]]}}, {"type": "Feature", "properties": {"id": "rt_10_0", "name": "Washington Secondary / Trestle Trail (RI)", "q": "great", "t": "rail", "c": "yes"}, "geometry": {"type": "LineString", "coordinates": [[-71.63523, 41.70112], [-71.62878, 41.70335]]}}, {"type": "Feature", "properties": {"id": "rt_10_1", "name": "Washington Secondary / Trestle Trail (RI)", "q": "great", "t": "rail", "c": "yes"}, "geometry": {"type": "LineString", "coordinates": [[-71.44332, 41.80143], [-71.44344, 41.80147]]}}, {"type": "Feature", "properties": {"id": "rt_10_2", "name": "Washington Secondary / Trestle Trail (RI)", "q": "great", "t": "rail", "c": "yes"}, "geometry": {"type": "LineString", "coordinates": [[-71.60156, 41.70123], [-71.60022, 41.70096]]}}, {"type": "Feature", "properties": {"id": "rt_10_3", "name": "Washington Secondary / Trestle Trail (RI)", "q": "great", "t": "rail", "c": "yes"}, "geometry": {"type": "LineString", "coordinates": [[-71.54861, 41.69423], [-71.54634, 41.69533], [-71.54243, 41.69549]]}}, {"type": "Feature", "properties": {"id": "rt_10_4", "name": "Washington Secondary / Trestle Trail (RI)", "q": "great", "t": "rail", "c": "yes"}, "geometry": {"type": "LineString", "coordinates": [[-71.54115, 41.69534], [-71.53643, 41.69481], [-71.53406, 41.69507]]}}, {"type": "Feature", "properties": {"id": "rt_10_5", "name": "Washington Secondary / Trestle Trail (RI)", "q": "great", "t": "rail", "c": "yes"}, "geometry": {"type": "LineString", "coordinates": [[-71.54909, 41.69399], [-71.54861, 41.69423]]}}, {"type": "Feature", "properties": {"id": "rt_10_6", "name": "Washington Secondary / Trestle Trail (RI)", "q": "great", "t": "rail", "c": "yes"}, "geometry": {"type": "LineString", "coordinates": [[-71.54243, 41.69549], [-71.54115, 41.69534]]}}, {"type": "Feature", "properties": {"id": "rt_10_7", "name": "Washington Secondary / Trestle Trail (RI)", "q": "great", "t": "rail", "c": "yes"}, "geometry": {"type": "LineString", "coordinates": [[-71.62878, 41.70335], [-71.62794, 41.70353]]}}, {"type": "Feature", "properties": {"id": "rt_10_8", "name": "Washington Secondary / Trestle Trail (RI)", "q": "great", "t": "rail", "c": "yes"}, "geometry": {"type": "LineString", "coordinates": [[-71.62794, 41.70353], [-71.61935, 41.7043], [-71.61176, 41.70328]]}}, {"type": "Feature", "properties": {"id": "rt_10_9", "name": "Washington Secondary / Trestle Trail (RI)", "q": "great", "t": "rail", "c": "yes"}, "geometry": {"type": "LineString", "coordinates": [[-71.51269, 41.71523], [-71.51102, 41.71476]]}}, {"type": "Feature", "properties": {"id": "rt_10_10", "name": "Washington Secondary / Trestle Trail (RI)", "q": "great", "t": "rail", "c": "yes"}, "geometry": {"type": "LineString", "coordinates": [[-71.47952, 41.7463], [-71.47945, 41.74654]]}}, {"type": "Feature", "properties": {"id": "rt_10_11", "name": "Washington Secondary / Trestle Trail (RI)", "q": "great", "t": "rail", "c": "yes"}, "geometry": {"type": "LineString", "coordinates": [[-71.47945, 41.74654], [-71.47221, 41.77021], [-71.4702, 41.77406], [-71.4669, 41.77845]]}}, {"type": "Feature", "properties": {"id": "rt_10_12", "name": "Washington Secondary / Trestle Trail (RI)", "q": "great", "t": "rail", "c": "yes"}, "geometry": {"type": "LineString", "coordinates": [[-71.48576, 41.7255], [-71.48549, 41.72641]]}}, {"type": "Feature", "properties": {"id": "rt_10_13", "name": "Washington Secondary / Trestle Trail (RI)", "q": "great", "t": "rail", "c": "yes"}, "geometry": {"type": "LineString", "coordinates": [[-71.48549, 41.72641], [-71.48395, 41.73164]]}}, {"type": "Feature", "properties": {"id": "rt_10_14", "name": "Washington Secondary / Trestle Trail (RI)", "q": "great", "t": "rail", "c": "yes"}, "geometry": {"type": "LineString", "coordinates": [[-71.52026, 41.7138], [-71.52004, 41.71398]]}}, {"type": "Feature", "properties": {"id": "rt_10_15", "name": "Washington Secondary / Trestle Trail (RI)", "q": "great", "t": "rail", "c": "yes"}, "geometry": {"type": "LineString", "coordinates": [[-71.52004, 41.71398], [-71.51685, 41.71539], [-71.51269, 41.71523]]}}, {"type": "Feature", "properties": {"id": "rt_10_16", "name": "Washington Secondary / Trestle Trail (RI)", "q": "great", "t": "rail", "c": "yes"}, "geometry": {"type": "LineString", "coordinates": [[-71.51102, 41.71476], [-71.50023, 41.71183]]}}, {"type": "Feature", "properties": {"id": "rt_10_17", "name": "Washington Secondary / Trestle Trail (RI)", "q": "great", "t": "rail", "c": "yes"}, "geometry": {"type": "LineString", "coordinates": [[-71.49972, 41.71177], [-71.49521, 41.71216], [-71.49148, 41.71424], [-71.48865, 41.71796], [-71.48576, 41.7255]]}}, {"type": "Feature", "properties": {"id": "rt_10_18", "name": "Washington Secondary / Trestle Trail (RI)", "q": "great", "t": "rail", "c": "yes"}, "geometry": {"type": "LineString", "coordinates": [[-71.48185, 41.73855], [-71.47952, 41.7463]]}}, {"type": "Feature", "properties": {"id": "rt_10_19", "name": "Washington Secondary / Trestle Trail (RI)", "q": "great", "t": "rail", "c": "yes"}, "geometry": {"type": "LineString", "coordinates": [[-71.48189, 41.73841], [-71.48185, 41.73855]]}}, {"type": "Feature", "properties": {"id": "rt_10_20", "name": "Washington Secondary / Trestle Trail (RI)", "q": "great", "t": "rail", "c": "yes"}, "geometry": {"type": "LineString", "coordinates": [[-71.61176, 41.70328], [-71.60156, 41.70123]]}}, {"type": "Feature", "properties": {"id": "rt_10_21", "name": "Washington Secondary / Trestle Trail (RI)", "q": "great", "t": "rail", "c": "yes"}, "geometry": {"type": "LineString", "coordinates": [[-71.60022, 41.70096], [-71.59512, 41.69994]]}}, {"type": "Feature", "properties": {"id": "rt_10_22", "name": "Washington Secondary / Trestle Trail (RI)", "q": "great", "t": "rail", "c": "yes"}, "geometry": {"type": "LineString", "coordinates": [[-71.52329, 41.70214], [-71.52229, 41.70349], [-71.52172, 41.70533], [-71.52195, 41.71121], [-71.52026, 41.7138]]}}, {"type": "Feature", "properties": {"id": "rt_10_23", "name": "Washington Secondary / Trestle Trail (RI)", "q": "great", "t": "rail", "c": "yes"}, "geometry": {"type": "LineString", "coordinates": [[-71.52351, 41.70194], [-71.52329, 41.70214]]}}, {"type": "Feature", "properties": {"id": "rt_10_24", "name": "Washington Secondary / Trestle Trail (RI)", "q": "great", "t": "rail", "c": "yes"}, "geometry": {"type": "LineString", "coordinates": [[-71.55868, 41.69105], [-71.5581, 41.69104]]}}, {"type": "Feature", "properties": {"id": "rt_10_25", "name": "Washington Secondary / Trestle Trail (RI)", "q": "great", "t": "rail", "c": "yes"}, "geometry": {"type": "LineString", "coordinates": [[-71.5581, 41.69104], [-71.55444, 41.69158], [-71.54909, 41.69399]]}}, {"type": "Feature", "properties": {"id": "rt_10_26", "name": "Washington Secondary / Trestle Trail (RI)", "q": "great", "t": "rail", "c": "yes"}, "geometry": {"type": "LineString", "coordinates": [[-71.59512, 41.69994], [-71.58084, 41.69703], [-71.56205, 41.69158], [-71.55868, 41.69105]]}}, {"type": "Feature", "properties": {"id": "rt_10_27", "name": "Washington Secondary / Trestle Trail (RI)", "q": "great", "t": "rail", "c": "yes"}, "geometry": {"type": "LineString", "coordinates": [[-71.48301, 41.73478], [-71.48189, 41.73841]]}}, {"type": "Feature", "properties": {"id": "rt_10_28", "name": "Washington Secondary / Trestle Trail (RI)", "q": "great", "t": "rail", "c": "yes"}, "geometry": {"type": "LineString", "coordinates": [[-71.50023, 41.71183], [-71.49972, 41.71177]]}}, {"type": "Feature", "properties": {"id": "rt_10_29", "name": "Washington Secondary / Trestle Trail (RI)", "q": "great", "t": "rail", "c": "yes"}, "geometry": {"type": "LineString", "coordinates": [[-71.533, 41.69538], [-71.52351, 41.70194]]}}, {"type": "Feature", "properties": {"id": "rt_10_30", "name": "Washington Secondary / Trestle Trail (RI)", "q": "great", "t": "rail", "c": "yes"}, "geometry": {"type": "LineString", "coordinates": [[-71.63702, 41.7003], [-71.63684, 41.70039]]}}, {"type": "Feature", "properties": {"id": "rt_10_31", "name": "Washington Secondary / Trestle Trail (RI)", "q": "great", "t": "rail", "c": "yes"}, "geometry": {"type": "LineString", "coordinates": [[-71.63684, 41.70039], [-71.63523, 41.70112]]}}, {"type": "Feature", "properties": {"id": "rt_10_32", "name": "Washington Secondary / Trestle Trail (RI)", "q": "great", "t": "rail", "c": "yes"}, "geometry": {"type": "LineString", "coordinates": [[-71.69905, 41.69075], [-71.67422, 41.69097]]}}, {"type": "Feature", "properties": {"id": "rt_10_33", "name": "Washington Secondary / Trestle Trail (RI)", "q": "great", "t": "rail", "c": "yes"}, "geometry": {"type": "LineString", "coordinates": [[-71.66216, 41.69107], [-71.65267, 41.69311], [-71.63702, 41.7003]]}}, {"type": "Feature", "properties": {"id": "rt_10_34", "name": "Washington Secondary / Trestle Trail (RI)", "q": "great", "t": "rail", "c": "yes"}, "geometry": {"type": "LineString", "coordinates": [[-71.67422, 41.69097], [-71.66216, 41.69107]]}}, {"type": "Feature", "properties": {"id": "rt_10_35", "name": "Washington Secondary / Trestle Trail (RI)", "q": "great", "t": "rail", "c": "yes"}, "geometry": {"type": "LineString", "coordinates": [[-71.53388, 41.69513], [-71.533, 41.69538]]}}, {"type": "Feature", "properties": {"id": "rt_10_36", "name": "Washington Secondary / Trestle Trail (RI)", "q": "great", "t": "rail", "c": "yes"}, "geometry": {"type": "LineString", "coordinates": [[-71.53406, 41.69507], [-71.53388, 41.69513]]}}, {"type": "Feature", "properties": {"id": "rt_10_37", "name": "Washington Secondary / Trestle Trail (RI)", "q": "great", "t": "rail", "c": "yes"}, "geometry": {"type": "LineString", "coordinates": [[-71.48395, 41.73164], [-71.48313, 41.73436]]}}, {"type": "Feature", "properties": {"id": "rt_10_38", "name": "Washington Secondary / Trestle Trail (RI)", "q": "great", "t": "rail", "c": "yes"}, "geometry": {"type": "LineString", "coordinates": [[-71.48313, 41.73436], [-71.48301, 41.73478]]}}, {"type": "Feature", "properties": {"id": "rt_10_39", "name": "Washington Secondary / Trestle Trail (RI)", "q": "great", "t": "rail", "c": "yes"}, "geometry": {"type": "LineString", "coordinates": [[-71.44834, 41.79332], [-71.44506, 41.79753], [-71.44332, 41.80143]]}}, {"type": "Feature", "properties": {"id": "rt_10_40", "name": "Washington Secondary / Trestle Trail (RI)", "q": "great", "t": "rail", "c": "yes"}, "geometry": {"type": "LineString", "coordinates": [[-71.44843, 41.79323], [-71.44834, 41.79332]]}}, {"type": "Feature", "properties": {"id": "rt_10_41", "name": "Washington Secondary / Trestle Trail (RI)", "q": "great", "t": "rail", "c": "yes"}, "geometry": {"type": "LineString", "coordinates": [[-71.46103, 41.78356], [-71.45161, 41.79036], [-71.44843, 41.79323]]}}, {"type": "Feature", "properties": {"id": "rt_10_42", "name": "Washington Secondary / Trestle Trail (RI)", "q": "great", "t": "rail", "c": "yes"}, "geometry": {"type": "LineString", "coordinates": [[-71.46124, 41.7834], [-71.46103, 41.78356]]}}, {"type": "Feature", "properties": {"id": "rt_10_43", "name": "Washington Secondary / Trestle Trail (RI)", "q": "great", "t": "rail", "c": "yes"}, "geometry": {"type": "LineString", "coordinates": [[-71.46682, 41.77854], [-71.46124, 41.7834]]}}, {"type": "Feature", "properties": {"id": "rt_10_44", "name": "Washington Secondary / Trestle Trail (RI)", "q": "great", "t": "rail", "c": "yes"}, "geometry": {"type": "LineString", "coordinates": [[-71.4669, 41.77845], [-71.46682, 41.77854]]}}, {"type": "Feature", "properties": {"id": "rt_11_0", "name": "Katy Trail State Park (MO)", "q": "great", "t": "rail", "c": "yes"}, "geometry": {"type": "LineString", "coordinates": [[-93.76423, 38.38072], [-93.76403, 38.38082], [-93.76255, 38.38152], [-93.76145, 38.3821], [-93.76067, 38.38257], [-93.7597, 38.38323], [-93.75908, 38.38363], [-93.75669, 38.38534], [-93.75451, 38.38689], [-93.75286, 38.38805], [-93.75007, 38.38997], [-93.74814, 38.39132], [-93.74601, 38.39286], [-93.74393, 38.39431], [-93.742, 38.39566], [-93.74055, 38.39668], [-93.73988, 38.39719], [-93.73916, 38.39781], [-93.73789, 38.39899], [-93.73641, 38.40035], [-93.73495, 38.40172], [-93.73294, 38.40357], [-93.73124, 38.40516], [-93.72953, 38.40674], [-93.72706, 38.40903], [-93.72485, 38.41104], [-93.72332, 38.41228], [-93.72252, 38.41291], [-93.72082, 38.41428], [-93.71869, 38.41595], [-93.71663, 38.41759], [-93.71484, 38.41901], [-93.71364, 38.41997], [-93.7125, 38.42091], [-93.71147, 38.42191], [-93.71062, 38.4228], [-93.70931, 38.42409], [-93.70832, 38.4249], [-93.70733, 38.42561], [-93.70626, 38.4263], [-93.70488, 38.42703], [-93.70371, 38.42763], [-93.70334, 38.42787], [-93.70301, 38.42813], [-93.70266, 38.42844], [-93.7023, 38.42872], [-93.70186, 38.42909], [-93.70139, 38.42945], [-93.70088, 38.4298], [-93.70027, 38.4302], [-93.69942, 38.4307], [-93.69794, 38.43158], [-93.69631, 38.4326], [-93.69521, 38.43324], [-93.69404, 38.43397], [-93.69278, 38.43472], [-93.69117, 38.43568], [-93.6899, 38.43652], [-93.6888, 38.43737], [-93.68738, 38.43854], [-93.68564, 38.43995], [-93.6846, 38.4408], [-93.68337, 38.44178], [-93.68142, 38.44337], [-93.67985, 38.44464], [-93.67937, 38.44506], [-93.67891, 38.44542], [-93.67858, 38.44569], [-93.67808, 38.44604], [-93.67771, 38.4463], [-93.67709, 38.44664], [-93.67636, 38.44698], [-93.67547, 38.44738], [-93.67403, 38.44803], [-93.67154, 38.44916], [-93.6687, 38.45047], [-93.66657, 38.4514], [-93.66105, 38.45391], [-93.65432, 38.45696], [-93.64796, 38.45983], [-93.63999, 38.46343], [-93.63624, 38.46511], [-93.6347, 38.46584], [-93.63382, 38.4662], [-93.63296, 38.46655], [-93.63193, 38.4669], [-93.63057, 38.46726], [-93.62779, 38.468], [-93.62563, 38.46855], [-93.62121, 38.46972], [-93.61825, 38.47047], [-93.61069, 38.47244], [-93.60409, 38.47416], [-93.60309, 38.47443], [-93.60238, 38.47465], [-93.60115, 38.47493], [-93.59941, 38.47536], [-93.59616, 38.47622], [-93.5926, 38.47715], [-93.58974, 38.4779], [-93.58781, 38.47838], [-93.58571, 38.47895], [-93.58497, 38.47916], [-93.58446, 38.47934], [-93.58396, 38.47953], [-93.58352, 38.47974], [-93.58308, 38.47997], [-93.58255, 38.4803], [-93.58008, 38.48194], [-93.57866, 38.48286], [-93.57608, 38.48454], [-93.57388, 38.48598], [-93.57222, 38.48713], [-93.57164, 38.48761], [-93.57121, 38.488], [-93.5704, 38.48867], [-93.56645, 38.49206], [-93.56518, 38.49315], [-93.56239, 38.49553], [-93.5592, 38.49836], [-93.55721, 38.49994], [-93.55438, 38.5024], [-93.55185, 38.50455], [-93.55004, 38.50614], [-93.5482, 38.50789], [-93.54709, 38.50897], [-93.54517, 38.51079], [-93.54271, 38.51314], [-93.53916, 38.51655], [-93.53794, 38.51767], [-93.53585, 38.51973], [-93.53496, 38.52073], [-93.53418, 38.52183], [-93.53352, 38.52287], [-93.53309, 38.52378], [-93.53195, 38.52655], [-93.53123, 38.52833], [-93.53058, 38.52956], [-93.52989, 38.53065], [-93.52908, 38.53166], [-93.52716, 38.53349], [-93.52427, 38.53631], [-93.52052, 38.53989], [-93.51785, 38.54245], [-93.5145, 38.54563], [-93.51171, 38.54865], [-93.51093, 38.54963], [-93.51028, 38.55055], [-93.50923, 38.55207], [-93.5077, 38.55423], [-93.50651, 38.5559], [-93.50621, 38.5563], [-93.50575, 38.55689], [-93.50534, 38.55734], [-93.50465, 38.55805], [-93.50411, 38.55855], [-93.50283, 38.55979], [-93.50131, 38.56124], [-93.50022, 38.56228], [-93.49912, 38.56333], [-93.49724, 38.56514], [-93.49461, 38.56765], [-93.49121, 38.57092], [-93.48925, 38.57278], [-93.48523, 38.57665], [-93.48411, 38.57771], [-93.48355, 38.57824], [-93.48299, 38.57871], [-93.48247, 38.57914], [-93.48196, 38.57952], [-93.48118, 38.58004], [-93.47859, 38.58179], [-93.47534, 38.58397], [-93.47265, 38.58578], [-93.46792, 38.58895], [-93.46563, 38.5905], [-93.46166, 38.59316], [-93.45809, 38.59557], [-93.45725, 38.5961], [-93.45639, 38.59658], [-93.45538, 38.59712], [-93.45416, 38.59779], [-93.45141, 38.59927], [-93.4496, 38.60027], [-93.44568, 38.60234], [-93.4433, 38.60348], [-93.44058, 38.60478], [-93.43788, 38.60608], [-93.43589, 38.60702], [-93.4331, 38.60836], [-93.43006, 38.60983], [-93.42331, 38.61307], [-93.42136, 38.61399], [-93.4161, 38.61653], [-93.4139, 38.61758], [-93.41006, 38.61943], [-93.40657, 38.62112], [-93.39801, 38.62523], [-93.38953, 38.62928], [-93.38163, 38.63306], [-93.38059, 38.63354], [-93.37743, 38.63507], [-93.36842, 38.63939], [-93.36108, 38.64289], [-93.35249, 38.647], [-93.34431, 38.65093], [-93.33581, 38.655], [-93.32797, 38.65873], [-93.31948, 38.6628], [-93.31077, 38.66695], [-93.30245, 38.67094], [-93.30138, 38.67145], [-93.30072, 38.67179], [-93.30021, 38.67208], [-93.29955, 38.67247], [-93.29858, 38.67312], [-93.29542, 38.67515], [-93.28858, 38.67953], [-93.28406, 38.68243], [-93.27986, 38.68512], [-93.27906, 38.68556], [-93.27822, 38.68591], [-93.27742, 38.68618], [-93.27669, 38.68639], [-93.27581, 38.68655], [-93.27414, 38.68686], [-93.26852, 38.68791], [-93.26155, 38.68919], [-93.25794, 38.68984], [-93.25443, 38.69048], [-93.24627, 38.69201], [-93.2399, 38.69315], [-93.23724, 38.69368], [-93.2359, 38.69404], [-93.23509, 38.69429], [-93.23392, 38.69472], [-93.23268, 38.69526], [-93.23148, 38.69585], [-93.23046, 38.69646], [-93.22961, 38.69707], [-93.22859, 38.69778], [-93.22734, 38.69892], [-93.22631, 38.69999], [-93.22545, 38.7011], [-93.22467, 38.70218], [-93.22227, 38.7055], [-93.22148, 38.70667], [-93.22098, 38.70727], [-93.22081, 38.70738], [-93.22057, 38.70749], [-93.22029, 38.7075], [-93.21339, 38.70724], [-93.21325, 38.70999], [-93.20797, 38.70973], [-93.20799, 38.70872], [-93.20537, 38.70859], [-93.2049, 38.70828], [-93.20317, 38.70952], [-93.20313, 38.7105], [-93.20183, 38.71051], [-93.19971, 38.7119], [-93.19694, 38.71382], [-93.19597, 38.71443], [-93.19485, 38.71506], [-93.19376, 38.71556], [-93.1919, 38.71637], [-93.1844, 38.71962], [-93.17693, 38.72282], [-93.16895, 38.72625], [-93.16812, 38.72669], [-93.16777, 38.72691], [-93.16736, 38.72717], [-93.16686, 38.72757], [-93.16641, 38.72795], [-93.16562, 38.72879], [-93.1645, 38.73013], [-93.16012, 38.7354], [-93.15581, 38.74057], [-93.15451, 38.74206], [-93.15414, 38.74241], [-93.15372, 38.74272], [-93.1531, 38.74317], [-93.15224, 38.74365], [-93.14999, 38.74485], [-93.14138, 38.74953], [-93.13892, 38.75089], [-93.1379, 38.75133], [-93.13689, 38.75171], [-93.13594, 38.752], [-93.13482, 38.75224], [-93.13389, 38.7524], [-93.13268, 38.75252], [-93.13154, 38.75254], [-93.12981, 38.75245], [-93.12814, 38.75218], [-93.12664, 38.7518], [-93.12542, 38.75134], [-93.12372, 38.75051], [-93.12247, 38.74971], [-93.12154, 38.74894], [-93.12045, 38.74795], [-93.11999, 38.74759], [-93.11958, 38.74734], [-93.11867, 38.74689], [-93.11757, 38.74653], [-93.11673, 38.74637], [-93.1159, 38.74613], [-93.115, 38.7458], [-93.11424, 38.74543], [-93.11354, 38.74512], [-93.11239, 38.7448], [-93.11131, 38.74464], [-93.11046, 38.74461], [-93.10879, 38.74477], [-93.1033, 38.74525], [-93.0973, 38.74578], [-93.09633, 38.74582], [-93.0953, 38.74579], [-93.09474, 38.74572], [-93.09321, 38.74552], [-93.08656, 38.74451], [-93.08403, 38.74427], [-93.08299, 38.74424], [-93.08208, 38.74427], [-93.08147, 38.74431], [-93.08079, 38.74448], [-93.07995, 38.74477], [-93.07907, 38.74522], [-93.07833, 38.74576], [-93.07787, 38.74618], [-93.07746, 38.74669], [-93.07713, 38.74722], [-93.07597, 38.74944], [-93.07554, 38.75015], [-93.07494, 38.75087], [-93.07437, 38.75134], [-93.07368, 38.7518], [-93.0728, 38.75228], [-93.07171, 38.75289], [-93.06874, 38.75458], [-93.06205, 38.7584], [-93.05758, 38.76091], [-93.05638, 38.76149], [-93.05476, 38.76214], [-93.05358, 38.76252], [-93.05204, 38.76292], [-93.0479, 38.76392], [-93.04686, 38.76403], [-93.04589, 38.76403], [-93.04506, 38.76394], [-93.04414, 38.76373], [-93.04292, 38.76329], [-93.0379, 38.76082], [-93.02968, 38.75672], [-93.02879, 38.75628], [-93.02828, 38.7561], [-93.02762, 38.75597], [-93.02706, 38.75593], [-93.02646, 38.75595], [-93.02589, 38.75604], [-93.02539, 38.75617], [-93.02479, 38.75642], [-93.02419, 38.7568], [-93.0235, 38.75732], [-93.01799, 38.76209], [-93.01692, 38.76298], [-93.01664, 38.76328], [-93.01629, 38.76363], [-93.01605, 38.76396], [-93.01577, 38.7644], [-93.01554, 38.76485], [-93.01539, 38.76535], [-93.01528, 38.76583], [-93.01522, 38.7664], [-93.01526, 38.76697], [-93.01546, 38.76824], [-93.01548, 38.7687], [-93.01546, 38.7691], [-93.01538, 38.76963], [-93.01516, 38.77028], [-93.01479, 38.771], [-93.01196, 38.77597], [-93.01034, 38.77883], [-93.01011, 38.77946], [-93.01, 38.78016], [-93.01001, 38.78088], [-93.01017, 38.78248], [-93.01015, 38.78301], [-93.01001, 38.78359], [-93.00972, 38.78422], [-93.00934, 38.78476], [-93.00894, 38.7852], [-93.00831, 38.78564], [-93.00771, 38.78606], [-93.00164, 38.78981], [-92.99701, 38.7927], [-92.99615, 38.79329], [-92.99552, 38.79385], [-92.99507, 38.79437], [-92.99461, 38.79507], [-92.99383, 38.7963], [-92.99214, 38.79889], [-92.99179, 38.79927], [-92.99121, 38.79969], [-92.99081, 38.79991], [-92.99039, 38.80009], [-92.98976, 38.80029], [-92.98898, 38.80039], [-92.98796, 38.80039], [-92.98661, 38.80033], [-92.98619, 38.80035], [-92.98575, 38.80038], [-92.98519, 38.80047], [-92.98047, 38.80122], [-92.97983, 38.80135], [-92.97936, 38.80147], [-92.97878, 38.80165], [-92.97546, 38.80292], [-92.97443, 38.80324], [-92.97367, 38.80345], [-92.97153, 38.80403], [-92.96832, 38.80491], [-92.9628, 38.80637], [-92.96147, 38.80672], [-92.96096, 38.80686], [-92.96035, 38.80709], [-92.95989, 38.80733], [-92.95956, 38.80756], [-92.95927, 38.80781], [-92.95902, 38.80805], [-92.95878, 38.80839], [-92.95859, 38.80872], [-92.95834, 38.80934], [-92.95776, 38.81087], [-92.95668, 38.81371], [-92.95651, 38.81407], [-92.95632, 38.8144], [-92.95614, 38.81469], [-92.95585, 38.81505], [-92.95531, 38.81567], [-92.95409, 38.81705], [-92.95381, 38.81743], [-92.95355, 38.81775], [-92.95324, 38.81822], [-92.95298, 38.81863], [-92.95271, 38.81911], [-92.95243, 38.81979], [-92.95214, 38.82048], [-92.95146, 38.82218], [-92.95126, 38.82265], [-92.95103, 38.82298], [-92.95067, 38.82342], [-92.94976, 38.82442], [-92.94918, 38.8251], [-92.94902, 38.82535], [-92.94889, 38.82561], [-92.9488, 38.82591], [-92.94873, 38.82621], [-92.94873, 38.82659], [-92.94878, 38.82706], [-92.94933, 38.83167], [-92.94938, 38.83203], [-92.94943, 38.83235], [-92.94955, 38.83272], [-92.94986, 38.83342], [-92.95025, 38.8342], [-92.95053, 38.83485], [-92.95065, 38.83531], [-92.95071, 38.83577], [-92.95068, 38.83625], [-92.95059, 38.83669], [-92.95047, 38.83704], [-92.95028, 38.83746], [-92.94993, 38.83797], [-92.94782, 38.84076], [-92.94437, 38.84529], [-92.94087, 38.84989], [-92.93935, 38.8519], [-92.93898, 38.85238], [-92.93853, 38.85285], [-92.93809, 38.85335], [-92.93744, 38.85397], [-92.93693, 38.8545], [-92.93625, 38.85517], [-92.93457, 38.85681], [-92.93346, 38.85792], [-92.92972, 38.8616], [-92.92526, 38.86604], [-92.92359, 38.86768], [-92.92299, 38.86825], [-92.92222, 38.8689], [-92.92131, 38.86957], [-92.92011, 38.87043], [-92.91916, 38.87107], [-92.91454, 38.87424], [-92.91297, 38.87533], [-92.9068, 38.87955], [-92.90523, 38.88059], [-92.90434, 38.88112], [-92.90351, 38.88158], [-92.90238, 38.88219], [-92.90048, 38.88321], [-92.89776, 38.88465], [-92.89482, 38.88624], [-92.88663, 38.89061], [-92.88361, 38.89226], [-92.8831, 38.8926], [-92.88261, 38.89296], [-92.88205, 38.89344], [-92.88155, 38.89393], [-92.88007, 38.89545], [-92.87746, 38.89811], [-92.87317, 38.90247], [-92.87087, 38.90482], [-92.8705, 38.90519], [-92.87018, 38.90547], [-92.86984, 38.90579], [-92.86935, 38.90619], [-92.86885, 38.90654], [-92.86825, 38.90699], [-92.86235, 38.91126], [-92.85901, 38.91369], [-92.85828, 38.9142], [-92.85751, 38.91462], [-92.85688, 38.91491], [-92.85626, 38.91516], [-92.85567, 38.91535], [-92.85488, 38.91558], [-92.85422, 38.9157], [-92.85318, 38.9159], [-92.85072, 38.91639], [-92.84902, 38.91677], [-92.84723, 38.91723], [-92.845, 38.9178], [-92.84342, 38.91826], [-92.84142, 38.91888], [-92.83917, 38.91956], [-92.83792, 38.91994], [-92.8375, 38.92009], [-92.83712, 38.92026], [-92.8366, 38.9205], [-92.83461, 38.92144], [-92.83406, 38.92166], [-92.83361, 38.92178], [-92.83313, 38.92187], [-92.83267, 38.92193], [-92.83221, 38.92194], [-92.83169, 38.92192], [-92.83103, 38.92186], [-92.82791, 38.92154], [-92.82719, 38.9215], [-92.82675, 38.92149], [-92.82623, 38.92149], [-92.8257, 38.92152], [-92.82516, 38.92156], [-92.82444, 38.92169], [-92.82357, 38.9219], [-92.82282, 38.92218], [-92.82233, 38.92243], [-92.82184, 38.9227], [-92.81778, 38.92525], [-92.81134, 38.92928], [-92.80788, 38.93147], [-92.8045, 38.93355], [-92.80251, 38.93479], [-92.8023, 38.93495], [-92.80209, 38.93511], [-92.80175, 38.9353], [-92.79789, 38.93769], [-92.79354, 38.94037], [-92.79294, 38.94075], [-92.79232, 38.94105], [-92.79175, 38.94128], [-92.7911, 38.94148], [-92.79017, 38.94167], [-92.78947, 38.94176], [-92.78899, 38.9418], [-92.78859, 38.94186], [-92.78821, 38.94193], [-92.78778, 38.94207], [-92.78724, 38.94227], [-92.78603, 38.94277], [-92.78378, 38.94375], [-92.78218, 38.94444], [-92.78148, 38.94479], [-92.78069, 38.94519], [-92.77885, 38.94615], [-92.77722, 38.947], [-92.77613, 38.94762], [-92.77553, 38.94808], [-92.77497, 38.94862], [-92.77442, 38.94932], [-92.77412, 38.94989], [-92.77398, 38.9503], [-92.77388, 38.95119], [-92.77382, 38.95163], [-92.77368, 38.95206], [-92.77345, 38.95263], [-92.77229, 38.95554], [-92.77155, 38.95736], [-92.77125, 38.95787], [-92.77089, 38.95832], [-92.77045, 38.95871], [-92.77008, 38.959], [-92.76963, 38.95926], [-92.76915, 38.95949], [-92.76838, 38.95976], [-92.76665, 38.9604], [-92.76608, 38.96064], [-92.76563, 38.96088], [-92.76493, 38.96133], [-92.76453, 38.96161], [-92.76411, 38.96191], [-92.76371, 38.96214], [-92.7634, 38.9623], [-92.76294, 38.96253], [-92.76247, 38.96268], [-92.76182, 38.96287], [-92.7611, 38.96303], [-92.76052, 38.96314], [-92.75998, 38.96326], [-92.75953, 38.96339], [-92.75883, 38.96367], [-92.75826, 38.96396], [-92.75779, 38.96423], [-92.75714, 38.96475], [-92.75668, 38.96519], [-92.75634, 38.96563], [-92.75524, 38.96711], [-92.75462, 38.96788], [-92.75439, 38.96817], [-92.75417, 38.96843], [-92.75379, 38.96875], [-92.75328, 38.96913], [-92.75267, 38.96959], [-92.75154, 38.97043], [-92.75123, 38.97063], [-92.75098, 38.97078], [-92.75077, 38.9709], [-92.75055, 38.97103], [-92.75032, 38.97117], [-92.75003, 38.97135], [-92.74972, 38.97162], [-92.7494, 38.97199], [-92.74915, 38.9724], [-92.74903, 38.97278], [-92.74896, 38.9732], [-92.749, 38.97363], [-92.7491, 38.97395], [-92.74937, 38.97439], [-92.74967, 38.9747], [-92.75003, 38.9751], [-92.75029, 38.97533], [-92.74861, 38.97563], [-92.74894, 38.97659], [-92.74901, 38.97677], [-92.749, 38.97683], [-92.74893, 38.97689], [-92.74861, 38.97701], [-92.74856, 38.97706], [-92.74853, 38.97711], [-92.74851, 38.97717], [-92.74853, 38.97732], [-92.74851, 38.9774], [-92.74846, 38.97745], [-92.74836, 38.97748], [-92.74611, 38.97787], [-92.74546, 38.97824], [-92.74538, 38.97826], [-92.74526, 38.97825], [-92.74514, 38.97819], [-92.74467, 38.97762], [-92.74452, 38.97764], [-92.74485, 38.97835], [-92.7465, 38.98201], [-92.74771, 38.98497], [-92.74791, 38.98548], [-92.74797, 38.9858], [-92.74799, 38.98601], [-92.74799, 38.98619], [-92.74798, 38.98638], [-92.74797, 38.98652], [-92.74793, 38.98672], [-92.74802, 38.98672], [-92.7481, 38.98664], [-92.74815, 38.98652], [-92.74821, 38.98632], [-92.74824, 38.98606], [-92.74819, 38.98578], [-92.74849, 38.98575], [-92.74929, 38.9858], [-92.75028, 38.98598], [-92.75143, 38.98623], [-92.75315, 38.98639], [-92.75365, 38.98648], [-92.75428, 38.98672], [-92.75449, 38.98698], [-92.75477, 38.98752], [-92.75506, 38.98753], [-92.75508, 38.98768], [-92.75381, 38.98985], [-92.753, 38.9913], [-92.75257, 38.99211], [-92.75241, 38.99253], [-92.75228, 38.99298], [-92.75223, 38.99346], [-92.75217, 38.99485], [-92.75201, 38.99832], [-92.75183, 39.00277], [-92.7516, 39.00723], [-92.75151, 39.0092], [-92.75141, 39.00971], [-92.75124, 39.01022], [-92.75102, 39.01062], [-92.75066, 39.01109], [-92.75029, 39.01146], [-92.74986, 39.01179], [-92.74936, 39.0121], [-92.74882, 39.01234], [-92.74823, 39.01255], [-92.74764, 39.01267], [-92.74689, 39.01276], [-92.74581, 39.01276], [-92.74237, 39.01265], [-92.73651, 39.01245], [-92.72856, 39.01223], [-92.72088, 39.012], [-92.71305, 39.01176], [-92.705, 39.01152], [-92.70162, 39.0114], [-92.69719, 39.01112], [-92.68956, 39.01063], [-92.68162, 39.01011], [-92.67809, 39.00986], [-92.6761, 39.00973], [-92.67353, 39.00957], [-92.67186, 39.00944], [-92.67071, 39.00924], [-92.66981, 39.00899], [-92.66897, 39.0087], [-92.66772, 39.00826], [-92.66561, 39.00752], [-92.65757, 39.00472], [-92.65037, 39.00221], [-92.64206, 38.99931], [-92.63405, 38.99651], [-92.6304, 38.99524], [-92.62915, 38.99488], [-92.62802, 38.99462], [-92.6261, 38.99419], [-92.61823, 38.99243], [-92.61573, 38.99188], [-92.61506, 38.9917], [-92.61442, 38.99151], [-92.61347, 38.99114], [-92.60447, 38.98746], [-92.60189, 38.9864], [-92.60108, 38.98612], [-92.60017, 38.98584], [-92.59893, 38.98546], [-92.59674, 38.9848], [-92.58887, 38.98239], [-92.58118, 38.97991], [-92.579, 38.97925], [-92.57692, 38.97871], [-92.57481, 38.97816], [-92.57366, 38.97788], [-92.57321, 38.97781], [-92.57268, 38.9778], [-92.56928, 38.97793], [-92.5686, 38.97795], [-92.56761, 38.97795], [-92.56635, 38.97793], [-92.56253, 38.97785], [-92.56191, 38.97779], [-92.56137, 38.97765], [-92.5608, 38.97743], [-92.56026, 38.97709], [-92.55986, 38.97671], [-92.55958, 38.97628], [-92.55938, 38.97583], [-92.55921, 38.97522], [-92.55913, 38.97488], [-92.55896, 38.97453], [-92.55862, 38.97401], [-92.5581, 38.97341], [-92.5575, 38.97278], [-92.55689, 38.97222], [-92.55613, 38.9716], [-92.55393, 38.9699], [-92.55295, 38.96914], [-92.55209, 38.96853], [-92.55131, 38.96801], [-92.55081, 38.96764], [-92.55029, 38.96722], [-92.54965, 38.96661], [-92.5488, 38.96584], [-92.54781, 38.96488], [-92.54689, 38.96406], [-92.54643, 38.96364], [-92.54593, 38.96329], [-92.54532, 38.96289], [-92.54485, 38.9626], [-92.54436, 38.96228], [-92.54383, 38.96185], [-92.54322, 38.96122], [-92.5429, 38.96088], [-92.54238, 38.96034], [-92.54166, 38.95969], [-92.54084, 38.9591], [-92.54, 38.95858], [-92.53905, 38.95795], [-92.53857, 38.95758], [-92.53682, 38.95607], [-92.53598, 38.95537], [-92.53528, 38.95482], [-92.53428, 38.95412], [-92.53344, 38.95349], [-92.53277, 38.9529], [-92.53131, 38.95167], [-92.52983, 38.95045], [-92.52854, 38.94943], [-92.5274, 38.9485], [-92.52632, 38.94768], [-92.52506, 38.9468], [-92.52406, 38.94612], [-92.52277, 38.94527], [-92.52134, 38.94433], [-92.52023, 38.94355], [-92.51935, 38.94303], [-92.51836, 38.94255], [-92.51725, 38.94196], [-92.5162, 38.94125], [-92.51554, 38.94075], [-92.51511, 38.94042], [-92.51457, 38.94009], [-92.51374, 38.9396], [-92.51307, 38.93918], [-92.51257, 38.93882], [-92.51208, 38.93837], [-92.5116, 38.93792], [-92.51099, 38.93738], [-92.51038, 38.93682], [-92.50968, 38.93622], [-92.50865, 38.93542], [-92.50758, 38.93458], [-92.50694, 38.93409], [-92.50613, 38.93343], [-92.50505, 38.93245], [-92.5042, 38.93164], [-92.50341, 38.93085], [-92.50267, 38.93017], [-92.50202, 38.92964], [-92.50117, 38.92908], [-92.49971, 38.92816], [-92.49894, 38.92765], [-92.49813, 38.92713], [-92.49771, 38.92681], [-92.4972, 38.92636], [-92.49663, 38.92585], [-92.49616, 38.92539], [-92.49574, 38.92509], [-92.49524, 38.92478], [-92.49455, 38.92441], [-92.49387, 38.92404], [-92.49342, 38.92378], [-92.49305, 38.92351], [-92.49239, 38.92302], [-92.49139, 38.92225], [-92.49032, 38.92156], [-92.48888, 38.92066], [-92.48815, 38.92019], [-92.4821, 38.91629], [-92.47516, 38.91181], [-92.47419, 38.91108], [-92.47343, 38.9104], [-92.47204, 38.90923], [-92.46976, 38.90729], [-92.46854, 38.90625], [-92.46745, 38.90531], [-92.46621, 38.90427], [-92.4645, 38.90279], [-92.46175, 38.90042], [-92.45962, 38.89861], [-92.45384, 38.89369], [-92.44831, 38.88898], [-92.44244, 38.884], [-92.43854, 38.88065], [-92.43787, 38.88005], [-92.43736, 38.87946], [-92.43704, 38.87882], [-92.43664, 38.8781], [-92.43608, 38.87613], [-92.43576, 38.87528], [-92.43414, 38.87124], [-92.43371, 38.87026], [-92.43345, 38.8698], [-92.43314, 38.86946], [-92.43286, 38.86913], [-92.43261, 38.86884], [-92.43232, 38.86851], [-92.43202, 38.8682], [-92.43172, 38.86772], [-92.43148, 38.86715], [-92.43124, 38.86644], [-92.43108, 38.86606], [-92.43076, 38.86555], [-92.42993, 38.86456], [-92.42957, 38.8641], [-92.42921, 38.86356], [-92.42866, 38.86268], [-92.42751, 38.86085], [-92.42681, 38.8597], [-92.42619, 38.85873], [-92.42536, 38.85742], [-92.42456, 38.85624], [-92.42373, 38.8551], [-92.42326, 38.85446], [-92.42264, 38.85371], [-92.42202, 38.85309], [-92.42161, 38.85261], [-92.42136, 38.85234], [-92.4211, 38.85191], [-92.42079, 38.85133], [-92.42045, 38.85071], [-92.42022, 38.85035], [-92.41984, 38.8499], [-92.41941, 38.84948], [-92.41867, 38.84876], [-92.41814, 38.84822], [-92.41787, 38.84796], [-92.41764, 38.84776], [-92.41733, 38.84756], [-92.41702, 38.84735], [-92.41676, 38.84716], [-92.41646, 38.84694], [-92.41617, 38.84668], [-92.4156, 38.846], [-92.41521, 38.84556], [-92.41477, 38.84515], [-92.41397, 38.8444], [-92.41375, 38.8442], [-92.41353, 38.84402], [-92.41298, 38.84365], [-92.41226, 38.84312], [-92.41162, 38.84273], [-92.41094, 38.84229], [-92.41049, 38.84198], [-92.41011, 38.84168], [-92.40982, 38.84139], [-92.40952, 38.84105], [-92.40922, 38.84065], [-92.40881, 38.84022], [-92.40846, 38.83988], [-92.40804, 38.8395], [-92.40449, 38.83641], [-92.40321, 38.83525], [-92.40252, 38.83459], [-92.40197, 38.83397], [-92.40136, 38.83325], [-92.40079, 38.83256], [-92.40009, 38.83185], [-92.39928, 38.83109], [-92.39783, 38.82972], [-92.39653, 38.82847], [-92.39545, 38.82747], [-92.39488, 38.82689], [-92.39421, 38.82615], [-92.39264, 38.82446], [-92.38945, 38.82106], [-92.38832, 38.81987], [-92.38775, 38.81934], [-92.38718, 38.81898], [-92.38648, 38.8186], [-92.38482, 38.8178], [-92.3843, 38.81751], [-92.38387, 38.8172], [-92.38341, 38.81678], [-92.38303, 38.8163], [-92.3827, 38.81569], [-92.38228, 38.81469], [-92.3808, 38.81139], [-92.37849, 38.80608], [-92.37739, 38.80357], [-92.37726, 38.80311], [-92.37714, 38.80245], [-92.37713, 38.80169], [-92.37722, 38.80085], [-92.37775, 38.79645], [-92.37833, 38.79127], [-92.37892, 38.78609], [-92.37956, 38.78062], [-92.38001, 38.77681], [-92.38005, 38.7762], [-92.38008, 38.77538], [-92.38004, 38.77455], [-92.37988, 38.77334], [-92.37944, 38.77107], [-92.37936, 38.77052], [-92.37938, 38.76984], [-92.37953, 38.769], [-92.37973, 38.76827], [-92.37983, 38.76771], [-92.37986, 38.76728], [-92.37982, 38.76675], [-92.37971, 38.76619], [-92.37912, 38.76329], [-92.37878, 38.76204], [-92.37827, 38.76039], [-92.37785, 38.75889], [-92.3772, 38.75689], [-92.37669, 38.75537], [-92.37632, 38.75453], [-92.37493, 38.75196], [-92.37459, 38.75126], [-92.37306, 38.74849], [-92.37007, 38.74323], [-92.36947, 38.7422], [-92.3687, 38.74117], [-92.36785, 38.74032], [-92.36615, 38.7385], [-92.36556, 38.73789], [-92.36453, 38.73681], [-92.36391, 38.73617], [-92.36335, 38.7357], [-92.36286, 38.73536], [-92.36229, 38.73507], [-92.36159, 38.73469], [-92.36092, 38.73431], [-92.3605, 38.734], [-92.35706, 38.73073], [-92.35523, 38.72898], [-92.35362, 38.72745], [-92.35254, 38.72647], [-92.3519, 38.72595], [-92.35112, 38.72532], [-92.34956, 38.72403], [-92.34721, 38.72212], [-92.34544, 38.72067], [-92.34465, 38.71998], [-92.34376, 38.71906], [-92.34313, 38.71841], [-92.34211, 38.71744], [-92.33693, 38.71263], [-92.33583, 38.71165], [-92.33471, 38.7108], [-92.33373, 38.7101], [-92.33291, 38.70947], [-92.33174, 38.70855], [-92.32677, 38.70464], [-92.32203, 38.70098], [-92.32168, 38.70074], [-92.32102, 38.70031], [-92.32017, 38.69979], [-92.31269, 38.69589], [-92.31202, 38.69553], [-92.31117, 38.69506], [-92.31027, 38.69453], [-92.3098, 38.69421], [-92.30905, 38.69368], [-92.30775, 38.69263], [-92.30498, 38.69043], [-92.30397, 38.68967], [-92.30327, 38.68915], [-92.30233, 38.68848], [-92.30108, 38.68761], [-92.29994, 38.68678], [-92.2987, 38.68593], [-92.29756, 38.68512], [-92.29667, 38.68449], [-92.29555, 38.68368], [-92.29471, 38.68308], [-92.29387, 38.68238], [-92.29309, 38.68166], [-92.29225, 38.6809], [-92.29061, 38.67938], [-92.28951, 38.67839], [-92.28832, 38.67732], [-92.28731, 38.67627], [-92.28598, 38.6747], [-92.28506, 38.6736], [-92.28411, 38.67251], [-92.28336, 38.67178], [-92.28257, 38.67114], [-92.28153, 38.67029], [-92.28072, 38.66973], [-92.27987, 38.66925], [-92.27899, 38.66883], [-92.27816, 38.66842], [-92.27728, 38.66801], [-92.27663, 38.66774], [-92.276, 38.66753], [-92.27545, 38.66742], [-92.27455, 38.6672], [-92.27389, 38.66699], [-92.2732, 38.66667], [-92.27272, 38.6664], [-92.27125, 38.66565], [-92.2703, 38.66522], [-92.26968, 38.66494], [-92.26869, 38.66448], [-92.26762, 38.66404], [-92.26682, 38.66372], [-92.26599, 38.66331], [-92.26473, 38.66276], [-92.26259, 38.66196], [-92.2613, 38.66148], [-92.25969, 38.66096], [-92.25808, 38.66047], [-92.25394, 38.65918], [-92.25319, 38.65895], [-92.25282, 38.65888], [-92.25231, 38.65876], [-92.25129, 38.65859], [-92.25026, 38.65844], [-92.24965, 38.65833], [-92.24927, 38.65821], [-92.24876, 38.65806], [-92.24823, 38.65782], [-92.24771, 38.65758], [-92.24728, 38.65729], [-92.24681, 38.65701], [-92.24647, 38.65677], [-92.24608, 38.65656], [-92.24562, 38.65633], [-92.24463, 38.65596], [-92.24389, 38.65571], [-92.24307, 38.65536], [-92.24168, 38.65478], [-92.23871, 38.65351], [-92.23832, 38.65333], [-92.23792, 38.65318], [-92.23755, 38.65302], [-92.23713, 38.65286], [-92.23667, 38.65264], [-92.23626, 38.65242], [-92.23586, 38.65222], [-92.23542, 38.65201], [-92.23509, 38.65187], [-92.23475, 38.65174], [-92.23438, 38.65158], [-92.23335, 38.65121], [-92.23278, 38.65098], [-92.22567, 38.6479], [-92.22413, 38.64716], [-92.22132, 38.64562], [-92.22001, 38.64493], [-92.21944, 38.64471], [-92.21877, 38.64449], [-92.21817, 38.64435], [-92.2176, 38.64425], [-92.21688, 38.64412], [-92.21556, 38.64389], [-92.21372, 38.64358], [-92.21148, 38.64319], [-92.21072, 38.64305], [-92.20984, 38.64284], [-92.20891, 38.64253], [-92.20323, 38.64067], [-92.20258, 38.64043], [-92.20214, 38.64023], [-92.20153, 38.63987], [-92.20093, 38.63944], [-92.20048, 38.63904], [-92.19988, 38.63832], [-92.19796, 38.63563], [-92.19577, 38.63262], [-92.19522, 38.63181], [-92.19447, 38.63091], [-92.19406, 38.63055], [-92.19316, 38.62975], [-92.19122, 38.62803], [-92.1893, 38.62649], [-92.18718, 38.62494], [-92.18489, 38.62319], [-92.1843, 38.62277], [-92.18352, 38.62231], [-92.18291, 38.62196], [-92.18229, 38.62159], [-92.18073, 38.62065], [-92.17962, 38.61999], [-92.17906, 38.61958], [-92.17695, 38.61803], [-92.17265, 38.61487], [-92.17175, 38.61421], [-92.1709, 38.61342], [-92.17003, 38.61249], [-92.16831, 38.61074], [-92.16667, 38.60903], [-92.16591, 38.60825], [-92.16529, 38.60769], [-92.16443, 38.60705], [-92.16347, 38.60651], [-92.16246, 38.60602], [-92.16014, 38.60491], [-92.15425, 38.60207], [-92.14675, 38.59849], [-92.13927, 38.59488], [-92.13071, 38.59077], [-92.12579, 38.58836], [-92.1246, 38.58784], [-92.12369, 38.5875], [-92.12003, 38.58614], [-92.11858, 38.58561], [-92.1168, 38.58494], [-92.1162, 38.58475], [-92.11544, 38.58457], [-92.11375, 38.58414], [-92.11084, 38.58345], [-92.10558, 38.58232], [-92.10333, 38.58182], [-92.1014, 38.5814], [-92.10039, 38.58119], [-92.09972, 38.58109], [-92.09878, 38.58102], [-92.09623, 38.58083], [-92.09448, 38.58072], [-92.09392, 38.58072], [-92.09312, 38.58073], [-92.09053, 38.58082], [-92.08202, 38.58112], [-92.08027, 38.58123], [-92.07923, 38.58133], [-92.0764, 38.58161], [-92.07539, 38.58172], [-92.074, 38.58186], [-92.07153, 38.5821], [-92.06952, 38.58229], [-92.06731, 38.58251], [-92.06584, 38.58267], [-92.06282, 38.58296], [-92.06205, 38.58305], [-92.06047, 38.58319], [-92.0591, 38.5833], [-92.05793, 38.58335], [-92.05683, 38.58338], [-92.05609, 38.58343], [-92.05535, 38.58355], [-92.05445, 38.58375], [-92.05348, 38.58399], [-92.05284, 38.58411], [-92.05145, 38.58434], [-92.05059, 38.58445], [-92.05003, 38.58455], [-92.04936, 38.5847], [-92.04875, 38.58487], [-92.04756, 38.58522], [-92.04632, 38.58558], [-92.04564, 38.58577], [-92.04496, 38.58594], [-92.04381, 38.58617], [-92.04259, 38.58642], [-92.04152, 38.58667], [-92.04035, 38.58696], [-92.03969, 38.58714], [-92.03919, 38.58727], [-92.03853, 38.58739], [-92.0377, 38.58752], [-92.03699, 38.58754], [-92.03614, 38.58752], [-92.03414, 38.58749], [-92.03353, 38.58755], [-92.03308, 38.58762], [-92.03264, 38.58772], [-92.03212, 38.58785], [-92.03147, 38.58806], [-92.03039, 38.58843], [-92.02887, 38.58892], [-92.02645, 38.58971], [-92.02473, 38.59029], [-92.02299, 38.59086], [-92.02143, 38.59138], [-92.02032, 38.59174], [-92.01975, 38.59193], [-92.01939, 38.59209], [-92.01897, 38.59226], [-92.01838, 38.59255], [-92.01755, 38.59296], [-92.01567, 38.5939], [-92.01398, 38.59472], [-92.0133, 38.59503], [-92.01286, 38.59525], [-92.01205, 38.59557], [-92.01134, 38.59584], [-92.0104, 38.59622], [-92.00953, 38.59655], [-92.0088, 38.59685], [-92.00827, 38.59706], [-92.00778, 38.59731], [-92.00715, 38.5976], [-92.00653, 38.59791], [-92.00595, 38.59817], [-92.00485, 38.59872], [-92.00412, 38.59907], [-92.00346, 38.59935], [-92.00263, 38.59967], [-92.00163, 38.60005], [-92.00038, 38.60054], [-91.99929, 38.60094], [-91.99816, 38.60138], [-91.99756, 38.60161], [-91.99711, 38.60177], [-91.99668, 38.60198], [-91.99625, 38.60218], [-91.99567, 38.60251], [-91.99432, 38.60337], [-91.98925, 38.60651], [-91.98748, 38.60761], [-91.98703, 38.6079], [-91.98669, 38.60809], [-91.98631, 38.60828], [-91.9858, 38.60849], [-91.98543, 38.60867], [-91.98197, 38.61021], [-91.98012, 38.61104], [-91.97951, 38.61129], [-91.97901, 38.6115], [-91.97839, 38.61169], [-91.97792, 38.61184], [-91.97745, 38.61197], [-91.97706, 38.61211], [-91.97672, 38.61222], [-91.97614, 38.6125], [-91.97544, 38.61285], [-91.9742, 38.61351], [-91.97076, 38.6153], [-91.9703, 38.61553], [-91.96992, 38.61572], [-91.9695, 38.61592], [-91.96914, 38.61607], [-91.96877, 38.61621], [-91.96827, 38.61638], [-91.96778, 38.61654], [-91.96724, 38.61673], [-91.96609, 38.61711], [-91.96452, 38.61764], [-91.96411, 38.61782], [-91.96378, 38.61799], [-91.96343, 38.61821], [-91.96304, 38.61844], [-91.96243, 38.61884], [-91.9609, 38.61982], [-91.9587, 38.62125], [-91.95792, 38.62178], [-91.95738, 38.62216], [-91.95685, 38.62257], [-91.95623, 38.62317], [-91.95461, 38.62463], [-91.95394, 38.6252], [-91.95344, 38.62571], [-91.95287, 38.62624], [-91.95226, 38.62679], [-91.95171, 38.62726], [-91.95113, 38.62767], [-91.95066, 38.628], [-91.94983, 38.62861], [-91.9492, 38.62904], [-91.9472, 38.63044], [-91.94309, 38.63335], [-91.94268, 38.63367], [-91.94225, 38.63395], [-91.94175, 38.63424], [-91.94132, 38.63445], [-91.94068, 38.63476], [-91.94002, 38.63506], [-91.93798, 38.63602], [-91.93609, 38.63688], [-91.93497, 38.6374], [-91.93443, 38.63766], [-91.93391, 38.63795], [-91.93311, 38.63844], [-91.93092, 38.63978], [-91.92892, 38.64101], [-91.92547, 38.64309], [-91.92327, 38.64444], [-91.92273, 38.64483], [-91.92238, 38.64517], [-91.9221, 38.64543], [-91.92165, 38.64588], [-91.91947, 38.64801], [-91.91899, 38.64844], [-91.91866, 38.64868], [-91.91832, 38.64895], [-91.91757, 38.64944], [-91.9165, 38.6502], [-91.91482, 38.65137], [-91.91409, 38.65187], [-91.91349, 38.65226], [-91.9129, 38.6526], [-91.91232, 38.65288], [-91.91165, 38.6532], [-91.90886, 38.65446], [-91.9082, 38.65478], [-91.90757, 38.65511], [-91.90625, 38.65582], [-91.90476, 38.65664], [-91.90302, 38.65758], [-91.90189, 38.65819], [-91.90136, 38.65848], [-91.90086, 38.65875], [-91.90039, 38.65899], [-91.89984, 38.65933], [-91.89935, 38.65964], [-91.89859, 38.66014], [-91.89791, 38.66065], [-91.89698, 38.66129], [-91.89588, 38.66205], [-91.89316, 38.66397], [-91.89167, 38.665], [-91.89096, 38.66551], [-91.89047, 38.66584], [-91.89002, 38.66609], [-91.88961, 38.66627], [-91.8892, 38.66641], [-91.88808, 38.66689], [-91.88428, 38.66842], [-91.88369, 38.66864], [-91.88325, 38.66879], [-91.88163, 38.6693], [-91.88112, 38.66947], [-91.88046, 38.66968], [-91.8796, 38.66996], [-91.87908, 38.67014], [-91.87867, 38.6703], [-91.87832, 38.67045], [-91.87677, 38.6713], [-91.87156, 38.6742], [-91.86515, 38.67787], [-91.86016, 38.68067], [-91.85974, 38.68089], [-91.85939, 38.68111], [-91.85899, 38.68142], [-91.85419, 38.68512], [-91.85317, 38.68589], [-91.85244, 38.68645], [-91.85206, 38.68673], [-91.85173, 38.68695], [-91.85135, 38.68719], [-91.8509, 38.6874], [-91.85029, 38.68768], [-91.84973, 38.68792], [-91.84646, 38.68939], [-91.83918, 38.69262], [-91.83506, 38.69448], [-91.83463, 38.69469], [-91.83415, 38.69493], [-91.83327, 38.69537], [-91.83219, 38.69596], [-91.8306, 38.69674], [-91.82988, 38.69714], [-91.82847, 38.69789], [-91.82737, 38.69856], [-91.82068, 38.70261], [-91.82011, 38.70293], [-91.81969, 38.70307], [-91.81931, 38.70322], [-91.8189, 38.70333], [-91.81848, 38.70343], [-91.81578, 38.70395], [-91.81293, 38.70455], [-91.81233, 38.7047], [-91.81168, 38.70488], [-91.80797, 38.70599], [-91.80368, 38.70726], [-91.80298, 38.70746], [-91.80238, 38.70761], [-91.80181, 38.7077], [-91.80126, 38.70778], [-91.80076, 38.70784], [-91.8, 38.70792], [-91.79328, 38.70875], [-91.79276, 38.70882], [-91.79208, 38.70891], [-91.79146, 38.70897], [-91.79078, 38.70901], [-91.79021, 38.709], [-91.78955, 38.70896], [-91.78872, 38.70893], [-91.78792, 38.70889], [-91.78579, 38.70885], [-91.78516, 38.70883], [-91.78158, 38.70877], [-91.78075, 38.70875], [-91.78015, 38.70875], [-91.77949, 38.70883], [-91.7788, 38.70895], [-91.77357, 38.70984], [-91.77294, 38.70996], [-91.77232, 38.70999], [-91.77188, 38.70999], [-91.77153, 38.70998], [-91.77033, 38.70987], [-91.76989, 38.70983], [-91.76952, 38.70982], [-91.76512, 38.70994], [-91.76462, 38.70998], [-91.7642, 38.71005], [-91.76388, 38.71012], [-91.7633, 38.71028], [-91.76215, 38.71057], [-91.76124, 38.71081], [-91.76033, 38.71098], [-91.75947, 38.71105], [-91.75869, 38.71102], [-91.75686, 38.71088], [-91.75584, 38.7108], [-91.75497, 38.71065], [-91.75418, 38.71046], [-91.7532, 38.71025], [-91.75238, 38.71008], [-91.75149, 38.70997], [-91.75027, 38.70979], [-91.7442, 38.70897], [-91.74341, 38.7089], [-91.74282, 38.70889], [-91.74228, 38.70888], [-91.74157, 38.70883], [-91.74091, 38.70871], [-91.74052, 38.70864], [-91.7399, 38.70857], [-91.73859, 38.70841], [-91.73761, 38.70832], [-91.73627, 38.70829], [-91.73457, 38.70822], [-91.73344, 38.70819], [-91.73274, 38.70814], [-91.73211, 38.70808], [-91.73155, 38.70798], [-91.73104, 38.70791], [-91.73056, 38.70791], [-91.73013, 38.70792], [-91.72963, 38.70801], [-91.72805, 38.70834], [-91.72695, 38.7085], [-91.72597, 38.70855], [-91.72503, 38.70854], [-91.7241, 38.70852], [-91.72292, 38.70851], [-91.72226, 38.70853], [-91.72177, 38.70858], [-91.72131, 38.70867], [-91.71928, 38.70912], [-91.71759, 38.70947], [-91.71705, 38.70959], [-91.71646, 38.70963], [-91.71586, 38.70961], [-91.71528, 38.70956], [-91.71443, 38.70947], [-91.71376, 38.70945], [-91.71309, 38.70947], [-91.71236, 38.70952], [-91.7117, 38.70954], [-91.71112, 38.70956], [-91.7103, 38.70957], [-91.70966, 38.70955], [-91.7091, 38.7096], [-91.70848, 38.70966], [-91.70772, 38.70978], [-91.70715, 38.70985], [-91.70603, 38.70987], [-91.70504, 38.70982], [-91.70452, 38.70981], [-91.70389, 38.70985], [-91.70318, 38.70996], [-91.70156, 38.71017], [-91.70048, 38.71029], [-91.69975, 38.71027], [-91.69894, 38.71018], [-91.69826, 38.7101], [-91.69766, 38.71008], [-91.69714, 38.71007], [-91.69661, 38.71007], [-91.69613, 38.71006], [-91.69566, 38.71008], [-91.6951, 38.71017], [-91.69469, 38.71025], [-91.69441, 38.71032], [-91.6934, 38.71062], [-91.69232, 38.71099], [-91.69152, 38.71117], [-91.69073, 38.71125], [-91.68993, 38.71121], [-91.68912, 38.71108], [-91.68835, 38.71091], [-91.68741, 38.71071], [-91.68662, 38.71056], [-91.68584, 38.71051], [-91.68471, 38.71044], [-91.68362, 38.71035], [-91.68292, 38.71034], [-91.6822, 38.71034], [-91.68155, 38.71044], [-91.68082, 38.7106], [-91.67944, 38.71087], [-91.67863, 38.71094], [-91.67793, 38.71091], [-91.67729, 38.71079], [-91.67662, 38.71059], [-91.67602, 38.71037], [-91.67527, 38.71005], [-91.6744, 38.70971], [-91.67366, 38.70942], [-91.67285, 38.70921], [-91.67194, 38.70901], [-91.67093, 38.70885], [-91.67008, 38.7087], [-91.6692, 38.70859], [-91.66802, 38.70846], [-91.66681, 38.70831], [-91.66559, 38.70814], [-91.66461, 38.70803], [-91.66372, 38.70788], [-91.66266, 38.70776], [-91.6616, 38.7077], [-91.66042, 38.70757], [-91.65886, 38.70751], [-91.65812, 38.70745], [-91.65764, 38.70734], [-91.65696, 38.70726], [-91.65626, 38.7072], [-91.65555, 38.70715], [-91.65481, 38.70709], [-91.65407, 38.707], [-91.65284, 38.70671], [-91.65232, 38.70659], [-91.65115, 38.70644], [-91.65003, 38.70629], [-91.64919, 38.70621], [-91.64712, 38.70609], [-91.6456, 38.70599], [-91.64451, 38.70591], [-91.64387, 38.70587], [-91.64321, 38.70585], [-91.64235, 38.70569], [-91.6416, 38.70564], [-91.63977, 38.70559], [-91.63672, 38.70552], [-91.63438, 38.70548], [-91.63302, 38.70545], [-91.63188, 38.70539], [-91.63072, 38.70533], [-91.6297, 38.70527], [-91.6288, 38.70525], [-91.62821, 38.70527], [-91.62751, 38.70537], [-91.62652, 38.70547], [-91.62575, 38.70553], [-91.62491, 38.70559], [-91.62406, 38.7056], [-91.62289, 38.70559], [-91.62224, 38.70557], [-91.62157, 38.70554], [-91.62065, 38.70544], [-91.61982, 38.70534], [-91.61894, 38.70517], [-91.61803, 38.70504], [-91.61706, 38.70491], [-91.61351, 38.70437], [-91.61097, 38.70398], [-91.61044, 38.70389], [-91.60993, 38.70382], [-91.60939, 38.70375], [-91.60846, 38.70364], [-91.60779, 38.70358], [-91.60681, 38.70351], [-91.60566, 38.70342], [-91.6045, 38.70332], [-91.60313, 38.70322], [-91.60191, 38.70314], [-91.59993, 38.703], [-91.59883, 38.70293], [-91.59795, 38.70288], [-91.59723, 38.70288], [-91.59507, 38.70299], [-91.59435, 38.70302], [-91.59373, 38.70301], [-91.59332, 38.70298], [-91.59258, 38.70286], [-91.59154, 38.70271], [-91.59057, 38.70255], [-91.58982, 38.70247], [-91.58897, 38.70241], [-91.5878, 38.70236], [-91.58703, 38.70235], [-91.58629, 38.70237], [-91.58524, 38.70244], [-91.58406, 38.70252], [-91.58272, 38.70263], [-91.58174, 38.70269], [-91.58089, 38.70272], [-91.5757, 38.70293], [-91.57436, 38.70303], [-91.57187, 38.70315], [-91.5702, 38.70327], [-91.56936, 38.70332], [-91.56551, 38.70362], [-91.56412, 38.70371], [-91.56301, 38.70381], [-91.56215, 38.70396], [-91.56062, 38.70429], [-91.55741, 38.70498], [-91.55665, 38.70517], [-91.55505, 38.70558], [-91.55173, 38.70645], [-91.55054, 38.70679], [-91.5494, 38.70713], [-91.54775, 38.70762], [-91.54554, 38.70826], [-91.54416, 38.70867], [-91.54324, 38.70896], [-91.54171, 38.70944], [-91.54061, 38.70985], [-91.53938, 38.71035], [-91.5353, 38.71197], [-91.53424, 38.71243], [-91.53323, 38.71299], [-91.5319, 38.71376], [-91.53095, 38.71432], [-91.53002, 38.71486], [-91.52906, 38.7153], [-91.52822, 38.71554], [-91.52682, 38.71592], [-91.52169, 38.71729], [-91.52159, 38.71726], [-91.52137, 38.71705], [-91.52128, 38.71701], [-91.5209, 38.71697], [-91.52018, 38.71697], [-91.51872, 38.71693], [-91.51853, 38.71687], [-91.51847, 38.7168], [-91.51827, 38.7168], [-91.51776, 38.71693], [-91.51742, 38.71702], [-91.51587, 38.71745], [-91.5154, 38.71757], [-91.51425, 38.71786], [-91.51412, 38.71791], [-91.51405, 38.71797], [-91.51403, 38.71802], [-91.51408, 38.71817], [-91.51408, 38.71825], [-91.51404, 38.71831], [-91.51395, 38.71835], [-91.51263, 38.71864], [-91.5125, 38.71871], [-91.51242, 38.71879], [-91.51238, 38.71887], [-91.51241, 38.71936], [-91.51242, 38.71955], [-91.51234, 38.71973], [-91.51221, 38.71981], [-91.50595, 38.72149], [-91.50502, 38.72173], [-91.50425, 38.72189], [-91.50349, 38.72197], [-91.50259, 38.72207], [-91.50174, 38.72214], [-91.50097, 38.72221], [-91.5003, 38.72229], [-91.49956, 38.72244], [-91.4992, 38.7225], [-91.49759, 38.72283], [-91.49455, 38.72344], [-91.49261, 38.72383], [-91.4856, 38.72514], [-91.48444, 38.72535], [-91.48359, 38.72558], [-91.48037, 38.72649], [-91.4795, 38.72668], [-91.47833, 38.7269], [-91.4768, 38.72716], [-91.47539, 38.72741], [-91.47078, 38.72827], [-91.46701, 38.72901], [-91.46566, 38.72929], [-91.46303, 38.7298], [-91.4602, 38.73037], [-91.45849, 38.7308], [-91.45612, 38.73136], [-91.45304, 38.73213], [-91.44971, 38.733], [-91.44891, 38.73319], [-91.44772, 38.73348], [-91.44647, 38.73366], [-91.44507, 38.73385], [-91.44367, 38.73405], [-91.44238, 38.73414], [-91.44069, 38.73416], [-91.43838, 38.73417], [-91.43748, 38.73414], [-91.43677, 38.73418], [-91.43536, 38.7343], [-91.43374, 38.73444], [-91.43204, 38.73459], [-91.43088, 38.73471], [-91.43011, 38.73475], [-91.42898, 38.73482], [-91.42787, 38.73492], [-91.42738, 38.73494], [-91.4267, 38.73498], [-91.42546, 38.73505], [-91.42465, 38.7351], [-91.42322, 38.7352], [-91.42185, 38.73529], [-91.42111, 38.73532], [-91.42026, 38.7354], [-91.41936, 38.73542], [-91.41881, 38.73542], [-91.41781, 38.73544], [-91.41723, 38.73544], [-91.4167, 38.73547], [-91.41595, 38.73552], [-91.4136, 38.7357], [-91.4125, 38.73577], [-91.41143, 38.73583], [-91.41052, 38.73585], [-91.40944, 38.73592], [-91.40847, 38.73592], [-91.40733, 38.73591], [-91.40612, 38.7359], [-91.40449, 38.73589], [-91.4027, 38.73591], [-91.40076, 38.73595], [-91.3985, 38.73599], [-91.39747, 38.73598], [-91.3964, 38.73595], [-91.39551, 38.73592], [-91.39468, 38.73589], [-91.39391, 38.73587], [-91.39288, 38.7358], [-91.39196, 38.73571], [-91.39104, 38.73559], [-91.39022, 38.7355], [-91.38912, 38.7354], [-91.38821, 38.73531], [-91.3873, 38.73521], [-91.38588, 38.73506], [-91.38222, 38.73466], [-91.37972, 38.73439], [-91.37853, 38.73429], [-91.37799, 38.73428], [-91.37753, 38.73431], [-91.37694, 38.73436], [-91.37562, 38.73449], [-91.37502, 38.73454], [-91.37363, 38.73467], [-91.37183, 38.73481], [-91.37126, 38.73486], [-91.3708, 38.73487], [-91.37042, 38.73488], [-91.36999, 38.73487], [-91.36952, 38.73481], [-91.36913, 38.73476], [-91.36863, 38.73465], [-91.3681, 38.73448], [-91.36755, 38.73432], [-91.36683, 38.73406], [-91.36182, 38.73233], [-91.36132, 38.73215], [-91.36093, 38.73199], [-91.36058, 38.73185], [-91.36017, 38.73165], [-91.35979, 38.73144], [-91.35942, 38.73126], [-91.35888, 38.731], [-91.35365, 38.72839], [-91.35145, 38.72732], [-91.35088, 38.72701], [-91.3505, 38.7268], [-91.35005, 38.72651], [-91.34946, 38.72616], [-91.34659, 38.7244], [-91.34499, 38.72351], [-91.34412, 38.72304], [-91.34339, 38.72268], [-91.34276, 38.72239], [-91.34206, 38.72206], [-91.3413, 38.7217], [-91.34067, 38.72141], [-91.3402, 38.72122], [-91.33952, 38.72098], [-91.33912, 38.72087], [-91.33808, 38.72054], [-91.33737, 38.7203], [-91.33681, 38.72011], [-91.33618, 38.71985], [-91.33561, 38.71958], [-91.33463, 38.71909], [-91.33405, 38.71883], [-91.33323, 38.71841], [-91.33159, 38.71773], [-91.32675, 38.71529], [-91.32594, 38.71489], [-91.32526, 38.71457], [-91.32459, 38.71433], [-91.32391, 38.71412], [-91.31926, 38.71276], [-91.31842, 38.71249], [-91.3179, 38.71227], [-91.31713, 38.71184], [-91.31666, 38.71147], [-91.31611, 38.71097], [-91.31479, 38.70981], [-91.31412, 38.70928], [-91.31363, 38.70895], [-91.31317, 38.70871], [-91.31276, 38.70851], [-91.31229, 38.70831], [-91.31167, 38.70802], [-91.31104, 38.70771], [-91.31043, 38.70736], [-91.30977, 38.70699], [-91.30912, 38.70663], [-91.30864, 38.70644], [-91.30821, 38.70618], [-91.30791, 38.70592], [-91.30756, 38.70556], [-91.30599, 38.70402], [-91.30485, 38.7029], [-91.29952, 38.6987], [-91.29478, 38.69511], [-91.29414, 38.69471], [-91.29371, 38.69445], [-91.2934, 38.69421], [-91.2931, 38.69392], [-91.29262, 38.69359], [-91.29222, 38.69332], [-91.29182, 38.69302], [-91.29143, 38.69273], [-91.29115, 38.69257], [-91.29094, 38.69238], [-91.29076, 38.69227], [-91.2906, 38.69213], [-91.29036, 38.69199], [-91.2902, 38.69188], [-91.28977, 38.69158], [-91.2895, 38.69137], [-91.28925, 38.6912], [-91.28901, 38.69109], [-91.28856, 38.69079], [-91.28807, 38.69044], [-91.28459, 38.68803], [-91.28387, 38.68761], [-91.28309, 38.6872], [-91.28254, 38.68687], [-91.2818, 38.68642], [-91.27618, 38.68239], [-91.27368, 38.68034], [-91.27315, 38.67996], [-91.27268, 38.67966], [-91.27221, 38.67938], [-91.27188, 38.67918], [-91.27152, 38.67896], [-91.27106, 38.67869], [-91.27071, 38.67849], [-91.27036, 38.67825], [-91.27005, 38.67801], [-91.26969, 38.67774], [-91.26923, 38.67735], [-91.26884, 38.67695], [-91.26733, 38.67562], [-91.26688, 38.67526], [-91.2666, 38.67505], [-91.26632, 38.67485], [-91.26361, 38.6729], [-91.26104, 38.67109], [-91.26062, 38.67081], [-91.26006, 38.6705], [-91.25959, 38.67025], [-91.25878, 38.66984], [-91.25659, 38.66872], [-91.24885, 38.66474], [-91.2457, 38.66288], [-91.2445, 38.66213], [-91.24327, 38.66137], [-91.24227, 38.66074], [-91.24114, 38.65986], [-91.24022, 38.65915], [-91.23949, 38.6586], [-91.23899, 38.65831], [-91.23725, 38.65731], [-91.23487, 38.65598], [-91.23343, 38.65516], [-91.23255, 38.65461], [-91.23169, 38.65401], [-91.23095, 38.65354], [-91.23044, 38.65319], [-91.22982, 38.65282], [-91.22746, 38.65137], [-91.22415, 38.64937], [-91.22327, 38.64883], [-91.22279, 38.64858], [-91.22218, 38.64831], [-91.2212, 38.64788], [-91.21972, 38.64722], [-91.21791, 38.64645], [-91.2169, 38.64609], [-91.2162, 38.64586], [-91.21526, 38.64562], [-91.21358, 38.64526], [-91.21175, 38.64489], [-91.21085, 38.64472], [-91.20977, 38.6446], [-91.2084, 38.6444], [-91.20443, 38.6439], [-91.20306, 38.64377], [-91.20197, 38.6437], [-91.19893, 38.64357], [-91.19828, 38.64356], [-91.19751, 38.64357], [-91.19623, 38.6436], [-91.19132, 38.64366], [-91.19032, 38.64365], [-91.18969, 38.64362], [-91.18884, 38.6435], [-91.18819, 38.64338], [-91.18503, 38.64273], [-91.18414, 38.64256], [-91.18218, 38.64225], [-91.17728, 38.64142], [-91.17648, 38.64131], [-91.17475, 38.6411], [-91.16754, 38.64029], [-91.16472, 38.63997], [-91.16372, 38.63984], [-91.16285, 38.63967], [-91.16194, 38.63943], [-91.15965, 38.63882], [-91.15629, 38.63791], [-91.15394, 38.63729], [-91.15292, 38.63705], [-91.1523, 38.63696], [-91.15137, 38.6368], [-91.15008, 38.6366], [-91.14616, 38.63595], [-91.14504, 38.63574], [-91.14424, 38.63564], [-91.14322, 38.63558], [-91.13796, 38.63524], [-91.13639, 38.63513], [-91.13588, 38.63505], [-91.13514, 38.63495], [-91.13391, 38.63474], [-91.1293, 38.63395], [-91.12854, 38.63381], [-91.12791, 38.63375], [-91.12725, 38.63372], [-91.12186, 38.63367], [-91.11906, 38.63365], [-91.1181, 38.63368], [-91.11635, 38.6338], [-91.1143, 38.63397], [-91.11265, 38.63409], [-91.11199, 38.63412], [-91.11106, 38.63411], [-91.10794, 38.634], [-91.10708, 38.63395], [-91.10639, 38.63387], [-91.10361, 38.63331], [-91.10301, 38.63319], [-91.10254, 38.63314], [-91.10137, 38.63313], [-91.09514, 38.63288], [-91.09382, 38.63284], [-91.09302, 38.63288], [-91.08925, 38.63313], [-91.08858, 38.63314], [-91.08777, 38.6331], [-91.0868, 38.633], [-91.08605, 38.63286], [-91.08505, 38.63259], [-91.08344, 38.63218], [-91.08268, 38.63203], [-91.0814, 38.63178], [-91.07929, 38.63138], [-91.07494, 38.63051], [-91.07433, 38.63038], [-91.07369, 38.6302], [-91.06868, 38.6287], [-91.06821, 38.62856], [-91.06746, 38.62837], [-91.06524, 38.62785], [-91.06057, 38.62712], [-91.05996, 38.62699], [-91.0592, 38.62678], [-91.05826, 38.62642], [-91.05594, 38.62547], [-91.05532, 38.62526], [-91.05457, 38.62503], [-91.05318, 38.62464], [-91.05167, 38.62414], [-91.04459, 38.62165], [-91.04096, 38.62033], [-91.03994, 38.61996], [-91.03896, 38.61966], [-91.03664, 38.61905], [-91.03571, 38.61872], [-91.03, 38.61679], [-91.02413, 38.61483], [-91.01947, 38.61325], [-91.01808, 38.61272], [-91.01673, 38.61219], [-91.01538, 38.61156], [-91.01439, 38.61105], [-91.01361, 38.61065], [-91.01258, 38.6102], [-91.01155, 38.60978], [-91.01093, 38.6095], [-91.00945, 38.60879], [-91.00561, 38.60699], [-91.00454, 38.6065], [-91.00349, 38.60591], [-91.00277, 38.6055], [-91.00202, 38.605], [-91.00092, 38.60418], [-90.9996, 38.60305], [-90.9985, 38.60194], [-90.9979, 38.6012], [-90.99454, 38.59722], [-90.99115, 38.59263], [-90.99033, 38.59154], [-90.98997, 38.59115], [-90.98936, 38.59042], [-90.98835, 38.58924], [-90.98688, 38.58748], [-90.98638, 38.58696], [-90.986, 38.58658], [-90.98546, 38.58609], [-90.98376, 38.58465], [-90.97844, 38.58016], [-90.97463, 38.57698], [-90.97328, 38.57582], [-90.97264, 38.57531], [-90.97175, 38.57464], [-90.97119, 38.57427], [-90.9708, 38.57399], [-90.97055, 38.57378], [-90.97025, 38.57352], [-90.96958, 38.57305], [-90.96866, 38.57235], [-90.96794, 38.57183], [-90.96732, 38.57139], [-90.96679, 38.57106], [-90.96638, 38.5708], [-90.96584, 38.57051], [-90.96528, 38.57023], [-90.96478, 38.57002], [-90.96377, 38.56967], [-90.96331, 38.56957], [-90.96292, 38.56941], [-90.96254, 38.56929], [-90.96212, 38.5692], [-90.96176, 38.56908], [-90.9598, 38.56854], [-90.95916, 38.56842], [-90.95851, 38.5683], [-90.95796, 38.56828], [-90.95699, 38.56822], [-90.95466, 38.5681], [-90.95235, 38.56797], [-90.94782, 38.56773], [-90.94665, 38.56763], [-90.94557, 38.56747], [-90.94453, 38.56728], [-90.93982, 38.56636], [-90.93813, 38.56603], [-90.93737, 38.56585], [-90.93661, 38.56563], [-90.93571, 38.56535], [-90.93484, 38.56507], [-90.93435, 38.56493], [-90.93383, 38.56483], [-90.93327, 38.56477], [-90.93243, 38.56474], [-90.93059, 38.56469], [-90.92862, 38.56463], [-90.92791, 38.56463], [-90.92734, 38.56467], [-90.92495, 38.56486], [-90.92294, 38.56502], [-90.92133, 38.56514], [-90.92031, 38.56522], [-90.91936, 38.56525], [-90.91767, 38.56532], [-90.91637, 38.56538], [-90.91509, 38.56543], [-90.91438, 38.56545], [-90.91369, 38.56548], [-90.91295, 38.56551], [-90.91234, 38.56557], [-90.91137, 38.56567], [-90.90972, 38.56586], [-90.90631, 38.56624], [-90.9058, 38.56631], [-90.90546, 38.56639], [-90.905, 38.56647], [-90.90473, 38.56656], [-90.90452, 38.56665], [-90.90413, 38.56675], [-90.9025, 38.56724], [-90.89845, 38.56844], [-90.89729, 38.56876], [-90.89655, 38.56893], [-90.89601, 38.56902], [-90.89552, 38.56909], [-90.89521, 38.56912], [-90.89462, 38.56918], [-90.89407, 38.56921], [-90.89166, 38.56922], [-90.89084, 38.56924], [-90.89041, 38.56927], [-90.89009, 38.5693], [-90.88985, 38.56928], [-90.88959, 38.56925], [-90.88926, 38.56925], [-90.88821, 38.56932], [-90.88681, 38.56942], [-90.88562, 38.56949], [-90.88296, 38.56968], [-90.88015, 38.56983], [-90.87873, 38.56994], [-90.8777, 38.57004], [-90.87626, 38.5702], [-90.8743, 38.57045], [-90.87334, 38.57064], [-90.87255, 38.57089], [-90.87172, 38.57118], [-90.87036, 38.57166], [-90.86971, 38.57192], [-90.86914, 38.5721], [-90.86843, 38.57232], [-90.8678, 38.5725], [-90.86681, 38.57275], [-90.86622, 38.57283], [-90.86557, 38.5729], [-90.86498, 38.57292], [-90.86429, 38.57295], [-90.86346, 38.573], [-90.86284, 38.57303], [-90.86223, 38.57312], [-90.86146, 38.57324], [-90.86004, 38.57348], [-90.85897, 38.57367], [-90.8582, 38.57382], [-90.85773, 38.57394], [-90.85415, 38.57515], [-90.85206, 38.57583], [-90.85112, 38.57605], [-90.85032, 38.5762], [-90.84955, 38.57632], [-90.84897, 38.57639], [-90.84841, 38.57649], [-90.84763, 38.57664], [-90.84512, 38.57717], [-90.84391, 38.57742], [-90.84308, 38.57758], [-90.84238, 38.57769], [-90.8416, 38.5778], [-90.84042, 38.57801], [-90.83841, 38.57835], [-90.83787, 38.57845], [-90.83728, 38.57857], [-90.8365, 38.57889], [-90.83566, 38.5792], [-90.83487, 38.57949], [-90.8342, 38.57967], [-90.83356, 38.57981], [-90.83234, 38.5801], [-90.83149, 38.58029], [-90.83071, 38.58048], [-90.82999, 38.58072], [-90.82964, 38.58083], [-90.82933, 38.58092], [-90.82896, 38.58106], [-90.82857, 38.58117], [-90.82816, 38.58129], [-90.82733, 38.58152], [-90.8268, 38.58163], [-90.8262, 38.58168], [-90.82553, 38.58177], [-90.82501, 38.58184], [-90.82453, 38.58196], [-90.82402, 38.58213], [-90.82358, 38.58232], [-90.82092, 38.58378], [-90.81836, 38.58548], [-90.8158, 38.58721], [-90.81499, 38.58775], [-90.8144, 38.58814], [-90.81355, 38.58864], [-90.81288, 38.58901], [-90.8123, 38.58929], [-90.81156, 38.58965], [-90.8109, 38.58995], [-90.81025, 38.59032], [-90.80972, 38.59066], [-90.80923, 38.59098], [-90.80862, 38.59145], [-90.80794, 38.59207], [-90.80706, 38.59285], [-90.80572, 38.59405], [-90.80527, 38.59446], [-90.8047, 38.59498], [-90.8042, 38.59549], [-90.80351, 38.59629], [-90.80264, 38.59734], [-90.8004, 38.60013], [-90.79766, 38.60343], [-90.79707, 38.60418], [-90.79678, 38.60462], [-90.79654, 38.6051], [-90.79632, 38.60559], [-90.79614, 38.60602], [-90.79591, 38.60649], [-90.79561, 38.60707], [-90.79509, 38.60802], [-90.79455, 38.60894], [-90.79391, 38.60978], [-90.7932, 38.61061], [-90.79245, 38.61145], [-90.79183, 38.61219], [-90.79145, 38.61265], [-90.79107, 38.6132], [-90.79046, 38.61418], [-90.78994, 38.61501], [-90.78915, 38.61609], [-90.78856, 38.61699], [-90.78822, 38.61761], [-90.78778, 38.61845], [-90.78743, 38.61911], [-90.78702, 38.61988], [-90.78657, 38.62054], [-90.78612, 38.62118], [-90.78521, 38.62244], [-90.7846, 38.62334], [-90.78394, 38.62425], [-90.78302, 38.62556], [-90.78228, 38.62653], [-90.78142, 38.62758], [-90.78043, 38.62879], [-90.77918, 38.63032], [-90.77679, 38.63326], [-90.7754, 38.63499], [-90.775, 38.63549], [-90.77445, 38.63611], [-90.77193, 38.63922], [-90.77102, 38.64047], [-90.77049, 38.64134], [-90.77001, 38.6422], [-90.76967, 38.64298], [-90.7694, 38.64365], [-90.76905, 38.6445], [-90.76857, 38.64569], [-90.76764, 38.64791], [-90.76736, 38.64839], [-90.76703, 38.64884], [-90.76664, 38.64926], [-90.76618, 38.64967], [-90.7657, 38.65003], [-90.76445, 38.65094], [-90.76408, 38.65117], [-90.76368, 38.65137], [-90.76325, 38.65157], [-90.7626, 38.65187], [-90.76213, 38.6521], [-90.76164, 38.65237], [-90.76119, 38.65269], [-90.76021, 38.65336], [-90.75971, 38.65378], [-90.75919, 38.65431], [-90.75852, 38.65495], [-90.75785, 38.65557], [-90.75742, 38.65592], [-90.75677, 38.65634], [-90.75622, 38.6566], [-90.75542, 38.65688], [-90.75453, 38.65707], [-90.75337, 38.6573], [-90.75296, 38.65745], [-90.75227, 38.65769], [-90.75135, 38.65806], [-90.75081, 38.65824], [-90.75039, 38.65835], [-90.74992, 38.65848], [-90.74821, 38.6589], [-90.74644, 38.65941], [-90.74544, 38.6597], [-90.74472, 38.65992], [-90.74412, 38.66017], [-90.74287, 38.66076], [-90.73816, 38.66303], [-90.7303, 38.66682], [-90.7265, 38.66866], [-90.72522, 38.66929], [-90.72451, 38.66972], [-90.71976, 38.67279], [-90.71822, 38.67381], [-90.71747, 38.67428], [-90.71686, 38.67464], [-90.71592, 38.6751], [-90.71499, 38.67555], [-90.71397, 38.67608], [-90.71222, 38.67681], [-90.71043, 38.6775], [-90.7089, 38.67809], [-90.70673, 38.67891], [-90.70526, 38.67947], [-90.70449, 38.67981], [-90.70393, 38.68], [-90.7032, 38.68028], [-90.70189, 38.68077], [-90.70072, 38.68114], [-90.69939, 38.68155], [-90.69748, 38.68217], [-90.69689, 38.68233], [-90.69646, 38.68248], [-90.69566, 38.68275], [-90.6944, 38.68312], [-90.69323, 38.68342], [-90.69201, 38.68375], [-90.69091, 38.68402], [-90.68524, 38.68554], [-90.68323, 38.68606], [-90.68264, 38.68623], [-90.68176, 38.68646], [-90.68026, 38.68684], [-90.6792, 38.6871], [-90.67808, 38.68736], [-90.67693, 38.68764], [-90.67489, 38.68809], [-90.67275, 38.6886], [-90.67037, 38.68917], [-90.66898, 38.68948], [-90.66781, 38.68979], [-90.66678, 38.69009], [-90.666, 38.69025], [-90.66437, 38.69052], [-90.66229, 38.6909], [-90.66112, 38.69109], [-90.66058, 38.69113], [-90.6592, 38.69137], [-90.65845, 38.69158], [-90.65647, 38.69207], [-90.65518, 38.69234], [-90.65349, 38.69259], [-90.65204, 38.6928], [-90.65133, 38.69291], [-90.65007, 38.69314], [-90.6446, 38.69428], [-90.64249, 38.69473], [-90.64039, 38.6952], [-90.63949, 38.69537], [-90.63831, 38.69574], [-90.63768, 38.69592], [-90.63648, 38.69625], [-90.63414, 38.69694], [-90.63327, 38.69719], [-90.63231, 38.69746], [-90.63128, 38.69769], [-90.63014, 38.69799], [-90.62874, 38.69833], [-90.62736, 38.69869], [-90.62623, 38.69896], [-90.62535, 38.69918], [-90.62437, 38.69948], [-90.62354, 38.69973], [-90.62266, 38.70001], [-90.62125, 38.70046], [-90.61958, 38.70098], [-90.61826, 38.70138], [-90.6178, 38.70151], [-90.61751, 38.70165], [-90.6172, 38.70179], [-90.61666, 38.70205], [-90.61618, 38.70233], [-90.61579, 38.7025], [-90.6154, 38.70265], [-90.61494, 38.7028], [-90.61424, 38.70299], [-90.61391, 38.70303], [-90.61339, 38.70314], [-90.61266, 38.70346], [-90.61112, 38.70406], [-90.61051, 38.70429], [-90.60999, 38.70444], [-90.60934, 38.70461], [-90.60826, 38.70491], [-90.60693, 38.70526], [-90.60589, 38.70554], [-90.6047, 38.70583], [-90.60426, 38.70593], [-90.60367, 38.70606], [-90.60292, 38.70619], [-90.60182, 38.70643], [-90.60012, 38.70676], [-90.59884, 38.707], [-90.59813, 38.70712], [-90.59749, 38.70722], [-90.59671, 38.70732], [-90.5961, 38.70743], [-90.59558, 38.70755], [-90.59512, 38.70768], [-90.59466, 38.70779], [-90.59419, 38.70796], [-90.59346, 38.70819], [-90.59285, 38.70836], [-90.5923, 38.70849], [-90.59175, 38.70859], [-90.59109, 38.70867], [-90.59049, 38.70878], [-90.58932, 38.70896], [-90.58673, 38.70937], [-90.58543, 38.70956], [-90.58449, 38.70971], [-90.58367, 38.70987], [-90.58272, 38.71017], [-90.58233, 38.71032], [-90.58136, 38.71065], [-90.58032, 38.71103], [-90.57982, 38.71123], [-90.57938, 38.71145], [-90.57868, 38.71176], [-90.57812, 38.71202], [-90.57762, 38.71226], [-90.57721, 38.71241], [-90.57653, 38.71266], [-90.57604, 38.71277], [-90.57551, 38.71291], [-90.57495, 38.71305], [-90.57437, 38.71321], [-90.57391, 38.71336], [-90.57343, 38.71351], [-90.57305, 38.71366], [-90.5723, 38.71393], [-90.57168, 38.71415], [-90.57117, 38.7143], [-90.5701, 38.71465], [-90.56916, 38.71491], [-90.56835, 38.71516], [-90.56773, 38.71537], [-90.56635, 38.71578], [-90.56528, 38.71612], [-90.56463, 38.71632], [-90.56416, 38.71649], [-90.5635, 38.71676], [-90.56276, 38.71705], [-90.56171, 38.71746], [-90.56092, 38.7178], [-90.55995, 38.7182], [-90.5592, 38.71849], [-90.55856, 38.71873], [-90.55781, 38.71905], [-90.55722, 38.7193], [-90.55628, 38.71976], [-90.55555, 38.72016], [-90.55477, 38.72063], [-90.55439, 38.72087], [-90.55387, 38.72112], [-90.55308, 38.72144], [-90.55232, 38.72173], [-90.55112, 38.72223], [-90.55005, 38.72269], [-90.54874, 38.72337], [-90.54764, 38.72399], [-90.54723, 38.72427], [-90.54693, 38.72457], [-90.5466, 38.72493], [-90.54617, 38.72557], [-90.54542, 38.72683], [-90.54504, 38.7273], [-90.54455, 38.72773], [-90.54416, 38.72803], [-90.5437, 38.72828], [-90.54318, 38.72851], [-90.54269, 38.72868], [-90.5417, 38.72898], [-90.54078, 38.72926], [-90.53981, 38.72955], [-90.53879, 38.72989], [-90.53837, 38.73007], [-90.53795, 38.73026], [-90.53737, 38.73057], [-90.53664, 38.73097], [-90.53488, 38.73189], [-90.53308, 38.73305], [-90.53254, 38.7335], [-90.53217, 38.73377], [-90.53171, 38.73412], [-90.53126, 38.73438], [-90.53069, 38.7347], [-90.52975, 38.73523], [-90.52908, 38.73559], [-90.52818, 38.73609], [-90.52768, 38.73628], [-90.52728, 38.73643], [-90.52671, 38.73663], [-90.52632, 38.73681], [-90.52576, 38.73707], [-90.52489, 38.73751], [-90.52402, 38.73797], [-90.5234, 38.73837], [-90.52283, 38.73876], [-90.5218, 38.73939], [-90.52062, 38.74018], [-90.51993, 38.7407], [-90.51916, 38.74141], [-90.51812, 38.74232], [-90.51722, 38.74315], [-90.51668, 38.7435], [-90.51619, 38.74375], [-90.51553, 38.74409], [-90.5149, 38.74447], [-90.5142, 38.74491], [-90.51373, 38.74524], [-90.51272, 38.74596], [-90.51156, 38.74676], [-90.51133, 38.74685], [-90.51109, 38.74678], [-90.51076, 38.74624], [-90.51073, 38.74608], [-90.51088, 38.74589], [-90.51123, 38.74544], [-90.51123, 38.74526], [-90.5111, 38.74513], [-90.51085, 38.74508], [-90.51046, 38.74523], [-90.5089, 38.74578], [-90.50849, 38.74597], [-90.50577, 38.74706], [-90.50369, 38.74758], [-90.50323, 38.74773], [-90.50295, 38.74781], [-90.50261, 38.74775], [-90.50233, 38.74766], [-90.50202, 38.7477], [-90.50173, 38.74795], [-90.50164, 38.74808], [-90.50156, 38.74829], [-90.50153, 38.74893], [-90.50148, 38.74916], [-90.50131, 38.7494], [-90.5008, 38.74978], [-90.50051, 38.74998], [-90.5004, 38.75011], [-90.50034, 38.75063], [-90.50039, 38.75105], [-90.50042, 38.75138], [-90.50057, 38.75165], [-90.50078, 38.75184], [-90.50093, 38.75193], [-90.50104, 38.75226], [-90.50101, 38.75263], [-90.50086, 38.75313], [-90.50081, 38.75327], [-90.5008, 38.75343], [-90.50086, 38.75356], [-90.50099, 38.75373], [-90.5013, 38.75394], [-90.50155, 38.7541], [-90.50169, 38.75421], [-90.5017, 38.75437], [-90.50163, 38.75456], [-90.50148, 38.75471], [-90.50122, 38.75489], [-90.50012, 38.75574], [-90.49938, 38.75638], [-90.49876, 38.75698], [-90.49814, 38.75754], [-90.49748, 38.75819], [-90.49685, 38.75878], [-90.49623, 38.75938], [-90.49555, 38.76004], [-90.49474, 38.76083], [-90.49408, 38.76149], [-90.49338, 38.76219], [-90.49174, 38.76394], [-90.49097, 38.76483], [-90.49031, 38.76561], [-90.48966, 38.7664], [-90.489, 38.76726], [-90.48841, 38.76819], [-90.48763, 38.76929], [-90.48682, 38.77045], [-90.48636, 38.77105], [-90.48598, 38.7715], [-90.48558, 38.77193], [-90.48519, 38.77233], [-90.48477, 38.77279], [-90.48451, 38.77315], [-90.48431, 38.7735], [-90.48405, 38.77395], [-90.4838, 38.77441], [-90.48331, 38.77535], [-90.48278, 38.77634], [-90.48217, 38.77743], [-90.48151, 38.77866], [-90.48102, 38.77955], [-90.48044, 38.78059], [-90.47932, 38.78266], [-90.47889, 38.78344], [-90.47838, 38.78438], [-90.47812, 38.78497], [-90.47789, 38.78575], [-90.47764, 38.78673], [-90.47742, 38.78759], [-90.477, 38.78929], [-90.47685, 38.78978], [-90.47666, 38.79027], [-90.4763, 38.79114], [-90.47566, 38.79243], [-90.47515, 38.79333], [-90.4745, 38.79444], [-90.47378, 38.79558], [-90.473, 38.79664], [-90.47204, 38.79798], [-90.47129, 38.79909], [-90.47077, 38.79978], [-90.4698, 38.80092], [-90.46785, 38.80311], [-90.46673, 38.80437], [-90.46552, 38.80572], [-90.46469, 38.80667], [-90.46382, 38.80765], [-90.46282, 38.80863], [-90.46233, 38.80914], [-90.46173, 38.80972], [-90.46102, 38.81034], [-90.46049, 38.81088], [-90.46028, 38.81117], [-90.4594, 38.81225], [-90.45847, 38.81329], [-90.45672, 38.81528], [-90.45564, 38.81645], [-90.45497, 38.81731], [-90.4545, 38.81795], [-90.45399, 38.81867], [-90.45339, 38.81946], [-90.45289, 38.82014], [-90.45267, 38.8205], [-90.45227, 38.82137], [-90.45182, 38.82222], [-90.45145, 38.82294], [-90.45109, 38.8236], [-90.45093, 38.82389], [-90.45089, 38.82409], [-90.45081, 38.82419], [-90.45054, 38.82429], [-90.45021, 38.82428], [-90.44999, 38.82425], [-90.44978, 38.82425], [-90.44967, 38.82432], [-90.44958, 38.82449], [-90.44954, 38.82482], [-90.44956, 38.8251], [-90.44965, 38.82532], [-90.44979, 38.8255], [-90.44981, 38.82562], [-90.44973, 38.82578], [-90.44968, 38.82585], [-90.44923, 38.82647], [-90.4483, 38.82784], [-90.44774, 38.82864], [-90.4473, 38.82918], [-90.44698, 38.82952], [-90.44657, 38.82988], [-90.44633, 38.83004], [-90.44591, 38.8303], [-90.44547, 38.83054], [-90.445, 38.83074], [-90.44471, 38.83084], [-90.44447, 38.83092], [-90.44426, 38.83098], [-90.44404, 38.83104], [-90.44332, 38.8312], [-90.44213, 38.83142], [-90.44095, 38.83161], [-90.44086, 38.83188], [-90.44059, 38.83213], [-90.44022, 38.8322], [-90.43989, 38.83225], [-90.43962, 38.83224], [-90.43923, 38.83217], [-90.43902, 38.83203], [-90.435, 38.83268], [-90.4338, 38.83296], [-90.43108, 38.83336], [-90.42979, 38.83353], [-90.42861, 38.83374], [-90.42721, 38.83392], [-90.42597, 38.83413], [-90.42557, 38.83421], [-90.42466, 38.83447], [-90.42409, 38.8346], [-90.42358, 38.83483], [-90.42293, 38.83513], [-90.42196, 38.83567], [-90.42113, 38.83616], [-90.41974, 38.83702], [-90.41762, 38.83833], [-90.41482, 38.84001], [-90.41297, 38.84115], [-90.41058, 38.8426], [-90.40912, 38.84351], [-90.40778, 38.84433], [-90.40473, 38.84617], [-90.4041, 38.84658], [-90.40337, 38.84701], [-90.40235, 38.84765], [-90.39817, 38.85019], [-90.39693, 38.85095], [-90.39633, 38.85133], [-90.39577, 38.8516], [-90.39467, 38.85212], [-90.39403, 38.85239], [-90.39304, 38.85291], [-90.39223, 38.85339], [-90.3908, 38.85428], [-90.38751, 38.8563], [-90.38496, 38.85788], [-90.38444, 38.85826], [-90.38426, 38.85843], [-90.38374, 38.85897], [-90.38332, 38.85939], [-90.38017, 38.86319], [-90.37958, 38.86386], [-90.37865, 38.86497], [-90.37762, 38.86622], [-90.37611, 38.868], [-90.37548, 38.86873], [-90.37468, 38.86968], [-90.37189, 38.87295], [-90.37134, 38.87357], [-90.37078, 38.87413], [-90.37, 38.87475], [-90.3691, 38.8754], [-90.36528, 38.87813], [-90.36406, 38.87901], [-90.36208, 38.88042], [-90.36054, 38.88153], [-90.36015, 38.88182], [-90.35952, 38.88226], [-90.3578, 38.8835], [-90.35448, 38.88587], [-90.35008, 38.88904], [-90.34811, 38.89048], [-90.34524, 38.89253], [-90.34069, 38.89582], [-90.33885, 38.89712], [-90.33808, 38.89771], [-90.33721, 38.89833], [-90.33643, 38.89895], [-90.33539, 38.89999], [-90.33433, 38.901], [-90.33359, 38.90171], [-90.33311, 38.9022], [-90.33249, 38.90276], [-90.33191, 38.90316], [-90.33139, 38.90346]]}}, {"type": "Feature", "properties": {"id": "rt_12_0", "name": "C&O Canal Towpath (MD/DC)", "q": "great", "t": "rail", "c": "yes"}, "geometry": {"type": "LineString", "coordinates": [[-78.76358, 39.64994], [-78.76217, 39.64809], [-78.76224, 39.64739], [-78.76378, 39.64648], [-78.76393, 39.64438], [-78.7676, 39.63884], [-78.76831, 39.63714], [-78.76858, 39.63547], [-78.77261, 39.6306], [-78.77432, 39.62592], [-78.77451, 39.62428], [-78.77416, 39.62363], [-78.77267, 39.62288], [-78.76924, 39.62198], [-78.76673, 39.62172], [-78.76394, 39.62265], [-78.75954, 39.62511], [-78.75561, 39.62686], [-78.75201, 39.62691], [-78.74911, 39.6275], [-78.74797, 39.62743], [-78.7398, 39.62507], [-78.73641, 39.62337], [-78.73391, 39.62018], [-78.73223, 39.6164], [-78.73204, 39.6153], [-78.73309, 39.61336], [-78.7368, 39.61023], [-78.73768, 39.60781], [-78.7406, 39.60448], [-78.74201, 39.6032], [-78.7448, 39.60188], [-78.74634, 39.60056], [-78.74813, 39.5998], [-78.75031, 39.59936], [-78.75326, 39.59963], [-78.75527, 39.59918], [-78.76487, 39.59863], [-78.76572, 39.5982], [-78.76626, 39.59749], [-78.76643, 39.59558], [-78.7619, 39.59155], [-78.75769, 39.58834], [-78.75639, 39.58772], [-78.74359, 39.58609], [-78.74219, 39.58635], [-78.73931, 39.58781], [-78.73515, 39.58789], [-78.73319, 39.58729], [-78.73249, 39.5864], [-78.73063, 39.57553], [-78.73011, 39.5746], [-78.72448, 39.56875], [-78.72345, 39.56566], [-78.72241, 39.56478], [-78.72011, 39.56454], [-78.71674, 39.5647], [-78.71323, 39.56363], [-78.71225, 39.56288], [-78.71157, 39.56103], [-78.71059, 39.5602], [-78.70263, 39.55855], [-78.69852, 39.55698], [-78.69421, 39.55418], [-78.69042, 39.55121], [-78.6857, 39.54961], [-78.68359, 39.54818], [-78.67992, 39.54673], [-78.67659, 39.54495], [-78.67394, 39.54416], [-78.66566, 39.54076], [-78.64875, 39.53884], [-78.64024, 39.53837], [-78.63289, 39.54002], [-78.6285, 39.54035], [-78.62738, 39.54222], [-78.62682, 39.545], [-78.62537, 39.5455], [-78.61445, 39.53989], [-78.60337, 39.53981], [-78.60135, 39.53938], [-78.59787, 39.53769], [-78.59647, 39.53734], [-78.59169, 39.53788], [-78.59056, 39.53767], [-78.58937, 39.53693], [-78.58897, 39.53618], [-78.59107, 39.53261], [-78.59094, 39.53153], [-78.59024, 39.53091], [-78.58736, 39.53031], [-78.58436, 39.53101], [-78.58127, 39.5306], [-78.57769, 39.52952], [-78.56544, 39.52463], [-78.54541, 39.52304], [-78.53857, 39.52476], [-78.53423, 39.52545], [-78.52193, 39.52575], [-78.51673, 39.52466], [-78.50889, 39.5218], [-78.50491, 39.52078], [-78.49464, 39.51938], [-78.49196, 39.51948], [-78.48695, 39.52082], [-78.48477, 39.52099], [-78.47977, 39.52041], [-78.46804, 39.51995], [-78.46537, 39.52097], [-78.46423, 39.52208], [-78.46326, 39.52432], [-78.46323, 39.52541], [-78.46382, 39.52776], [-78.46561, 39.53042], [-78.46557, 39.53322], [-78.46405, 39.53607], [-78.46258, 39.53763], [-78.46073, 39.53852], [-78.46028, 39.5393], [-78.46119, 39.54313], [-78.4627, 39.54585], [-78.46338, 39.54801], [-78.46174, 39.5595], [-78.45813, 39.56371], [-78.4548, 39.56624], [-78.45222, 39.56874], [-78.45179, 39.56955], [-78.45214, 39.57043], [-78.45868, 39.57587], [-78.46016, 39.57818], [-78.46026, 39.58207], [-78.45925, 39.58613], [-78.45843, 39.58747], [-78.4568, 39.58885], [-78.45399, 39.59051], [-78.45153, 39.59151], [-78.44843, 39.5922], [-78.44424, 39.59246], [-78.42748, 39.58848], [-78.42025, 39.585], [-78.41298, 39.58303], [-78.40068, 39.58228], [-78.39866, 39.5831], [-78.39767, 39.58416], [-78.39724, 39.58534], [-78.39722, 39.58691], [-78.39757, 39.58781], [-78.39854, 39.5888], [-78.41449, 39.59682], [-78.41972, 39.59885], [-78.42935, 39.60742], [-78.43481, 39.614], [-78.4353, 39.61511], [-78.43515, 39.61947], [-78.43342, 39.62214], [-78.4313, 39.62373], [-78.42873, 39.62487], [-78.42607, 39.62538], [-78.42342, 39.62548], [-78.41981, 39.62494], [-78.39603, 39.61751], [-78.39422, 39.61655], [-78.39118, 39.61379], [-78.38758, 39.61196], [-78.3811, 39.60973], [-78.37731, 39.60938], [-78.37584, 39.61009], [-78.37482, 39.61103], [-78.37447, 39.61216], [-78.37468, 39.61283], [-78.38148, 39.6182], [-78.38295, 39.6198], [-78.38593, 39.62366], [-78.38629, 39.62466], [-78.38591, 39.62565], [-78.38407, 39.62803], [-78.38167, 39.62982], [-78.37989, 39.6306], [-78.37565, 39.63159], [-78.3688, 39.63062], [-78.36328, 39.62789], [-78.36022, 39.62715], [-78.35849, 39.62707], [-78.35653, 39.62753], [-78.35515, 39.62876], [-78.35499, 39.63039], [-78.35684, 39.63273], [-78.35962, 39.63491], [-78.36058, 39.63679], [-78.36057, 39.6377], [-78.36012, 39.6393], [-78.35837, 39.6409], [-78.3563, 39.64164], [-78.35434, 39.64177], [-78.35097, 39.64156], [-78.34627, 39.64041], [-78.33862, 39.63942], [-78.33387, 39.6395], [-78.32968, 39.6375], [-78.32741, 39.63678], [-78.309, 39.63173], [-78.29416, 39.62632], [-78.28802, 39.62312], [-78.2838, 39.62216], [-78.27802, 39.62189], [-78.26826, 39.62038], [-78.26674, 39.62045], [-78.26547, 39.6212], [-78.26495, 39.62203], [-78.26469, 39.62382], [-78.26476, 39.62857], [-78.26419, 39.63043], [-78.26194, 39.63248], [-78.2568, 39.64002], [-78.25367, 39.64387], [-78.24456, 39.64888], [-78.23962, 39.65238], [-78.2308, 39.65678], [-78.2265, 39.65998], [-78.2259, 39.66158], [-78.22645, 39.66328], [-78.23364, 39.66876], [-78.23476, 39.67004], [-78.23502, 39.67122], [-78.23482, 39.67223], [-78.23348, 39.67415], [-78.23044, 39.67615], [-78.22757, 39.67713], [-78.22466, 39.67695], [-78.20933, 39.67801], [-78.20383, 39.67944], [-78.2021, 39.68039], [-78.19866, 39.6837], [-78.19469, 39.69026], [-78.19071, 39.69436], [-78.18249, 39.69801], [-78.17705, 39.6978], [-78.16724, 39.69604], [-78.16332, 39.69564], [-78.15743, 39.69397], [-78.14128, 39.69186], [-78.13866, 39.69123], [-78.13358, 39.68934], [-78.12138, 39.68684], [-78.11622, 39.6863], [-78.1137, 39.68507], [-78.10591, 39.68347], [-78.10339, 39.68352], [-78.09847, 39.68143], [-78.09125, 39.67695], [-78.08256, 39.67258], [-78.07603, 39.67025], [-78.07021, 39.66747], [-78.06766, 39.66576], [-78.0589, 39.6587], [-78.04947, 39.65263], [-78.04868, 39.65139], [-78.0475, 39.64822], [-78.0467, 39.64719], [-78.04249, 39.64378], [-78.03818, 39.64103], [-78.032, 39.6361], [-78.0268, 39.62945], [-78.02186, 39.62657], [-78.00856, 39.607], [-78.00274, 39.60448], [-77.98432, 39.60332], [-77.98095, 39.60337], [-77.97665, 39.60398], [-77.97523, 39.6047], [-77.97123, 39.60772], [-77.96553, 39.61003], [-77.96369, 39.61048], [-77.95837, 39.61071], [-77.95483, 39.60985], [-77.95255, 39.60873], [-77.95154, 39.60869], [-77.95073, 39.6094], [-77.94833, 39.61513], [-77.94618, 39.61771], [-77.94449, 39.61911], [-77.9426, 39.62013], [-77.93845, 39.62052], [-77.93468, 39.6204], [-77.93263, 39.61982], [-77.92651, 39.6156], [-77.9257, 39.61427], [-77.92571, 39.61164], [-77.92512, 39.61037], [-77.9238, 39.60872], [-77.92059, 39.60631], [-77.9144, 39.6048], [-77.90896, 39.60401], [-77.90532, 39.60314], [-77.90156, 39.6028], [-77.89001, 39.59981], [-77.88665, 39.59923], [-77.8837, 39.59971], [-77.88275, 39.60052], [-77.88238, 39.60157], [-77.88242, 39.6048], [-77.88303, 39.60652], [-77.88398, 39.60785], [-77.88909, 39.61302], [-77.88905, 39.61448], [-77.88839, 39.61561], [-77.88717, 39.61652], [-77.88562, 39.61696], [-77.87438, 39.61555], [-77.87268, 39.61502], [-77.86914, 39.61282], [-77.86287, 39.61091], [-77.85463, 39.60944], [-77.84469, 39.60962], [-77.83904, 39.60922], [-77.83691, 39.60872], [-77.83247, 39.60603], [-77.83065, 39.60445], [-77.82642, 39.59898], [-77.82538, 39.59518], [-77.82581, 39.59054], [-77.82848, 39.58248], [-77.83174, 39.56952], [-77.83349, 39.56651], [-77.83571, 39.56462], [-77.83997, 39.56327], [-77.84359, 39.56311], [-77.84883, 39.56226], [-77.87787, 39.56135], [-77.88355, 39.55898], [-77.8845, 39.55769], [-77.8849, 39.55588], [-77.88479, 39.55503], [-77.88409, 39.55382], [-77.88248, 39.55257], [-77.87665, 39.54967], [-77.87022, 39.54569], [-77.86527, 39.5416], [-77.86351, 39.53958], [-77.86276, 39.53723], [-77.86285, 39.53219], [-77.86303, 39.52896], [-77.8643, 39.52438], [-77.86436, 39.5197], [-77.86356, 39.51764], [-77.86139, 39.5163], [-77.85952, 39.51586], [-77.85611, 39.51624], [-77.84671, 39.51827], [-77.84387, 39.51945], [-77.8427, 39.52066], [-77.84218, 39.52209], [-77.84242, 39.52582], [-77.84205, 39.52926], [-77.84022, 39.53182], [-77.8392, 39.53266], [-77.83753, 39.53337], [-77.83411, 39.53379], [-77.83012, 39.53308], [-77.82595, 39.53134], [-77.82341, 39.52937], [-77.82202, 39.52585], [-77.82178, 39.5238], [-77.82275, 39.519], [-77.82402, 39.51598], [-77.82475, 39.51516], [-77.82941, 39.51267], [-77.83532, 39.50869], [-77.84219, 39.5052], [-77.84512, 39.5032], [-77.84532, 39.50213], [-77.84501, 39.50109], [-77.84423, 39.5], [-77.84324, 39.49934], [-77.82927, 39.49573], [-77.818, 39.49485], [-77.8117, 39.49272], [-77.80359, 39.49173], [-77.79682, 39.49185], [-77.79319, 39.49272], [-77.79122, 39.49393], [-77.78724, 39.49816], [-77.78537, 39.4996], [-77.78365, 39.50044], [-77.78095, 39.50081], [-77.7764, 39.50095], [-77.77086, 39.50043], [-77.76709, 39.49896], [-77.7654, 39.49763], [-77.76401, 39.49592], [-77.76351, 39.49438], [-77.76377, 39.49273], [-77.7652, 39.49077], [-77.76782, 39.48874], [-77.77074, 39.48755], [-77.78095, 39.48553], [-77.78887, 39.48314], [-77.7934, 39.48086], [-77.79521, 39.47937], [-77.79635, 39.47794], [-77.79667, 39.4768], [-77.79629, 39.47505], [-77.79522, 39.47329], [-77.79393, 39.47202], [-77.78814, 39.46888], [-77.77806, 39.46546], [-77.77611, 39.46378], [-77.77575, 39.46163], [-77.77613, 39.4607], [-77.77729, 39.45977], [-77.77992, 39.45872], [-77.78177, 39.45864], [-77.78828, 39.4599], [-77.79239, 39.46032], [-77.79476, 39.46006], [-77.79655, 39.45923], [-77.79703, 39.45787], [-77.79579, 39.45594], [-77.79401, 39.45434], [-77.78437, 39.44887], [-77.78315, 39.4472], [-77.78295, 39.44549], [-77.78415, 39.44349], [-77.78625, 39.44217], [-77.79198, 39.44053], [-77.7986, 39.43976], [-77.79997, 39.43889], [-77.80058, 39.43737], [-77.79858, 39.43495], [-77.79365, 39.43297], [-77.77269, 39.42985], [-77.76486, 39.43025], [-77.76223, 39.42999], [-77.75957, 39.42934], [-77.75611, 39.42783], [-77.75202, 39.42495], [-77.74614, 39.41806], [-77.74275, 39.40969], [-77.73755, 39.40359], [-77.73651, 39.40171], [-77.73269, 39.39168], [-77.73234, 39.38946], [-77.73299, 39.38724], [-77.73403, 39.38605], [-77.73658, 39.38418], [-77.74066, 39.38336], [-77.74587, 39.38288], [-77.74835, 39.38221], [-77.74934, 39.38135], [-77.74986, 39.37978], [-77.74932, 39.37765], [-77.7413, 39.36699], [-77.74034, 39.36396], [-77.74018, 39.36218], [-77.74088, 39.35527], [-77.74294, 39.35188], [-77.74607, 39.3477], [-77.74925, 39.34593], [-77.75351, 39.3451], [-77.75637, 39.34317], [-77.75714, 39.34193], [-77.75731, 39.34066], [-77.75683, 39.33922], [-77.75568, 39.3378], [-77.75423, 39.33708], [-77.74495, 39.33586], [-77.74059, 39.33368], [-77.73722, 39.33262], [-77.73482, 39.33063], [-77.73013, 39.32814], [-77.72757, 39.32599], [-77.72605, 39.32398], [-77.72454, 39.3234], [-77.70617, 39.3257], [-77.70137, 39.32539], [-77.69539, 39.32367], [-77.69381, 39.32361], [-77.69107, 39.324], [-77.68959, 39.32453], [-77.68367, 39.32824], [-77.68157, 39.32916], [-77.67599, 39.32945], [-77.67253, 39.32892], [-77.6706, 39.32837], [-77.66874, 39.32738], [-77.6587, 39.32023], [-77.65523, 39.31857], [-77.64626, 39.31518], [-77.62967, 39.31124], [-77.62731, 39.31096], [-77.62194, 39.30912], [-77.60646, 39.30617], [-77.60274, 39.30508], [-77.59801, 39.30482], [-77.59227, 39.30561], [-77.57965, 39.30915], [-77.57067, 39.31105], [-77.56905, 39.31083], [-77.56814, 39.31104], [-77.56462, 39.31024], [-77.56094, 39.30865], [-77.55871, 39.30672], [-77.5572, 39.30459], [-77.55663, 39.30292], [-77.55679, 39.29976], [-77.55813, 39.29448], [-77.55776, 39.29305], [-77.55599, 39.29115], [-77.55442, 39.28864], [-77.55184, 39.28645], [-77.54835, 39.28228], [-77.54686, 39.27998], [-77.5442, 39.27438], [-77.54213, 39.27353], [-77.53503, 39.27291], [-77.53151, 39.27186], [-77.52774, 39.26921], [-77.52067, 39.26274], [-77.51884, 39.26164], [-77.50963, 39.25933], [-77.50253, 39.25684], [-77.49506, 39.25581], [-77.49038, 39.25469], [-77.48732, 39.25359], [-77.47639, 39.24509], [-77.46989, 39.23889], [-77.45674, 39.22969], [-77.45459, 39.22725], [-77.45119, 39.22231], [-77.45134, 39.22178], [-77.45412, 39.21879], [-77.45745, 39.21643], [-77.46105, 39.21453], [-77.46454, 39.21214], [-77.46724, 39.209], [-77.4691, 39.20558], [-77.46994, 39.20271], [-77.47012, 39.19353], [-77.47162, 39.19044], [-77.47382, 39.18775], [-77.48229, 39.18288], [-77.49035, 39.18043], [-77.49617, 39.17755], [-77.50113, 39.17311], [-77.50389, 39.17149], [-77.51254, 39.16894], [-77.51429, 39.16754], [-77.51505, 39.16555], [-77.51722, 39.15551], [-77.51793, 39.15047], [-77.51798, 39.14697], [-77.51765, 39.14484], [-77.5154, 39.13919], [-77.51457, 39.13552], [-77.51438, 39.13333], [-77.51493, 39.12799], [-77.51384, 39.12554], [-77.5125, 39.12422], [-77.5106, 39.123], [-77.50904, 39.12242], [-77.50493, 39.12144], [-77.49606, 39.1186], [-77.48957, 39.11802], [-77.48461, 39.11636], [-77.48303, 39.11537], [-77.47715, 39.11056], [-77.47426, 39.10744], [-77.47293, 39.10522], [-77.47067, 39.09776], [-77.4697, 39.09642], [-77.46403, 39.09066], [-77.46074, 39.08775], [-77.45647, 39.08501], [-77.44669, 39.08055], [-77.42977, 39.0761], [-77.41759, 39.07398], [-77.40956, 39.07135], [-77.39988, 39.06997], [-77.39281, 39.06835], [-77.37396, 39.06709], [-77.36632, 39.0674], [-77.35966, 39.06807], [-77.35389, 39.06794], [-77.33947, 39.06879], [-77.33094, 39.0678], [-77.32473, 39.06572], [-77.32008, 39.06364], [-77.31904, 39.06289], [-77.3169, 39.05966], [-77.31423, 39.05854], [-77.31295, 39.05847], [-77.30954, 39.05934], [-77.30495, 39.05956], [-77.29501, 39.057], [-77.28889, 39.05371], [-77.28667, 39.05207], [-77.28283, 39.05032], [-77.28128, 39.04898], [-77.28021, 39.04698], [-77.2792, 39.04595], [-77.27327, 39.04483], [-77.26515, 39.04097], [-77.25121, 39.03694], [-77.24954, 39.03588], [-77.24746, 39.0332], [-77.24343, 39.03109], [-77.24088, 39.02684], [-77.23841, 39.02467], [-77.23752, 39.02295], [-77.23746, 39.02082], [-77.23948, 39.01515], [-77.24412, 39.00855], [-77.24752, 39.00258], [-77.24865, 38.99956], [-77.24844, 38.99675], [-77.24651, 38.99493], [-77.24454, 38.9921], [-77.24416, 38.99056], [-77.24428, 38.988], [-77.24169, 38.98627], [-77.24075, 38.98527], [-77.2373, 38.98352], [-77.23236, 38.98342], [-77.22925, 38.98169], [-77.22567, 38.98062], [-77.22462, 38.9798], [-77.22342, 38.97775], [-77.22261, 38.97727], [-77.21805, 38.97781], [-77.21406, 38.97728], [-77.21045, 38.97838], [-77.20864, 38.97811], [-77.20429, 38.97641], [-77.19707, 38.97202], [-77.19447, 38.97121], [-77.18919, 38.97097], [-77.17584, 38.97249], [-77.16731, 38.97223], [-77.15883, 38.97047], [-77.15406, 38.97012], [-77.15054, 38.97045], [-77.1446, 38.96934], [-77.14046, 38.96544], [-77.13736, 38.96325], [-77.13568, 38.96129], [-77.1334, 38.95948], [-77.13113, 38.95662], [-77.13059, 38.9547], [-77.1283, 38.95204], [-77.12445, 38.94613], [-77.12327, 38.94237], [-77.12172, 38.93938], [-77.1189, 38.93772], [-77.11564, 38.93505], [-77.11412, 38.93316], [-77.11006, 38.92678], [-77.10277, 38.92082], [-77.09733, 38.91271], [-77.09507, 38.91047], [-77.09314, 38.90901], [-77.09056, 38.90766], [-77.08241, 38.905], [-77.07793, 38.90566], [-77.06848, 38.90435], [-77.0678, 38.90454], [-77.06802, 38.90452], [-77.05671, 38.90404], [-77.05696, 38.90265], [-77.05738, 38.90211], [-77.05703, 38.8994]]}}, {"type": "Feature", "properties": {"id": "rt_12_1", "name": "C&O Canal Towpath (MD/DC)", "q": "great", "t": "rail", "c": "yes"}, "geometry": {"type": "LineString", "coordinates": [[-78.32823, 39.63792], [-78.30877, 39.63202], [-78.29381, 39.62641], [-78.28894, 39.62398], [-78.28293, 39.62246], [-78.27865, 39.62226], [-78.26944, 39.62092], [-78.26723, 39.62127], [-78.26617, 39.62204], [-78.2656, 39.62312], [-78.26607, 39.62703], [-78.26559, 39.62926], [-78.26488, 39.63049], [-78.26186, 39.63317], [-78.25752, 39.64243], [-78.25619, 39.64454], [-78.2534, 39.64667], [-78.24393, 39.65067], [-78.23375, 39.65685], [-78.23178, 39.65867], [-78.23119, 39.66051], [-78.23135, 39.66222], [-78.23511, 39.66869], [-78.23559, 39.67038], [-78.23516, 39.67262], [-78.2333, 39.67484], [-78.23005, 39.67672], [-78.22799, 39.67743], [-78.22381, 39.67748], [-78.21738, 39.67962], [-78.20722, 39.6806], [-78.20273, 39.68184], [-78.20097, 39.6828], [-78.19907, 39.68442], [-78.19433, 39.69227], [-78.19251, 39.69423], [-78.1906, 39.69561], [-78.18538, 39.69803], [-78.1833, 39.6987], [-78.1818, 39.6988], [-78.14797, 39.69377], [-78.13319, 39.691], [-78.12557, 39.68858], [-78.10839, 39.68566], [-78.09894, 39.68218], [-78.08268, 39.67307], [-78.07696, 39.67119], [-78.06994, 39.6678], [-78.05769, 39.65862], [-78.04942, 39.65373], [-78.048, 39.65218], [-78.04453, 39.64642], [-78.03157, 39.63758], [-78.01784, 39.62453]]}}, {"type": "Feature", "properties": {"id": "rt_13_0", "name": "Great Allegheny Passage (PA/MD)", "q": "great", "t": "rail", "c": "yes"}, "geometry": {"type": "LineString", "coordinates": [[-78.76253, 39.64861], [-78.76361, 39.64988], [-78.76399, 39.65131], [-78.76786, 39.6547], [-78.76848, 39.65488], [-78.76839, 39.65442], [-78.76873, 39.65428], [-78.77096, 39.65606], [-78.7768, 39.65887], [-78.78079, 39.6618], [-78.7814, 39.66281], [-78.78198, 39.66603], [-78.78304, 39.66736], [-78.7847, 39.66824], [-78.79038, 39.67009], [-78.79202, 39.67121], [-78.79335, 39.67283], [-78.7939, 39.67465], [-78.79363, 39.67651], [-78.78584, 39.68841], [-78.78568, 39.68949], [-78.78636, 39.69053], [-78.78791, 39.6911], [-78.78969, 39.69072], [-78.80103, 39.68131], [-78.80381, 39.67829], [-78.80498, 39.67776], [-78.80654, 39.67771], [-78.80813, 39.67847], [-78.80877, 39.67959], [-78.80815, 39.68256], [-78.80852, 39.68605], [-78.80947, 39.68698], [-78.81231, 39.68771], [-78.81352, 39.6885], [-78.81533, 39.6929], [-78.81687, 39.69443], [-78.81852, 39.69533], [-78.82015, 39.69573], [-78.82438, 39.69538], [-78.82728, 39.69575], [-78.82938, 39.69647], [-78.8337, 39.69864], [-78.83496, 39.69892], [-78.83652, 39.69872], [-78.8398, 39.69736], [-78.84406, 39.69688], [-78.84592, 39.69602], [-78.85279, 39.68866], [-78.85332, 39.68752], [-78.85388, 39.68358], [-78.85477, 39.68269], [-78.85579, 39.68235], [-78.85765, 39.68263], [-78.85878, 39.68389], [-78.85874, 39.68484], [-78.85739, 39.68715], [-78.85721, 39.68822], [-78.85779, 39.69094], [-78.85899, 39.69203], [-78.86127, 39.69215], [-78.86377, 39.69069], [-78.86557, 39.6905], [-78.86719, 39.69119], [-78.86899, 39.69342], [-78.87083, 39.6939], [-78.87218, 39.69364], [-78.87482, 39.69235], [-78.87817, 39.69178], [-78.88333, 39.68881], [-78.88431, 39.6875], [-78.88377, 39.6832], [-78.88168, 39.681], [-78.8812, 39.68007], [-78.88132, 39.67899], [-78.88203, 39.67812], [-78.88365, 39.6775], [-78.8871, 39.67783], [-78.88865, 39.67762], [-78.88984, 39.67693], [-78.89395, 39.67243], [-78.89516, 39.67165], [-78.8974, 39.67111], [-78.90184, 39.67113], [-78.90965, 39.66712], [-78.91523, 39.66613], [-78.91626, 39.66543], [-78.91684, 39.66459], [-78.917, 39.66177], [-78.91787, 39.66027], [-78.92016, 39.65929], [-78.92142, 39.65937], [-78.92295, 39.65993], [-78.92519, 39.66217], [-78.92593, 39.66329], [-78.92605, 39.66429], [-78.92572, 39.66532], [-78.92302, 39.66961], [-78.92223, 39.67181], [-78.92206, 39.67342], [-78.92277, 39.67505], [-78.92519, 39.67786], [-78.92549, 39.67923], [-78.92123, 39.68588], [-78.9157, 39.69296], [-78.9154, 39.69524], [-78.91661, 39.69893], [-78.91612, 39.70123], [-78.91489, 39.70275], [-78.91111, 39.70518], [-78.90999, 39.70656], [-78.90979, 39.7089], [-78.912, 39.71202], [-78.91229, 39.71303], [-78.91207, 39.71432], [-78.91118, 39.71555], [-78.90716, 39.71832], [-78.90451, 39.72215], [-78.9036, 39.72262], [-78.89998, 39.72342], [-78.89869, 39.72425], [-78.89758, 39.72591], [-78.89729, 39.72848], [-78.89673, 39.72984], [-78.89244, 39.73311], [-78.89089, 39.73528], [-78.8909, 39.73712], [-78.8975, 39.74664], [-78.89964, 39.74811], [-78.9016, 39.74879], [-78.90844, 39.74913], [-78.9098, 39.74959], [-78.91302, 39.75187], [-78.93252, 39.76186], [-78.94017, 39.76886], [-78.94774, 39.77442], [-78.95012, 39.77597], [-78.95714, 39.77956], [-78.95867, 39.78071], [-78.96033, 39.78443], [-78.96178, 39.78583], [-78.9636, 39.78649], [-78.96599, 39.78682], [-78.96751, 39.78756], [-78.96831, 39.78877], [-78.96829, 39.79205], [-78.96925, 39.79362], [-78.97146, 39.79467], [-78.98052, 39.79676], [-78.98238, 39.79764], [-78.98378, 39.79918], [-78.98484, 39.8043], [-78.98584, 39.80584], [-78.98805, 39.80719], [-78.99327, 39.80852], [-78.99444, 39.80921], [-78.99562, 39.81066], [-78.99601, 39.81186], [-78.99596, 39.81287], [-78.99423, 39.81688], [-78.99454, 39.81803], [-78.99561, 39.81913], [-78.99827, 39.81994], [-79.00412, 39.8204], [-79.00796, 39.81936], [-79.01181, 39.81657], [-79.01322, 39.816], [-79.01547, 39.81585], [-79.02126, 39.81668], [-79.02339, 39.81804], [-79.02514, 39.82121], [-79.02606, 39.82187], [-79.03044, 39.82347], [-79.03141, 39.82443], [-79.03254, 39.82631], [-79.03377, 39.82742], [-79.04921, 39.83634], [-79.05698, 39.84236], [-79.05876, 39.84494], [-79.05911, 39.84613], [-79.0587, 39.84761], [-79.05647, 39.85167], [-79.05486, 39.8531], [-79.05115, 39.85496], [-79.0506, 39.85621], [-79.05085, 39.85691], [-79.05151, 39.85762], [-79.05268, 39.85812], [-79.05755, 39.85968], [-79.06193, 39.85995], [-79.06356, 39.86075], [-79.06477, 39.86246], [-79.06547, 39.86784], [-79.06651, 39.8691], [-79.0675, 39.86963], [-79.06889, 39.86986], [-79.07312, 39.86907], [-79.0755, 39.86956], [-79.07977, 39.8736], [-79.08145, 39.87451], [-79.08316, 39.87499], [-79.08868, 39.87534], [-79.09059, 39.87604], [-79.09179, 39.87712], [-79.09332, 39.88005], [-79.09547, 39.88122], [-79.09682, 39.88137], [-79.0999, 39.88093], [-79.10647, 39.87828], [-79.10825, 39.87823], [-79.11064, 39.8787], [-79.11347, 39.87969], [-79.11536, 39.88091], [-79.12494, 39.88968], [-79.12771, 39.89736], [-79.13278, 39.90274], [-79.13379, 39.9035], [-79.13535, 39.90409], [-79.1399, 39.90413], [-79.14194, 39.90489], [-79.14364, 39.90618], [-79.14728, 39.91078], [-79.14959, 39.91211], [-79.15277, 39.91236], [-79.16786, 39.90997], [-79.18214, 39.90829], [-79.18503, 39.90674], [-79.18604, 39.90562], [-79.18835, 39.90165], [-79.18985, 39.90028], [-79.19202, 39.89921], [-79.2005, 39.89678], [-79.20169, 39.8959], [-79.20281, 39.89458], [-79.20337, 39.89308], [-79.20338, 39.88893], [-79.20406, 39.88669], [-79.20543, 39.88452], [-79.20666, 39.88321], [-79.20783, 39.88261], [-79.20948, 39.88241], [-79.22332, 39.88292], [-79.2252, 39.88251], [-79.22656, 39.8817], [-79.22788, 39.87975], [-79.22986, 39.86844], [-79.22923, 39.86593], [-79.22757, 39.86126], [-79.22715, 39.86081], [-79.22721, 39.86012], [-79.22585, 39.85605], [-79.22565, 39.8546], [-79.22592, 39.85331], [-79.22836, 39.84985], [-79.22994, 39.84828], [-79.23162, 39.84722], [-79.24111, 39.84421], [-79.24474, 39.84251], [-79.24298, 39.84082], [-79.23933, 39.83957], [-79.23893, 39.83918], [-79.23871, 39.83764], [-79.23922, 39.83561], [-79.23993, 39.8346], [-79.24175, 39.83393], [-79.243, 39.83406], [-79.24431, 39.83474], [-79.24544, 39.83615], [-79.2462, 39.8386], [-79.24702, 39.84002], [-79.24804, 39.84072], [-79.25062, 39.83937], [-79.25169, 39.83837], [-79.25496, 39.83011], [-79.25635, 39.82847], [-79.25898, 39.82809], [-79.26014, 39.82838], [-79.26315, 39.83133], [-79.2656, 39.83167], [-79.26692, 39.83137], [-79.26791, 39.83075], [-79.27055, 39.82808], [-79.27187, 39.8274], [-79.28063, 39.82482], [-79.28201, 39.82473], [-79.28403, 39.8253], [-79.28665, 39.82752], [-79.28777, 39.82804], [-79.28915, 39.82821], [-79.29089, 39.82772], [-79.29191, 39.82683], [-79.29229, 39.82586], [-79.29199, 39.81846], [-79.29258, 39.81734], [-79.29423, 39.81567], [-79.29458, 39.81464], [-79.29425, 39.81359], [-79.29206, 39.81118], [-79.29212, 39.80943], [-79.29345, 39.8067], [-79.29807, 39.80314], [-79.29942, 39.80249], [-79.30116, 39.80243], [-79.30576, 39.80428], [-79.31362, 39.80574], [-79.31535, 39.80593], [-79.32264, 39.80551], [-79.32406, 39.80496], [-79.32476, 39.80424], [-79.32536, 39.80041], [-79.32623, 39.79881], [-79.32702, 39.79801], [-79.32893, 39.797], [-79.33126, 39.79668], [-79.35185, 39.79735], [-79.35315, 39.79797], [-79.35392, 39.79881], [-79.3547, 39.80189], [-79.35615, 39.80355], [-79.3613, 39.80675], [-79.36527, 39.80612], [-79.3648, 39.80631], [-79.36465, 39.80738], [-79.3663, 39.81267], [-79.36638, 39.81891], [-79.36705, 39.82052], [-79.36811, 39.82185], [-79.36972, 39.82299], [-79.37625, 39.82599], [-79.38222, 39.82691], [-79.3837, 39.82789], [-79.38398, 39.82935], [-79.3823, 39.83469], [-79.38257, 39.83567], [-79.38338, 39.83659], [-79.39061, 39.83955], [-79.39485, 39.84238], [-79.40364, 39.84624], [-79.4094, 39.84817], [-79.41847, 39.85318], [-79.4206, 39.85394], [-79.42393, 39.85402], [-79.4331, 39.85203], [-79.43529, 39.85201], [-79.43929, 39.85259], [-79.44231, 39.85217], [-79.44899, 39.84866], [-79.45326, 39.84388], [-79.45496, 39.84274], [-79.4572, 39.84178], [-79.45837, 39.84156], [-79.46046, 39.84178], [-79.46445, 39.8437], [-79.46553, 39.84467], [-79.46596, 39.84594], [-79.46376, 39.85233], [-79.46405, 39.85341], [-79.46466, 39.85415], [-79.46593, 39.85483], [-79.46863, 39.85538], [-79.47015, 39.85602], [-79.47287, 39.85808], [-79.47744, 39.86066], [-79.48361, 39.86562], [-79.48593, 39.86821], [-79.49008, 39.86975], [-79.49289, 39.87018], [-79.4942, 39.87097], [-79.49517, 39.87241], [-79.49499, 39.87432], [-79.49269, 39.87713], [-79.48495, 39.88041], [-79.48155, 39.8826], [-79.47976, 39.88454], [-79.47884, 39.88674], [-79.47846, 39.88929], [-79.47888, 39.89511], [-79.476, 39.90094], [-79.47661, 39.90254], [-79.47826, 39.90334], [-79.48571, 39.90322], [-79.48868, 39.90367], [-79.48966, 39.9044], [-79.49018, 39.90544], [-79.49023, 39.90654], [-79.48975, 39.90803], [-79.48888, 39.90909], [-79.48642, 39.91067], [-79.48429, 39.91272], [-79.48225, 39.91346], [-79.47564, 39.9142], [-79.47409, 39.91516], [-79.47348, 39.91668], [-79.47411, 39.91822], [-79.47869, 39.92144], [-79.48119, 39.92409], [-79.48299, 39.92495], [-79.4867, 39.92545], [-79.48814, 39.92635], [-79.48896, 39.92845], [-79.49083, 39.93739], [-79.49005, 39.93938], [-79.48793, 39.94311], [-79.4879, 39.94445], [-79.48886, 39.94579], [-79.49401, 39.94817], [-79.49527, 39.94907], [-79.49732, 39.95436], [-79.4979, 39.95721], [-79.49944, 39.95901], [-79.50261, 39.96184], [-79.50551, 39.96361], [-79.50693, 39.96408], [-79.5158, 39.96513], [-79.52283, 39.96471], [-79.53242, 39.96517], [-79.54063, 39.96631], [-79.54652, 39.96832], [-79.54803, 39.96855], [-79.55131, 39.96816], [-79.55827, 39.96509], [-79.56306, 39.96444], [-79.56511, 39.96467], [-79.56739, 39.96541], [-79.5695, 39.96688], [-79.57186, 39.9706], [-79.57292, 39.97151], [-79.58293, 39.97417], [-79.585, 39.97615], [-79.5862, 39.98072], [-79.58918, 39.9833], [-79.59072, 39.9862], [-79.59396, 39.98911], [-79.59518, 39.99305], [-79.59872, 39.99707], [-79.5997, 39.99845], [-79.59997, 39.99942], [-79.60013, 40.00013], [-79.59984, 40.00164], [-79.59669, 40.00864], [-79.596, 40.01089], [-79.59578, 40.01293], [-79.59473, 40.01512], [-79.59668, 40.0206], [-79.59737, 40.02052], [-79.59788, 40.02082], [-79.60029, 40.02023], [-79.60175, 40.02058], [-79.60343, 40.02224], [-79.60433, 40.02437], [-79.60435, 40.0266], [-79.60345, 40.02946], [-79.60199, 40.03167], [-79.59954, 40.03406], [-79.59895, 40.03522], [-79.59895, 40.03705], [-79.60027, 40.03893], [-79.61177, 40.04469], [-79.61615, 40.04578], [-79.61814, 40.04585], [-79.6205, 40.04531], [-79.62346, 40.04359], [-79.62903, 40.03739], [-79.63073, 40.03616], [-79.63221, 40.03574], [-79.636, 40.03558], [-79.64064, 40.03624], [-79.64484, 40.03782], [-79.65162, 40.04159], [-79.66155, 40.0452], [-79.66276, 40.04669], [-79.66573, 40.04879], [-79.66842, 40.04973], [-79.67246, 40.05026], [-79.67789, 40.05232], [-79.67986, 40.054], [-79.68073, 40.0571], [-79.68156, 40.05866], [-79.68303, 40.05982], [-79.68502, 40.06038], [-79.68708, 40.06026], [-79.68871, 40.05947], [-79.69115, 40.05625], [-79.69225, 40.05264], [-79.69348, 40.05154], [-79.69439, 40.05112], [-79.69612, 40.05095], [-79.69841, 40.05163], [-79.70084, 40.05337], [-79.70311, 40.05951], [-79.70452, 40.06089], [-79.71134, 40.06285], [-79.71379, 40.06389], [-79.71688, 40.06635], [-79.72637, 40.07121], [-79.72762, 40.07253], [-79.72783, 40.07421], [-79.72731, 40.07532], [-79.72631, 40.07627], [-79.7245, 40.07712], [-79.71894, 40.07815], [-79.71323, 40.08131], [-79.71258, 40.08214], [-79.71205, 40.08362], [-79.71215, 40.08464], [-79.71266, 40.08562], [-79.71448, 40.08684], [-79.72026, 40.08842], [-79.72863, 40.08857], [-79.73229, 40.08938], [-79.73784, 40.09003], [-79.74004, 40.09091], [-79.74184, 40.09243], [-79.74436, 40.09625], [-79.74397, 40.10005], [-79.74411, 40.10116], [-79.74468, 40.102], [-79.75442, 40.10554], [-79.76038, 40.11057], [-79.76109, 40.11171], [-79.76139, 40.11364], [-79.76092, 40.11577], [-79.75981, 40.11748], [-79.75409, 40.12213], [-79.74837, 40.12459], [-79.74695, 40.12564], [-79.74636, 40.12658], [-79.74586, 40.13495], [-79.74834, 40.14986], [-79.74792, 40.15231], [-79.74605, 40.15539], [-79.74572, 40.15657], [-79.74627, 40.15802], [-79.74731, 40.15871], [-79.74909, 40.15873], [-79.75248, 40.15787], [-79.75436, 40.15793], [-79.75655, 40.15878], [-79.75842, 40.16024], [-79.76075, 40.16338], [-79.76201, 40.16595], [-79.76307, 40.17119], [-79.76444, 40.17507], [-79.76546, 40.17624], [-79.76718, 40.17674], [-79.77119, 40.17634], [-79.77509, 40.1768], [-79.77787, 40.1778], [-79.77887, 40.17862], [-79.77943, 40.17959], [-79.77953, 40.18112], [-79.77903, 40.1829], [-79.77846, 40.18375], [-79.77647, 40.18538], [-79.76909, 40.18787], [-79.76116, 40.18874], [-79.75946, 40.18954], [-79.75859, 40.19083], [-79.75861, 40.19226], [-79.76, 40.19411], [-79.76885, 40.19912], [-79.76991, 40.20029], [-79.77113, 40.20288], [-79.77142, 40.20851], [-79.76945, 40.21284], [-79.76839, 40.21746], [-79.76709, 40.21993], [-79.76665, 40.22329], [-79.76725, 40.22437], [-79.76844, 40.22527], [-79.7741, 40.22722], [-79.776, 40.2274], [-79.78147, 40.22704], [-79.78741, 40.22731], [-79.79324, 40.22854], [-79.79875, 40.2292], [-79.8022, 40.23005], [-79.80521, 40.23129], [-79.80647, 40.23233], [-79.80744, 40.23391], [-79.80801, 40.23624], [-79.8079, 40.23761], [-79.80567, 40.2427], [-79.80168, 40.24693], [-79.79955, 40.25091], [-79.79738, 40.25392], [-79.79176, 40.25883], [-79.79047, 40.26155], [-79.79033, 40.26337], [-79.79102, 40.2652], [-79.79749, 40.2726], [-79.798, 40.27354], [-79.79813, 40.27832], [-79.79749, 40.28038], [-79.79617, 40.28174], [-79.79425, 40.28242], [-79.78985, 40.28292], [-79.78339, 40.28281], [-79.7796, 40.28361], [-79.77761, 40.28504], [-79.77722, 40.28623], [-79.77732, 40.28725], [-79.78041, 40.29115], [-79.78422, 40.29397], [-79.78685, 40.29652], [-79.78809, 40.2972], [-79.78897, 40.29746], [-79.79086, 40.29717], [-79.79229, 40.29614], [-79.79357, 40.2945], [-79.79552, 40.29314], [-79.79759, 40.29229], [-79.79945, 40.29195], [-79.80113, 40.29219], [-79.80301, 40.29314], [-79.80705, 40.29714], [-79.80752, 40.29833], [-79.80765, 40.3003], [-79.80738, 40.30237], [-79.80658, 40.30362], [-79.8055, 40.30434], [-79.79609, 40.30804], [-79.79391, 40.30925], [-79.7929, 40.31027], [-79.79227, 40.31232], [-79.7925, 40.31375], [-79.7932, 40.31493], [-79.79451, 40.31595], [-79.79937, 40.31769], [-79.80396, 40.31855], [-79.81359, 40.31877], [-79.81552, 40.31838], [-79.81822, 40.31714], [-79.82637, 40.31155], [-79.82814, 40.31074], [-79.83124, 40.31046], [-79.83521, 40.31151], [-79.83711, 40.31278], [-79.84173, 40.3196], [-79.84443, 40.32279], [-79.84509, 40.32334], [-79.84619, 40.32353], [-79.84634, 40.32446], [-79.8478, 40.32613], [-79.84888, 40.32597], [-79.84895, 40.32642], [-79.84852, 40.32708], [-79.84914, 40.32787], [-79.85172, 40.33007], [-79.85923, 40.33486], [-79.86187, 40.33634], [-79.86264, 40.33634], [-79.86303, 40.33697], [-79.86297, 40.33756], [-79.86011, 40.33998], [-79.86255, 40.34216], [-79.86237, 40.34247], [-79.86346, 40.34346], [-79.86381, 40.34462], [-79.86521, 40.34443], [-79.86537, 40.34512], [-79.86751, 40.3449], [-79.86824, 40.34659], [-79.8687, 40.34941], [-79.86898, 40.34955], [-79.86941, 40.35129], [-79.86335, 40.35218], [-79.86404, 40.35459], [-79.86343, 40.35516], [-79.85363, 40.35515], [-79.84757, 40.35556], [-79.8473, 40.35867], [-79.84332, 40.36149], [-79.84204, 40.36349], [-79.84162, 40.36517], [-79.84234, 40.36974], [-79.84453, 40.37393], [-79.84595, 40.37568], [-79.85343, 40.3828], [-79.85377, 40.3826], [-79.85775, 40.38638], [-79.85872, 40.38673], [-79.85935, 40.38766], [-79.86477, 40.39011], [-79.8684, 40.39244], [-79.87687, 40.39987], [-79.87832, 40.4013], [-79.87807, 40.40177], [-79.88, 40.40338], [-79.89115, 40.40909], [-79.89327, 40.40865], [-79.89597, 40.40935], [-79.8967, 40.41015], [-79.8968, 40.41225], [-79.89751, 40.41323], [-79.89859, 40.41405], [-79.90023, 40.41467], [-79.90452, 40.4148], [-79.90974, 40.41382], [-79.91248, 40.41291], [-79.91583, 40.41099], [-79.9184, 40.40884], [-79.91808, 40.40847], [-79.9196, 40.40698], [-79.92063, 40.4053], [-79.92065, 40.4044], [-79.91967, 40.40326], [-79.9285, 40.39632], [-79.93034, 40.39532], [-79.93231, 40.39495], [-79.93876, 40.39478], [-79.94095, 40.39509], [-79.9449, 40.39634], [-79.94949, 40.39993], [-79.95191, 40.40282], [-79.95371, 40.40696], [-79.95499, 40.4114], [-79.95506, 40.41784], [-79.95554, 40.42037], [-79.9575, 40.42339], [-79.96048, 40.42614], [-79.96251, 40.42732], [-79.95773, 40.4301], [-79.95886, 40.43124], [-79.96681, 40.4349], [-79.97187, 40.43613], [-79.97757, 40.43585], [-79.98918, 40.43392], [-79.99595, 40.43443], [-79.99747, 40.43494], [-79.9989, 40.4359], [-80.00102, 40.43635], [-80.00026, 40.43585], [-80.00668, 40.43838], [-80.01324, 40.44185]]}}, {"type": "Feature", "properties": {"id": "rt_14_0", "name": "Mass Central Rail Trail (MA)", "q": "great", "t": "rail", "c": "yes"}, "geometry": {"type": "LineString", "coordinates": [[-71.85779, 42.37428], [-71.8588, 42.37559], [-71.86008, 42.37902], [-71.86062, 42.37967], [-71.86576, 42.38244], [-71.86714, 42.38278], [-71.86932, 42.38255], [-71.87061, 42.38197], [-71.8728, 42.37995]]}}, {"type": "Feature", "properties": {"id": "rt_14_1", "name": "Mass Central Rail Trail (MA)", "q": "great", "t": "rail", "c": "yes"}, "geometry": {"type": "LineString", "coordinates": [[-71.15879, 42.39599], [-71.14652, 42.39597], [-71.14308, 42.39655]]}}, {"type": "Feature", "properties": {"id": "rt_14_2", "name": "Mass Central Rail Trail (MA)", "q": "great", "t": "rail", "c": "yes"}, "geometry": {"type": "LineString", "coordinates": [[-72.19505, 42.31035], [-72.19179, 42.31028], [-72.18972, 42.31087], [-72.18776, 42.31182], [-72.18274, 42.31532], [-72.17992, 42.3163], [-72.17812, 42.3177], [-72.17704, 42.31946], [-72.17544, 42.32112], [-72.17546, 42.32147], [-72.17638, 42.32223]]}}, {"type": "Feature", "properties": {"id": "rt_14_3", "name": "Mass Central Rail Trail (MA)", "q": "great", "t": "rail", "c": "yes"}, "geometry": {"type": "LineString", "coordinates": [[-72.4032, 42.26619], [-72.40076, 42.26199], [-72.39896, 42.26012], [-72.38932, 42.25467]]}}, {"type": "Feature", "properties": {"id": "rt_14_4", "name": "Mass Central Rail Trail (MA)", "q": "great", "t": "rail", "c": "yes"}, "geometry": {"type": "LineString", "coordinates": [[-71.54969, 42.39398], [-71.54772, 42.39451], [-71.54274, 42.39502], [-71.53606, 42.39625]]}}, {"type": "Feature", "properties": {"id": "rt_14_5", "name": "Mass Central Rail Trail (MA)", "q": "great", "t": "rail", "c": "yes"}, "geometry": {"type": "LineString", "coordinates": [[-72.22155, 42.26884], [-72.21927, 42.27152], [-72.21876, 42.27277], [-72.21756, 42.28276], [-72.21815, 42.29265], [-72.21732, 42.29788], [-72.21652, 42.29983], [-72.21369, 42.30407], [-72.21304, 42.30704]]}}, {"type": "Feature", "properties": {"id": "rt_14_6", "name": "Mass Central Rail Trail (MA)", "q": "great", "t": "rail", "c": "yes"}, "geometry": {"type": "LineString", "coordinates": [[-71.85343, 42.38192], [-71.85646, 42.38053], [-71.85651, 42.37757], [-71.85506, 42.3754]]}}, {"type": "Feature", "properties": {"id": "rt_14_7", "name": "Mass Central Rail Trail (MA)", "q": "great", "t": "rail", "c": "yes"}, "geometry": {"type": "LineString", "coordinates": [[-71.85509, 42.37539], [-71.85789, 42.37525], [-71.85804, 42.37491], [-71.85752, 42.37494], [-71.85769, 42.37461], [-71.85693, 42.37388], [-71.85787, 42.37434]]}}, {"type": "Feature", "properties": {"id": "rt_14_8", "name": "Mass Central Rail Trail (MA)", "q": "great", "t": "rail", "c": "yes"}, "geometry": {"type": "LineString", "coordinates": [[-72.42518, 42.31255], [-72.42421, 42.30956], [-72.42337, 42.30887], [-72.42262, 42.3069], [-72.42278, 42.30472]]}}, {"type": "Feature", "properties": {"id": "rt_14_9", "name": "Mass Central Rail Trail (MA)", "q": "great", "t": "rail", "c": "yes"}, "geometry": {"type": "LineString", "coordinates": [[-71.27784, 42.37531], [-71.28433, 42.3725], [-71.28871, 42.37164], [-71.29275, 42.37196], [-71.29581, 42.37167], [-71.29865, 42.37224], [-71.30592, 42.37214], [-71.31293, 42.37018], [-71.35821, 42.3649], [-71.3613, 42.36429]]}}, {"type": "Feature", "properties": {"id": "rt_14_10", "name": "Mass Central Rail Trail (MA)", "q": "great", "t": "rail", "c": "yes"}, "geometry": {"type": "LineString", "coordinates": [[-71.90802, 42.38394], [-71.90694, 42.38377], [-71.90514, 42.38404]]}}, {"type": "Feature", "properties": {"id": "rt_14_11", "name": "Mass Central Rail Trail (MA)", "q": "great", "t": "rail", "c": "yes"}, "geometry": {"type": "LineString", "coordinates": [[-71.91907, 42.39726], [-71.92269, 42.39475], [-71.92448, 42.3921], [-71.92546, 42.39131], [-71.93925, 42.38632]]}}, {"type": "Feature", "properties": {"id": "rt_14_12", "name": "Mass Central Rail Trail (MA)", "q": "great", "t": "rail", "c": "yes"}, "geometry": {"type": "LineString", "coordinates": [[-71.93925, 42.38632], [-71.93995, 42.38934], [-71.94095, 42.39181], [-71.94147, 42.39498]]}}, {"type": "Feature", "properties": {"id": "rt_14_13", "name": "Mass Central Rail Trail (MA)", "q": "great", "t": "rail", "c": "yes"}, "geometry": {"type": "LineString", "coordinates": [[-71.79524, 42.3879], [-71.79511, 42.38748], [-71.79558, 42.38695], [-71.80159, 42.38784], [-71.80684, 42.38745], [-71.81431, 42.38404], [-71.81675, 42.3834], [-71.81933, 42.38329], [-71.82209, 42.38371], [-71.82575, 42.38293], [-71.82967, 42.38351], [-71.83152, 42.38323], [-71.83306, 42.38236], [-71.83398, 42.38073], [-71.83381, 42.37945], [-71.83227, 42.37677]]}}, {"type": "Feature", "properties": {"id": "rt_14_14", "name": "Mass Central Rail Trail (MA)", "q": "great", "t": "rail", "c": "yes"}, "geometry": {"type": "LineString", "coordinates": [[-71.83227, 42.37677], [-71.8307, 42.37398], [-71.83065, 42.37268]]}}, {"type": "Feature", "properties": {"id": "rt_14_15", "name": "Mass Central Rail Trail (MA)", "q": "great", "t": "rail", "c": "yes"}, "geometry": {"type": "LineString", "coordinates": [[-71.96274, 42.38189], [-71.964, 42.38155]]}}, {"type": "Feature", "properties": {"id": "rt_14_16", "name": "Mass Central Rail Trail (MA)", "q": "great", "t": "rail", "c": "yes"}, "geometry": {"type": "LineString", "coordinates": [[-71.964, 42.38155], [-71.97032, 42.37898], [-71.98109, 42.37999], [-71.9832, 42.37945], [-71.9847, 42.37791], [-71.98466, 42.37397], [-71.98526, 42.37216], [-71.98988, 42.3681], [-71.99511, 42.36724], [-72.0, 42.36785], [-72.00255, 42.36855]]}}, {"type": "Feature", "properties": {"id": "rt_14_17", "name": "Mass Central Rail Trail (MA)", "q": "great", "t": "rail", "c": "yes"}, "geometry": {"type": "LineString", "coordinates": [[-72.00255, 42.36855], [-72.02035, 42.37353], [-72.02289, 42.3738], [-72.02585, 42.37368], [-72.02749, 42.37411], [-72.02922, 42.37573], [-72.03009, 42.37917], [-72.03205, 42.38188], [-72.03388, 42.3835], [-72.03632, 42.38449], [-72.03821, 42.38623], [-72.04321, 42.38928], [-72.04509, 42.39], [-72.04655, 42.39015], [-72.05546, 42.38889], [-72.05738, 42.39032], [-72.05691, 42.39056], [-72.05709, 42.39082]]}}, {"type": "Feature", "properties": {"id": "rt_14_18", "name": "Mass Central Rail Trail (MA)", "q": "great", "t": "rail", "c": "yes"}, "geometry": {"type": "LineString", "coordinates": [[-72.05709, 42.39082], [-72.06013, 42.39006], [-72.06156, 42.39006], [-72.0657, 42.39102], [-72.06456, 42.39104], [-72.06451, 42.39144], [-72.06481, 42.3915], [-72.07045, 42.39135]]}}, {"type": "Feature", "properties": {"id": "rt_14_19", "name": "Mass Central Rail Trail (MA)", "q": "great", "t": "rail", "c": "yes"}, "geometry": {"type": "LineString", "coordinates": [[-71.91918, 42.3973], [-71.91493, 42.39532], [-71.90969, 42.38998], [-71.9079, 42.38568], [-71.90803, 42.38394]]}}, {"type": "Feature", "properties": {"id": "rt_14_20", "name": "Mass Central Rail Trail (MA)", "q": "great", "t": "rail", "c": "yes"}, "geometry": {"type": "LineString", "coordinates": [[-71.87268, 42.38005], [-71.87436, 42.38116], [-71.87729, 42.3819], [-71.87789, 42.38234], [-71.87864, 42.38367], [-71.87929, 42.38406]]}}, {"type": "Feature", "properties": {"id": "rt_14_21", "name": "Mass Central Rail Trail (MA)", "q": "great", "t": "rail", "c": "yes"}, "geometry": {"type": "LineString", "coordinates": [[-71.83343, 42.3748], [-71.83528, 42.37578], [-71.83659, 42.37596]]}}, {"type": "Feature", "properties": {"id": "rt_14_22", "name": "Mass Central Rail Trail (MA)", "q": "great", "t": "rail", "c": "yes"}, "geometry": {"type": "LineString", "coordinates": [[-71.83061, 42.37271], [-71.83154, 42.37422], [-71.8326, 42.37484], [-71.83456, 42.37441], [-71.83707, 42.37537], [-71.8363, 42.37668], [-71.83697, 42.37766], [-71.83685, 42.37803], [-71.83841, 42.37886], [-71.8391, 42.38188], [-71.83857, 42.3825]]}}, {"type": "Feature", "properties": {"id": "rt_14_23", "name": "Mass Central Rail Trail (MA)", "q": "great", "t": "rail", "c": "yes"}, "geometry": {"type": "LineString", "coordinates": [[-71.71785, 42.40722], [-71.71178, 42.40908], [-71.70988, 42.40923]]}}, {"type": "Feature", "properties": {"id": "rt_14_24", "name": "Mass Central Rail Trail (MA)", "q": "great", "t": "rail", "c": "yes"}, "geometry": {"type": "LineString", "coordinates": [[-71.12709, 42.39755], [-71.12282, 42.39701], [-71.10567, 42.39253]]}}, {"type": "Feature", "properties": {"id": "rt_14_25", "name": "Mass Central Rail Trail (MA)", "q": "great", "t": "rail", "c": "yes"}, "geometry": {"type": "LineString", "coordinates": [[-71.12574, 42.3973], [-71.1254, 42.39755]]}}, {"type": "Feature", "properties": {"id": "rt_14_26", "name": "Mass Central Rail Trail (MA)", "q": "great", "t": "rail", "c": "yes"}, "geometry": {"type": "LineString", "coordinates": [[-71.26392, 42.37685], [-71.26219, 42.37756], [-71.2594, 42.3776]]}}, {"type": "Feature", "properties": {"id": "rt_14_27", "name": "Mass Central Rail Trail (MA)", "q": "great", "t": "rail", "c": "yes"}, "geometry": {"type": "LineString", "coordinates": [[-71.39836, 42.36062], [-71.40658, 42.36016], [-71.41095, 42.35948], [-71.41472, 42.36002], [-71.4226, 42.36351], [-71.50343, 42.38969], [-71.51218, 42.39302], [-71.51689, 42.39393], [-71.5258, 42.39635], [-71.53057, 42.3968], [-71.53578, 42.39572], [-71.53605, 42.39625]]}}, {"type": "Feature", "properties": {"id": "rt_14_28", "name": "Mass Central Rail Trail (MA)", "q": "great", "t": "rail", "c": "yes"}, "geometry": {"type": "LineString", "coordinates": [[-71.42255, 42.3636], [-71.4226, 42.36351]]}}, {"type": "Feature", "properties": {"id": "rt_14_29", "name": "Mass Central Rail Trail (MA)", "q": "great", "t": "rail", "c": "yes"}, "geometry": {"type": "LineString", "coordinates": [[-71.42273, 42.36347], [-71.42254, 42.36341]]}}, {"type": "Feature", "properties": {"id": "rt_14_30", "name": "Mass Central Rail Trail (MA)", "q": "great", "t": "rail", "c": "yes"}, "geometry": {"type": "LineString", "coordinates": [[-71.42268, 42.36334], [-71.42272, 42.36326]]}}, {"type": "Feature", "properties": {"id": "rt_14_31", "name": "Mass Central Rail Trail (MA)", "q": "great", "t": "rail", "c": "yes"}, "geometry": {"type": "LineString", "coordinates": [[-71.83862, 42.38255], [-71.83892, 42.38276], [-71.83918, 42.38229], [-71.83993, 42.38343], [-71.83967, 42.38412], [-71.83999, 42.38445], [-71.83952, 42.38488], [-71.84014, 42.38551], [-71.8414, 42.38295], [-71.8409, 42.38208], [-71.84104, 42.3817], [-71.84149, 42.38183], [-71.84201, 42.38389], [-71.84228, 42.38372], [-71.84258, 42.38197], [-71.84318, 42.38328], [-71.84354, 42.3832], [-71.84367, 42.38157], [-71.84953, 42.38177], [-71.85044, 42.38308], [-71.84983, 42.38377], [-71.85002, 42.38425], [-71.85088, 42.38425], [-71.85105, 42.38471], [-71.85157, 42.38482], [-71.85193, 42.38468], [-71.85194, 42.38392], [-71.85233, 42.38427], [-71.85267, 42.38397], [-71.85228, 42.38365], [-71.85236, 42.38148], [-71.85265, 42.38157], [-71.8528, 42.38268], [-71.85344, 42.38192]]}}, {"type": "Feature", "properties": {"id": "rt_14_32", "name": "Mass Central Rail Trail (MA)", "q": "great", "t": "rail", "c": "yes"}, "geometry": {"type": "LineString", "coordinates": [[-72.17638, 42.32223], [-72.17178, 42.32871], [-72.16971, 42.33045], [-72.13764, 42.35134]]}}, {"type": "Feature", "properties": {"id": "rt_14_33", "name": "Mass Central Rail Trail (MA)", "q": "great", "t": "rail", "c": "yes"}, "geometry": {"type": "LineString", "coordinates": [[-71.70936, 42.40926], [-71.69805, 42.40636], [-71.69491, 42.40497], [-71.69336, 42.40465], [-71.68753, 42.40544]]}}, {"type": "Feature", "properties": {"id": "rt_14_34", "name": "Mass Central Rail Trail (MA)", "q": "great", "t": "rail", "c": "yes"}, "geometry": {"type": "LineString", "coordinates": [[-71.06208, 42.37088], [-71.06401, 42.36972]]}}, {"type": "Feature", "properties": {"id": "rt_14_35", "name": "Mass Central Rail Trail (MA)", "q": "great", "t": "rail", "c": "yes"}, "geometry": {"type": "LineString", "coordinates": [[-71.06161, 42.37059], [-71.06228, 42.37029], [-71.06254, 42.36969], [-71.0631, 42.36957]]}}, {"type": "Feature", "properties": {"id": "rt_14_36", "name": "Mass Central Rail Trail (MA)", "q": "great", "t": "rail", "c": "yes"}, "geometry": {"type": "LineString", "coordinates": [[-71.06181, 42.3694], [-71.06261, 42.37018], [-71.06213, 42.37079]]}}, {"type": "Feature", "properties": {"id": "rt_14_37", "name": "Mass Central Rail Trail (MA)", "q": "great", "t": "rail", "c": "yes"}, "geometry": {"type": "LineString", "coordinates": [[-71.06417, 42.3697], [-71.06183, 42.36939]]}}, {"type": "Feature", "properties": {"id": "rt_14_38", "name": "Mass Central Rail Trail (MA)", "q": "great", "t": "rail", "c": "yes"}, "geometry": {"type": "LineString", "coordinates": [[-71.96082, 42.38222], [-71.96027, 42.3832], [-71.95089, 42.3867], [-71.94974, 42.38831], [-71.94945, 42.39114], [-71.94851, 42.3922], [-71.9442, 42.39449], [-71.94147, 42.39498]]}}, {"type": "Feature", "properties": {"id": "rt_14_39", "name": "Mass Central Rail Trail (MA)", "q": "great", "t": "rail", "c": "yes"}, "geometry": {"type": "LineString", "coordinates": [[-71.37041, 42.3633], [-71.36131, 42.36428]]}}, {"type": "Feature", "properties": {"id": "rt_14_40", "name": "Mass Central Rail Trail (MA)", "q": "great", "t": "rail", "c": "yes"}, "geometry": {"type": "LineString", "coordinates": [[-72.21247, 42.31029], [-72.21076, 42.312], [-72.20863, 42.31244], [-72.19922, 42.31169], [-72.19505, 42.31035]]}}, {"type": "Feature", "properties": {"id": "rt_14_41", "name": "Mass Central Rail Trail (MA)", "q": "great", "t": "rail", "c": "yes"}, "geometry": {"type": "LineString", "coordinates": [[-71.22022, 42.3804], [-71.22326, 42.38036], [-71.23111, 42.38146], [-71.23523, 42.38138], [-71.24576, 42.38018], [-71.25119, 42.37765], [-71.25305, 42.37731], [-71.2594, 42.3776]]}}, {"type": "Feature", "properties": {"id": "rt_14_42", "name": "Mass Central Rail Trail (MA)", "q": "great", "t": "rail", "c": "yes"}, "geometry": {"type": "LineString", "coordinates": [[-71.87928, 42.38406], [-71.88075, 42.38336], [-71.88231, 42.38187], [-71.88348, 42.37719], [-71.88513, 42.37525], [-71.88584, 42.37373], [-71.88659, 42.38236]]}}, {"type": "Feature", "properties": {"id": "rt_14_43", "name": "Mass Central Rail Trail (MA)", "q": "great", "t": "rail", "c": "yes"}, "geometry": {"type": "LineString", "coordinates": [[-71.88659, 42.38236], [-71.88713, 42.38434], [-71.89096, 42.38702], [-71.89148, 42.38707], [-71.89508, 42.38511], [-71.89918, 42.38145], [-71.89979, 42.37964], [-71.90111, 42.37788], [-71.9009, 42.37684], [-71.90143, 42.37599], [-71.90135, 42.37497], [-71.90194, 42.37579]]}}, {"type": "Feature", "properties": {"id": "rt_14_44", "name": "Mass Central Rail Trail (MA)", "q": "great", "t": "rail", "c": "yes"}, "geometry": {"type": "LineString", "coordinates": [[-71.90194, 42.37579], [-71.905, 42.38349], [-71.90559, 42.3867]]}}, {"type": "Feature", "properties": {"id": "rt_14_45", "name": "Mass Central Rail Trail (MA)", "q": "great", "t": "rail", "c": "yes"}, "geometry": {"type": "LineString", "coordinates": [[-71.90559, 42.3867], [-71.90627, 42.38824], [-71.9072, 42.3894], [-71.91284, 42.3938], [-71.91743, 42.39853]]}}, {"type": "Feature", "properties": {"id": "rt_14_46", "name": "Mass Central Rail Trail (MA)", "q": "great", "t": "rail", "c": "yes"}, "geometry": {"type": "LineString", "coordinates": [[-71.91743, 42.39853], [-71.91918, 42.39731]]}}, {"type": "Feature", "properties": {"id": "rt_14_47", "name": "Mass Central Rail Trail (MA)", "q": "great", "t": "rail", "c": "yes"}, "geometry": {"type": "LineString", "coordinates": [[-71.07574, 42.37204], [-71.07743, 42.37302], [-71.0811, 42.37402], [-71.08249, 42.37488], [-71.09366, 42.38629], [-71.10351, 42.39082], [-71.10565, 42.3925]]}}, {"type": "Feature", "properties": {"id": "rt_14_48", "name": "Mass Central Rail Trail (MA)", "q": "great", "t": "rail", "c": "yes"}, "geometry": {"type": "LineString", "coordinates": [[-72.63189, 42.32919], [-72.62552, 42.33331], [-72.61573, 42.33857], [-72.53775, 42.35639], [-72.53558, 42.35768], [-72.53097, 42.36234], [-72.52813, 42.36699], [-72.52632, 42.368], [-72.52508, 42.3682], [-72.51401, 42.36693], [-72.51186, 42.36617], [-72.50578, 42.35943], [-72.50364, 42.35598], [-72.48412, 42.33969], [-72.46337, 42.32944]]}}, {"type": "Feature", "properties": {"id": "rt_14_49", "name": "Mass Central Rail Trail (MA)", "q": "great", "t": "rail", "c": "yes"}, "geometry": {"type": "LineString", "coordinates": [[-71.76849, 42.41207], [-71.76833, 42.41677], [-71.76942, 42.42209], [-71.76892, 42.42462], [-71.76753, 42.42685], [-71.75965, 42.43483]]}}, {"type": "Feature", "properties": {"id": "rt_14_50", "name": "Mass Central Rail Trail (MA)", "q": "great", "t": "rail", "c": "yes"}, "geometry": {"type": "LineString", "coordinates": [[-72.27795, 42.2391], [-72.26958, 42.24087], [-72.26558, 42.24303], [-72.25422, 42.24732], [-72.2529, 42.24604], [-72.25039, 42.24752], [-72.25023, 42.24776], [-72.25069, 42.24876]]}}, {"type": "Feature", "properties": {"id": "rt_14_51", "name": "Mass Central Rail Trail (MA)", "q": "great", "t": "rail", "c": "yes"}, "geometry": {"type": "LineString", "coordinates": [[-71.2079, 42.38279], [-71.2205, 42.38031]]}}, {"type": "Feature", "properties": {"id": "rt_14_52", "name": "Mass Central Rail Trail (MA)", "q": "great", "t": "rail", "c": "yes"}, "geometry": {"type": "LineString", "coordinates": [[-71.96082, 42.38222], [-71.96275, 42.38189]]}}, {"type": "Feature", "properties": {"id": "rt_14_53", "name": "Mass Central Rail Trail (MA)", "q": "great", "t": "rail", "c": "yes"}, "geometry": {"type": "LineString", "coordinates": [[-71.27784, 42.37532], [-71.27497, 42.37593], [-71.27233, 42.37498]]}}, {"type": "Feature", "properties": {"id": "rt_14_54", "name": "Mass Central Rail Trail (MA)", "q": "great", "t": "rail", "c": "yes"}, "geometry": {"type": "LineString", "coordinates": [[-71.68203, 42.40937], [-71.68345, 42.40796], [-71.68419, 42.40586], [-71.68572, 42.4044], [-71.68713, 42.40376], [-71.68792, 42.40429]]}}, {"type": "Feature", "properties": {"id": "rt_14_55", "name": "Mass Central Rail Trail (MA)", "q": "great", "t": "rail", "c": "yes"}, "geometry": {"type": "LineString", "coordinates": [[-71.68771, 42.40411], [-71.68598, 42.40627]]}}, {"type": "Feature", "properties": {"id": "rt_14_56", "name": "Mass Central Rail Trail (MA)", "q": "great", "t": "rail", "c": "yes"}, "geometry": {"type": "LineString", "coordinates": [[-71.68794, 42.40429], [-71.68717, 42.40505], [-71.68717, 42.40563], [-71.68852, 42.40577], [-71.68892, 42.40554], [-71.68897, 42.4048], [-71.68855, 42.40544]]}}, {"type": "Feature", "properties": {"id": "rt_14_57", "name": "Mass Central Rail Trail (MA)", "q": "great", "t": "rail", "c": "yes"}, "geometry": {"type": "LineString", "coordinates": [[-71.14307, 42.39655], [-71.14138, 42.3969], [-71.14099, 42.3962], [-71.1384, 42.39568]]}}, {"type": "Feature", "properties": {"id": "rt_14_58", "name": "Mass Central Rail Trail (MA)", "q": "great", "t": "rail", "c": "yes"}, "geometry": {"type": "LineString", "coordinates": [[-72.6274, 42.31802], [-72.62695, 42.3185], [-72.6273, 42.31937], [-72.63004, 42.32172], [-72.63166, 42.32448], [-72.63241, 42.32902], [-72.6319, 42.32918]]}}, {"type": "Feature", "properties": {"id": "rt_14_59", "name": "Mass Central Rail Trail (MA)", "q": "great", "t": "rail", "c": "yes"}, "geometry": {"type": "LineString", "coordinates": [[-72.36239, 42.23105], [-72.3622, 42.22944], [-72.36087, 42.22623], [-72.35835, 42.223], [-72.35688, 42.21961], [-72.35479, 42.21786], [-72.35369, 42.21598], [-72.351, 42.21306], [-72.34979, 42.21345], [-72.3449, 42.21366], [-72.3456, 42.21071], [-72.34207, 42.21034], [-72.337, 42.20821], [-72.3324, 42.20904], [-72.33073, 42.2089], [-72.32816, 42.2081], [-72.32656, 42.20657], [-72.32562, 42.20611], [-72.3233, 42.20533], [-72.31932, 42.20489], [-72.31705, 42.20818], [-72.31648, 42.21588], [-72.31427, 42.21896], [-72.31209, 42.22878], [-72.31105, 42.23182], [-72.31147, 42.2361], [-72.31134, 42.2393], [-72.3103, 42.24055], [-72.30723, 42.24128], [-72.30334, 42.24128], [-72.29892, 42.24178], [-72.29802, 42.2413], [-72.2973, 42.23821], [-72.29668, 42.23757], [-72.29494, 42.23801], [-72.29333, 42.23957], [-72.29191, 42.24035], [-72.28892, 42.24043], [-72.28547, 42.239], [-72.28078, 42.23951], [-72.28062, 42.23906], [-72.27796, 42.23907]]}}, {"type": "Feature", "properties": {"id": "rt_14_60", "name": "Mass Central Rail Trail (MA)", "q": "great", "t": "rail", "c": "yes"}, "geometry": {"type": "LineString", "coordinates": [[-72.38932, 42.25467], [-72.38401, 42.25126], [-72.37886, 42.24497], [-72.37554, 42.2421]]}}, {"type": "Feature", "properties": {"id": "rt_14_61", "name": "Mass Central Rail Trail (MA)", "q": "great", "t": "rail", "c": "yes"}, "geometry": {"type": "LineString", "coordinates": [[-72.3751, 42.24175], [-72.37193, 42.23794], [-72.3692, 42.2354], [-72.36243, 42.23105]]}}, {"type": "Feature", "properties": {"id": "rt_14_62", "name": "Mass Central Rail Trail (MA)", "q": "great", "t": "rail", "c": "yes"}, "geometry": {"type": "LineString", "coordinates": [[-72.21759, 42.28431], [-72.21457, 42.28532], [-72.21185, 42.28703], [-72.21193, 42.2887], [-72.21275, 42.29121], [-72.21274, 42.29292], [-72.21144, 42.29984], [-72.21112, 42.30558], [-72.21017, 42.30955], [-72.21237, 42.31025]]}}, {"type": "Feature", "properties": {"id": "rt_14_63", "name": "Mass Central Rail Trail (MA)", "q": "great", "t": "rail", "c": "yes"}, "geometry": {"type": "LineString", "coordinates": [[-72.25067, 42.24871], [-72.25428, 42.25011], [-72.25557, 42.25364], [-72.24264, 42.26062], [-72.23977, 42.25972], [-72.23787, 42.26214], [-72.23686, 42.26172]]}}, {"type": "Feature", "properties": {"id": "rt_14_64", "name": "Mass Central Rail Trail (MA)", "q": "great", "t": "rail", "c": "yes"}, "geometry": {"type": "LineString", "coordinates": [[-72.22588, 42.26875], [-72.22704, 42.26825], [-72.22708, 42.26734], [-72.22789, 42.26669], [-72.22817, 42.26563], [-72.22878, 42.26504], [-72.23258, 42.26502], [-72.23454, 42.26447], [-72.23548, 42.26279], [-72.23688, 42.26173]]}}, {"type": "Feature", "properties": {"id": "rt_14_65", "name": "Mass Central Rail Trail (MA)", "q": "great", "t": "rail", "c": "yes"}, "geometry": {"type": "LineString", "coordinates": [[-72.15224, 42.34189], [-72.14949, 42.34153], [-72.14576, 42.34227], [-72.13663, 42.3451], [-72.12817, 42.34874], [-72.12862, 42.35233], [-72.12754, 42.3541], [-72.12705, 42.35557], [-72.1283, 42.35634], [-72.12846, 42.35674], [-72.12807, 42.35716], [-72.12848, 42.3575]]}}, {"type": "Feature", "properties": {"id": "rt_14_66", "name": "Mass Central Rail Trail (MA)", "q": "great", "t": "rail", "c": "yes"}, "geometry": {"type": "LineString", "coordinates": [[-72.4032, 42.26621], [-72.40078, 42.26813], [-72.40006, 42.26941], [-72.39991, 42.27057], [-72.39817, 42.2713], [-72.39816, 42.27253], [-72.39831, 42.27368], [-72.40343, 42.28003], [-72.40959, 42.27927], [-72.41111, 42.27946], [-72.41476, 42.2792], [-72.41613, 42.27973], [-72.41894, 42.2819], [-72.42343, 42.28416], [-72.4246, 42.28393], [-72.42615, 42.28696], [-72.42489, 42.29048], [-72.42535, 42.29199], [-72.42475, 42.29534], [-72.42328, 42.29761], [-72.42178, 42.2984], [-72.42132, 42.29918], [-72.41971, 42.30023], [-72.42183, 42.30137], [-72.43332, 42.3025], [-72.44027, 42.30117], [-72.44468, 42.30107], [-72.44645, 42.30167], [-72.45432, 42.30665], [-72.45572, 42.30806], [-72.45648, 42.30971], [-72.4562, 42.30998], [-72.45614, 42.31128], [-72.45644, 42.31232], [-72.45827, 42.31385], [-72.46082, 42.31835], [-72.46225, 42.32814], [-72.46331, 42.32941]]}}, {"type": "Feature", "properties": {"id": "rt_14_67", "name": "Mass Central Rail Trail (MA)", "q": "great", "t": "rail", "c": "yes"}, "geometry": {"type": "LineString", "coordinates": [[-72.07046, 42.39141], [-72.07932, 42.39069], [-72.08226, 42.38877], [-72.08419, 42.38828], [-72.08824, 42.3879], [-72.09243, 42.38589], [-72.09348, 42.38553], [-72.09547, 42.38551], [-72.09998, 42.38389], [-72.10301, 42.38185], [-72.10697, 42.3814], [-72.10861, 42.3786], [-72.10747, 42.37645], [-72.10749, 42.37609], [-72.10828, 42.37601]]}}, {"type": "Feature", "properties": {"id": "rt_14_68", "name": "Mass Central Rail Trail (MA)", "q": "great", "t": "rail", "c": "yes"}, "geometry": {"type": "LineString", "coordinates": [[-72.22118, 42.26924], [-72.22303, 42.26891], [-72.22474, 42.26809], [-72.22689, 42.26835]]}}, {"type": "Feature", "properties": {"id": "rt_14_69", "name": "Mass Central Rail Trail (MA)", "q": "great", "t": "rail", "c": "yes"}, "geometry": {"type": "LineString", "coordinates": [[-71.08491, 42.37864], [-71.08743, 42.38018], [-71.08669, 42.37932]]}}, {"type": "Feature", "properties": {"id": "rt_14_70", "name": "Mass Central Rail Trail (MA)", "q": "great", "t": "rail", "c": "yes"}, "geometry": {"type": "LineString", "coordinates": [[-72.10818, 42.37915], [-72.11502, 42.3805], [-72.11623, 42.38056], [-72.1175, 42.38013], [-72.11999, 42.37694], [-72.12269, 42.3726], [-72.12847, 42.36744], [-72.13106, 42.36581], [-72.13452, 42.36494], [-72.13554, 42.36438], [-72.1385, 42.36151], [-72.14196, 42.35877], [-72.14434, 42.35445], [-72.13936, 42.35281], [-72.13929, 42.35027]]}}, {"type": "Feature", "properties": {"id": "rt_14_71", "name": "Mass Central Rail Trail (MA)", "q": "great", "t": "rail", "c": "yes"}, "geometry": {"type": "LineString", "coordinates": [[-71.06181, 42.36939], [-71.06159, 42.3687], [-71.06193, 42.36857], [-71.06126, 42.36796]]}}, {"type": "Feature", "properties": {"id": "rt_14_72", "name": "Mass Central Rail Trail (MA)", "q": "great", "t": "rail", "c": "yes"}, "geometry": {"type": "LineString", "coordinates": [[-71.06209, 42.37089], [-71.06103, 42.37024], [-71.05884, 42.36719]]}}, {"type": "Feature", "properties": {"id": "rt_14_73", "name": "Mass Central Rail Trail (MA)", "q": "great", "t": "rail", "c": "yes"}, "geometry": {"type": "LineString", "coordinates": [[-71.0587, 42.36741], [-71.06082, 42.37042], [-71.06169, 42.37108], [-71.06158, 42.37131]]}}, {"type": "Feature", "properties": {"id": "rt_14_74", "name": "Mass Central Rail Trail (MA)", "q": "great", "t": "rail", "c": "yes"}, "geometry": {"type": "LineString", "coordinates": [[-71.06745, 42.36962], [-71.06899, 42.37022], [-71.06971, 42.36996], [-71.07193, 42.37091]]}}, {"type": "Feature", "properties": {"id": "rt_14_75", "name": "Mass Central Rail Trail (MA)", "q": "great", "t": "rail", "c": "yes"}, "geometry": {"type": "LineString", "coordinates": [[-71.0719, 42.37091], [-71.07508, 42.37159], [-71.07574, 42.37203]]}}, {"type": "Feature", "properties": {"id": "rt_14_76", "name": "Mass Central Rail Trail (MA)", "q": "great", "t": "rail", "c": "yes"}, "geometry": {"type": "LineString", "coordinates": [[-71.06416, 42.36969], [-71.06743, 42.36961]]}}, {"type": "Feature", "properties": {"id": "rt_14_77", "name": "Mass Central Rail Trail (MA)", "q": "great", "t": "rail", "c": "yes"}, "geometry": {"type": "LineString", "coordinates": [[-71.06745, 42.36962], [-71.06899, 42.37022], [-71.06971, 42.36996], [-71.07193, 42.37091]]}}, {"type": "Feature", "properties": {"id": "rt_14_78", "name": "Mass Central Rail Trail (MA)", "q": "great", "t": "rail", "c": "yes"}, "geometry": {"type": "LineString", "coordinates": [[-72.40749, 42.2742], [-72.4064, 42.27205]]}}, {"type": "Feature", "properties": {"id": "rt_14_79", "name": "Mass Central Rail Trail (MA)", "q": "great", "t": "rail", "c": "yes"}, "geometry": {"type": "LineString", "coordinates": [[-72.34178, 42.21831], [-72.34249, 42.21935]]}}, {"type": "Feature", "properties": {"id": "rt_14_80", "name": "Mass Central Rail Trail (MA)", "q": "great", "t": "rail", "c": "yes"}, "geometry": {"type": "LineString", "coordinates": [[-71.0719, 42.37091], [-71.07508, 42.37159], [-71.07574, 42.37203]]}}, {"type": "Feature", "properties": {"id": "rt_14_81", "name": "Mass Central Rail Trail (MA)", "q": "great", "t": "rail", "c": "yes"}, "geometry": {"type": "LineString", "coordinates": [[-72.43763, 42.32288], [-72.43702, 42.32246]]}}, {"type": "Feature", "properties": {"id": "rt_14_82", "name": "Mass Central Rail Trail (MA)", "q": "great", "t": "rail", "c": "yes"}, "geometry": {"type": "LineString", "coordinates": [[-71.26532, 42.37617], [-71.26853, 42.37468], [-71.27056, 42.37454], [-71.27228, 42.37499]]}}, {"type": "Feature", "properties": {"id": "rt_14_83", "name": "Mass Central Rail Trail (MA)", "q": "great", "t": "rail", "c": "yes"}, "geometry": {"type": "LineString", "coordinates": [[-71.06416, 42.36969], [-71.06743, 42.36961]]}}, {"type": "Feature", "properties": {"id": "rt_14_84", "name": "Mass Central Rail Trail (MA)", "q": "great", "t": "rail", "c": "yes"}, "geometry": {"type": "LineString", "coordinates": [[-71.77945, 42.39654], [-71.78345, 42.39469], [-71.78668, 42.39125], [-71.78966, 42.38649]]}}, {"type": "Feature", "properties": {"id": "rt_14_85", "name": "Mass Central Rail Trail (MA)", "q": "great", "t": "rail", "c": "yes"}, "geometry": {"type": "LineString", "coordinates": [[-72.1285, 42.35751], [-72.13649, 42.35192]]}}, {"type": "Feature", "properties": {"id": "rt_14_86", "name": "Mass Central Rail Trail (MA)", "q": "great", "t": "rail", "c": "yes"}, "geometry": {"type": "LineString", "coordinates": [[-71.08669, 42.37933], [-71.08821, 42.38077], [-71.08757, 42.38103]]}}, {"type": "Feature", "properties": {"id": "rt_14_87", "name": "Mass Central Rail Trail (MA)", "q": "great", "t": "rail", "c": "yes"}, "geometry": {"type": "LineString", "coordinates": [[-72.42275, 42.30138], [-72.42229, 42.30004], [-72.42234, 42.29852], [-72.4242, 42.29527], [-72.42444, 42.29247], [-72.42349, 42.2889], [-72.42077, 42.28551]]}}, {"type": "Feature", "properties": {"id": "rt_15_0", "name": "Delaware & Hudson Rail Trail (VT)", "q": "great", "t": "rail", "c": "yes"}, "geometry": {"type": "LineString", "coordinates": [[-73.25258, 43.23512], [-73.22928, 43.25605], [-73.22825, 43.25771], [-73.22801, 43.25927], [-73.22843, 43.26087], [-73.22941, 43.26224], [-73.23775, 43.26939], [-73.23902, 43.27147], [-73.23906, 43.27344], [-73.23853, 43.27749], [-73.2414, 43.29557], [-73.24157, 43.30022], [-73.2413, 43.30471], [-73.24094, 43.30605], [-73.23795, 43.31193], [-73.23779, 43.31417], [-73.23855, 43.31575], [-73.24483, 43.32262], [-73.2463, 43.32494], [-73.25069, 43.35007], [-73.25124, 43.35175], [-73.2532, 43.35498]]}}, {"type": "Feature", "properties": {"id": "rt_15_1", "name": "Delaware & Hudson Rail Trail (VT)", "q": "great", "t": "rail", "c": "yes"}, "geometry": {"type": "LineString", "coordinates": [[-73.25279, 43.3633], [-73.25139, 43.36675], [-73.25133, 43.3677], [-73.25222, 43.37067], [-73.25253, 43.37288]]}}, {"type": "Feature", "properties": {"id": "rt_15_2", "name": "Delaware & Hudson Rail Trail (VT)", "q": "great", "t": "rail", "c": "yes"}, "geometry": {"type": "LineString", "coordinates": [[-73.25324, 43.35502], [-73.25342, 43.35688], [-73.25279, 43.36329]]}}, {"type": "Feature", "properties": {"id": "rt_15_3", "name": "Delaware & Hudson Rail Trail (VT)", "q": "great", "t": "rail", "c": "yes"}, "geometry": {"type": "LineString", "coordinates": [[-73.25252, 43.3729], [-73.25276, 43.37732], [-73.25544, 43.38414], [-73.2558, 43.38766], [-73.25695, 43.39255], [-73.25298, 43.39279], [-73.25261, 43.39317], [-73.25243, 43.39598], [-73.25952, 43.40139], [-73.26042, 43.40442]]}}, {"type": "Feature", "properties": {"id": "rt_16_0", "name": "Bruce Freeman Rail Trail (MA)", "q": "great", "t": "rail", "c": "yes"}, "geometry": {"type": "LineString", "coordinates": [[-71.39434, 42.43132], [-71.39412, 42.42845], [-71.39516, 42.42562], [-71.40283, 42.41627], [-71.40738, 42.40725], [-71.40774, 42.40624], [-71.40916, 42.39565], [-71.41573, 42.38222], [-71.4198, 42.37532], [-71.42255, 42.36358]]}}, {"type": "Feature", "properties": {"id": "rt_16_1", "name": "Bruce Freeman Rail Trail (MA)", "q": "great", "t": "rail", "c": "yes"}, "geometry": {"type": "LineString", "coordinates": [[-71.39746, 42.53627], [-71.39658, 42.53855], [-71.39489, 42.54837], [-71.39248, 42.55306], [-71.3901, 42.55973], [-71.38867, 42.56137], [-71.38329, 42.56547], [-71.38138, 42.56771], [-71.37873, 42.57968], [-71.37393, 42.58731], [-71.37243, 42.58855], [-71.36647, 42.59175], [-71.35679, 42.59495], [-71.35216, 42.59699], [-71.35014, 42.59915], [-71.34096, 42.60555], [-71.32686, 42.6126]]}}, {"type": "Feature", "properties": {"id": "rt_16_2", "name": "Bruce Freeman Rail Trail (MA)", "q": "great", "t": "rail", "c": "yes"}, "geometry": {"type": "LineString", "coordinates": [[-71.39747, 42.53626], [-71.40003, 42.53041], [-71.40413, 42.52551], [-71.40845, 42.51875], [-71.40892, 42.51865], [-71.40948, 42.51901], [-71.41072, 42.51868], [-71.41083, 42.51821], [-71.41026, 42.51766], [-71.41064, 42.51564], [-71.41006, 42.51516], [-71.41182, 42.50879], [-71.41679, 42.50169], [-71.41833, 42.49858], [-71.41882, 42.49366], [-71.41719, 42.4846], [-71.41497, 42.4794], [-71.41181, 42.47594], [-71.41057, 42.47378]]}}, {"type": "Feature", "properties": {"id": "rt_16_3", "name": "Bruce Freeman Rail Trail (MA)", "q": "great", "t": "rail", "c": "yes"}, "geometry": {"type": "LineString", "coordinates": [[-71.41057, 42.47378], [-71.40819, 42.47009], [-71.40676, 42.46876], [-71.39865, 42.46499]]}}, {"type": "Feature", "properties": {"id": "rt_16_4", "name": "Bruce Freeman Rail Trail (MA)", "q": "great", "t": "rail", "c": "yes"}, "geometry": {"type": "LineString", "coordinates": [[-71.39865, 42.465], [-71.39763, 42.46405], [-71.39387, 42.45838], [-71.39373, 42.45785], [-71.39407, 42.45688], [-71.39271, 42.45684], [-71.39001, 42.45367], [-71.3892, 42.45165], [-71.38958, 42.44844], [-71.39223, 42.44285], [-71.39442, 42.43458], [-71.39439, 42.4322], [-71.3949, 42.43138]]}}, {"type": "Feature", "properties": {"id": "rt_16_5", "name": "Bruce Freeman Rail Trail (MA)", "q": "great", "t": "rail", "c": "yes"}, "geometry": {"type": "LineString", "coordinates": [[-71.3944, 42.4322], [-71.39433, 42.43133]]}}, {"type": "Feature", "properties": {"id": "rt_17_0", "name": "Ashuwillticook Rail Trail (MA)", "q": "great", "t": "rail", "c": "yes"}, "geometry": {"type": "LineString", "coordinates": [[-73.10906, 42.6395], [-73.10877, 42.63856], [-73.10925, 42.63641], [-73.11073, 42.63474], [-73.11309, 42.63331], [-73.11913, 42.6219], [-73.12593, 42.61656], [-73.12817, 42.61225], [-73.13392, 42.60514], [-73.1362, 42.60318], [-73.13706, 42.60204], [-73.13971, 42.59622], [-73.14121, 42.59379], [-73.14091, 42.59304], [-73.13934, 42.5919], [-73.13887, 42.59057], [-73.14148, 42.58085], [-73.14216, 42.57941], [-73.14935, 42.56959], [-73.15084, 42.5678], [-73.16543, 42.55403], [-73.16613, 42.55259], [-73.16642, 42.54995], [-73.1672, 42.54874], [-73.17497, 42.54151], [-73.17848, 42.53959], [-73.18096, 42.53879], [-73.18219, 42.53785], [-73.18914, 42.53121], [-73.19157, 42.528], [-73.19271, 42.52537], [-73.19313, 42.52327], [-73.19351, 42.51157], [-73.19621, 42.50219], [-73.19748, 42.50024], [-73.20019, 42.49781], [-73.20359, 42.49201], [-73.20388, 42.48931], [-73.20353, 42.48825], [-73.20284, 42.48822], [-73.20229, 42.48757], [-73.20228, 42.48582], [-73.20368, 42.48357], [-73.20438, 42.48341], [-73.20536, 42.48387], [-73.20619, 42.48306], [-73.20712, 42.48144], [-73.20758, 42.4675]]}}, {"type": "Feature", "properties": {"id": "rt_17_1", "name": "Ashuwillticook Rail Trail (MA)", "q": "great", "t": "rail", "c": "yes"}, "geometry": {"type": "LineString", "coordinates": [[-73.20757, 42.46762], [-73.20745, 42.46197]]}}, {"type": "Feature", "properties": {"id": "rt_18_0", "name": "Assabet River Rail Trail (MA)", "q": "great", "t": "rail", "c": "yes"}, "geometry": {"type": "LineString", "coordinates": [[-71.54969, 42.39398], [-71.54772, 42.39451], [-71.54274, 42.39502], [-71.53606, 42.39625]]}}, {"type": "Feature", "properties": {"id": "rt_18_1", "name": "Assabet River Rail Trail (MA)", "q": "great", "t": "rail", "c": "yes"}, "geometry": {"type": "LineString", "coordinates": [[-71.47439, 42.42221], [-71.46838, 42.42534], [-71.4662, 42.42701], [-71.46471, 42.42753], [-71.46481, 42.42809], [-71.46159, 42.4293], [-71.46028, 42.42997], [-71.46048, 42.43017], [-71.4545, 42.43288], [-71.45336, 42.43368], [-71.4528, 42.43467], [-71.4525, 42.43669], [-71.45279, 42.4394], [-71.4539, 42.44566], [-71.45487, 42.44812], [-71.45429, 42.44832], [-71.45438, 42.44993], [-71.45588, 42.45008], [-71.45712, 42.45315], [-71.45701, 42.45495], [-71.45601, 42.45661], [-71.45566, 42.45788], [-71.45597, 42.45828], [-71.45576, 42.45895], [-71.45639, 42.45919], [-71.4565, 42.45987]]}}, {"type": "Feature", "properties": {"id": "rt_18_2", "name": "Assabet River Rail Trail (MA)", "q": "great", "t": "rail", "c": "yes"}, "geometry": {"type": "LineString", "coordinates": [[-71.54969, 42.39398], [-71.55549, 42.39263], [-71.56302, 42.39142], [-71.56417, 42.39097], [-71.56575, 42.38709], [-71.56991, 42.3819], [-71.56974, 42.38005], [-71.56749, 42.37725], [-71.56723, 42.37586], [-71.56761, 42.37465], [-71.56976, 42.3713], [-71.56958, 42.37079], [-71.57014, 42.37048], [-71.57105, 42.36881], [-71.57074, 42.36662], [-71.56917, 42.36509], [-71.56587, 42.36402], [-71.56011, 42.36391], [-71.55872, 42.36343], [-71.55779, 42.36272], [-71.55676, 42.36102], [-71.55666, 42.35983], [-71.55705, 42.35864], [-71.55881, 42.35584], [-71.55835, 42.35263], [-71.55677, 42.3506], [-71.55319, 42.34868]]}}, {"type": "Feature", "properties": {"id": "rt_18_3", "name": "Assabet River Rail Trail (MA)", "q": "great", "t": "rail", "c": "yes"}, "geometry": {"type": "LineString", "coordinates": [[-71.56747, 42.37716], [-71.56865, 42.37694]]}}, {"type": "Feature", "properties": {"id": "rt_18_4", "name": "Assabet River Rail Trail (MA)", "q": "great", "t": "rail", "c": "yes"}, "geometry": {"type": "LineString", "coordinates": [[-71.55319, 42.34868], [-71.55174, 42.34788], [-71.55154, 42.34661]]}}, {"type": "Feature", "properties": {"id": "rt_18_5", "name": "Assabet River Rail Trail (MA)", "q": "great", "t": "rail", "c": "yes"}, "geometry": {"type": "LineString", "coordinates": [[-71.50748, 42.41178], [-71.50597, 42.41299], [-71.50423, 42.41367], [-71.48739, 42.41678], [-71.4788, 42.41985], [-71.47439, 42.42221]]}}, {"type": "Feature", "properties": {"id": "rt_19_0", "name": "Nashua River Rail Trail (MA)", "q": "great", "t": "rail", "c": "yes"}, "geometry": {"type": "LineString", "coordinates": [[-71.58962, 42.55992], [-71.58964, 42.56305], [-71.58713, 42.56986], [-71.58559, 42.57134], [-71.58044, 42.57451], [-71.57881, 42.57659], [-71.5721, 42.60428], [-71.57221, 42.60545], [-71.573, 42.60658], [-71.5778, 42.6095], [-71.581, 42.61216], [-71.58302, 42.61478], [-71.58399, 42.61665], [-71.58424, 42.61782], [-71.58393, 42.6195], [-71.58341, 42.62025], [-71.57839, 42.62417], [-71.57676, 42.62639], [-71.57618, 42.62834], [-71.57601, 42.63186], [-71.57474, 42.6363], [-71.57483, 42.63857], [-71.57725, 42.64676], [-71.57631, 42.65186], [-71.57634, 42.65313], [-71.57777, 42.65772], [-71.57698, 42.66285], [-71.5754, 42.66497], [-71.57351, 42.66658], [-71.56483, 42.67014], [-71.55562, 42.67495], [-71.55142, 42.67882], [-71.54778, 42.68277], [-71.54694, 42.6844], [-71.54499, 42.69291], [-71.54111, 42.69872], [-71.53943, 42.70824], [-71.5383, 42.70912], [-71.53833, 42.70965], [-71.53687, 42.71057], [-71.53182, 42.7158]]}}, {"type": "Feature", "properties": {"id": "rt_20_0", "name": "Minuteman Bikeway (MA)", "q": "great", "t": "rail", "c": "yes"}, "geometry": {"type": "LineString", "coordinates": [[-71.20894, 42.43563], [-71.21505, 42.44295], [-71.21712, 42.44488], [-71.22003, 42.44628], [-71.22703, 42.44822], [-71.22913, 42.44954], [-71.23047, 42.4514], [-71.23169, 42.45829], [-71.23292, 42.45984], [-71.23478, 42.4608], [-71.23953, 42.46147], [-71.24168, 42.46228], [-71.24704, 42.46634], [-71.25916, 42.47208], [-71.26082, 42.47323], [-71.27377, 42.48501], [-71.27493, 42.48555], [-71.27745, 42.486]]}}, {"type": "Feature", "properties": {"id": "rt_20_1", "name": "Minuteman Bikeway (MA)", "q": "great", "t": "rail", "c": "yes"}, "geometry": {"type": "LineString", "coordinates": [[-71.14308, 42.39655], [-71.14351, 42.39778], [-71.14482, 42.39969], [-71.14462, 42.40023], [-71.14781, 42.4062], [-71.14902, 42.40973], [-71.15138, 42.41227], [-71.15239, 42.41471], [-71.1521, 42.41512], [-71.15333, 42.4156], [-71.15293, 42.41594], [-71.15402, 42.41705], [-71.16267, 42.42064], [-71.16849, 42.42192], [-71.17328, 42.42514], [-71.17463, 42.42567], [-71.17641, 42.42588], [-71.18537, 42.42526], [-71.19459, 42.42626]]}}, {"type": "Feature", "properties": {"id": "rt_20_2", "name": "Minuteman Bikeway (MA)", "q": "great", "t": "rail", "c": "yes"}, "geometry": {"type": "LineString", "coordinates": [[-71.20896, 42.43562], [-71.20375, 42.42966], [-71.19454, 42.42624]]}}, {"type": "Feature", "properties": {"id": "rt_21_0", "name": "South County (W.C. O'Neill) Bike Path (RI)", "q": "great", "t": "rail", "c": "yes"}, "geometry": {"type": "LineString", "coordinates": [[-71.48266, 41.43887], [-71.48663, 41.43873]]}}, {"type": "Feature", "properties": {"id": "rt_21_1", "name": "South County (W.C. O'Neill) Bike Path (RI)", "q": "great", "t": "rail", "c": "yes"}, "geometry": {"type": "LineString", "coordinates": [[-71.55313, 41.47272], [-71.55092, 41.47338], [-71.55028, 41.47428], [-71.54885, 41.47892], [-71.54776, 41.47873], [-71.54705, 41.48001], [-71.54571, 41.48007], [-71.54509, 41.48042], [-71.54298, 41.48008], [-71.54222, 41.48291], [-71.54073, 41.48374], [-71.5401, 41.48518], [-71.53757, 41.48458], [-71.53496, 41.48499], [-71.53435, 41.48588], [-71.53441, 41.48648], [-71.53343, 41.48886], [-71.5333, 41.49126]]}}, {"type": "Feature", "properties": {"id": "rt_21_2", "name": "South County (W.C. O'Neill) Bike Path (RI)", "q": "great", "t": "rail", "c": "yes"}, "geometry": {"type": "LineString", "coordinates": [[-71.49813, 41.44803], [-71.49807, 41.44969], [-71.49877, 41.45092]]}}, {"type": "Feature", "properties": {"id": "rt_21_3", "name": "South County (W.C. O'Neill) Bike Path (RI)", "q": "great", "t": "rail", "c": "yes"}, "geometry": {"type": "LineString", "coordinates": [[-71.48664, 41.43872], [-71.49014, 41.43943], [-71.4973, 41.43885], [-71.49929, 41.43973], [-71.50011, 41.44045], [-71.50034, 41.4417], [-71.49828, 41.44571], [-71.49813, 41.44802]]}}, {"type": "Feature", "properties": {"id": "rt_21_4", "name": "South County (W.C. O'Neill) Bike Path (RI)", "q": "great", "t": "rail", "c": "yes"}, "geometry": {"type": "LineString", "coordinates": [[-71.49877, 41.45094], [-71.49954, 41.4516], [-71.50237, 41.45251], [-71.50213, 41.45258], [-71.51001, 41.45288], [-71.51106, 41.45341], [-71.51396, 41.45614], [-71.51553, 41.45707], [-71.51893, 41.45844], [-71.52642, 41.46008], [-71.52881, 41.46009], [-71.53432, 41.45914], [-71.54322, 41.4598], [-71.5449, 41.46032], [-71.54635, 41.46159], [-71.54737, 41.46497], [-71.5542, 41.47409], [-71.56364, 41.48022], [-71.56398, 41.48092], [-71.5638, 41.48181], [-71.56082, 41.48397]]}}, {"type": "Feature", "properties": {"id": "rt_21_5", "name": "South County (W.C. O'Neill) Bike Path (RI)", "q": "great", "t": "rail", "c": "yes"}, "geometry": {"type": "LineString", "coordinates": [[-71.48265, 41.43886], [-71.48217, 41.43817], [-71.47997, 41.43754], [-71.47454, 41.43741], [-71.47161, 41.43838], [-71.47033, 41.43832], [-71.46912, 41.43733], [-71.47017, 41.43602]]}}, {"type": "Feature", "properties": {"id": "rt_21_6", "name": "South County (W.C. O'Neill) Bike Path (RI)", "q": "great", "t": "rail", "c": "yes"}, "geometry": {"type": "LineString", "coordinates": [[-71.47017, 41.43602], [-71.46833, 41.43508], [-71.46778, 41.43393]]}}, {"type": "Feature", "properties": {"id": "rt_21_7", "name": "South County (W.C. O'Neill) Bike Path (RI)", "q": "great", "t": "rail", "c": "yes"}, "geometry": {"type": "LineString", "coordinates": [[-71.46885, 41.43153], [-71.46725, 41.43073], [-71.46802, 41.42958], [-71.46897, 41.42979], [-71.46906, 41.42898]]}}, {"type": "Feature", "properties": {"id": "rt_21_8", "name": "South County (W.C. O'Neill) Bike Path (RI)", "q": "great", "t": "rail", "c": "yes"}, "geometry": {"type": "LineString", "coordinates": [[-71.4673, 41.43094], [-71.46607, 41.43046]]}}, {"type": "Feature", "properties": {"id": "rt_21_9", "name": "South County (W.C. O'Neill) Bike Path (RI)", "q": "great", "t": "rail", "c": "yes"}, "geometry": {"type": "LineString", "coordinates": [[-71.46778, 41.43393], [-71.46814, 41.43396], [-71.46884, 41.43153]]}}, {"type": "Feature", "properties": {"id": "rt_22_0", "name": "Northern Rail Trail (NH)", "q": "great", "t": "rail", "c": "yes"}, "geometry": {"type": "LineString", "coordinates": [[-72.25479, 43.64211], [-72.25164, 43.64409], [-72.2495, 43.64454]]}}, {"type": "Feature", "properties": {"id": "rt_22_1", "name": "Northern Rail Trail (NH)", "q": "great", "t": "rail", "c": "yes"}, "geometry": {"type": "LineString", "coordinates": [[-72.2495, 43.64454], [-72.24325, 43.64536], [-72.24039, 43.64524], [-72.2275, 43.63923], [-72.22446, 43.63834], [-72.20941, 43.63817], [-72.20654, 43.63875], [-72.20115, 43.64094], [-72.1948, 43.64156], [-72.19228, 43.64231], [-72.19078, 43.64332], [-72.18912, 43.64619], [-72.18631, 43.64902], [-72.18411, 43.64993], [-72.18156, 43.65002], [-72.16748, 43.64688], [-72.16452, 43.64575], [-72.16239, 43.64344], [-72.16161, 43.63782], [-72.16099, 43.63658], [-72.15922, 43.6354], [-72.15687, 43.63504], [-72.15403, 43.6359], [-72.15039, 43.63946], [-72.14766, 43.64086], [-72.13395, 43.64212], [-72.12645, 43.64088], [-72.11885, 43.64181], [-72.114, 43.64285], [-72.08818, 43.65071], [-72.08427, 43.65112], [-72.07689, 43.64899], [-72.0481, 43.64528], [-72.03377, 43.6462], [-72.02455, 43.64568], [-72.01862, 43.64601], [-72.00719, 43.64427], [-72.00307, 43.64258], [-71.99888, 43.63796], [-71.99724, 43.63689], [-71.98543, 43.6322], [-71.97831, 43.6306], [-71.97674, 43.62937], [-71.97565, 43.6276], [-71.97494, 43.6216], [-71.97098, 43.61214], [-71.96947, 43.61035], [-71.96635, 43.60825], [-71.9651, 43.60552], [-71.96568, 43.60308], [-71.9685, 43.59976], [-71.97028, 43.59557], [-71.96986, 43.59148], [-71.9702, 43.58991], [-71.9742, 43.58448], [-71.97563, 43.58103], [-71.97533, 43.57878], [-71.97395, 43.57555], [-71.97243, 43.57324], [-71.9705, 43.57138], [-71.96805, 43.56972], [-71.9584, 43.56561], [-71.9484, 43.56001], [-71.9451, 43.55894], [-71.94064, 43.55879], [-71.92874, 43.56057], [-71.91097, 43.56008], [-71.90835, 43.55944], [-71.89848, 43.55225], [-71.89017, 43.54776], [-71.88858, 43.54594], [-71.88319, 43.53586], [-71.88155, 43.53416], [-71.86476, 43.52743], [-71.86292, 43.52584], [-71.86248, 43.52415], [-71.86274, 43.52305], [-71.86942, 43.50706], [-71.87196, 43.50488], [-71.87746, 43.50342], [-71.87953, 43.50207], [-71.88205, 43.49452], [-71.88606, 43.48688], [-71.88771, 43.47473], [-71.88153, 43.45895], [-71.88063, 43.45043], [-71.87684, 43.44465], [-71.87471, 43.44338], [-71.85305, 43.43567], [-71.84761, 43.43618], [-71.82433, 43.43358], [-71.79989, 43.43505], [-71.76916, 43.44255], [-71.76395, 43.44453], [-71.75173, 43.45098], [-71.74995, 43.45243], [-71.74927, 43.45371], [-71.7454, 43.47031], [-71.74243, 43.47264], [-71.73536, 43.47432], [-71.73183, 43.47422], [-71.72848, 43.47343], [-71.71518, 43.46765], [-71.70662, 43.46678], [-71.69725, 43.46502], [-71.68549, 43.46122], [-71.67569, 43.4563], [-71.66219, 43.44377], [-71.65914, 43.43875], [-71.65454, 43.43428], [-71.6532, 43.43176], [-71.65265, 43.42582], [-71.65339, 43.42182], [-71.65767, 43.4161], [-71.65803, 43.4141], [-71.64595, 43.39659], [-71.6449, 43.39327], [-71.64549, 43.39062], [-71.64961, 43.38477], [-71.65104, 43.37909], [-71.65285, 43.37459], [-71.65279, 43.37295], [-71.6496, 43.36377], [-71.64773, 43.36195], [-71.63562, 43.35435], [-71.63391, 43.35239], [-71.63355, 43.35029], [-71.63478, 43.34538], [-71.63448, 43.34205], [-71.63043, 43.33266], [-71.62906, 43.32669], [-71.62688, 43.3233], [-71.62388, 43.32012], [-71.61518, 43.31375], [-71.5947, 43.29341], [-71.59076, 43.28806]]}}, {"type": "Feature", "properties": {"id": "rt_23_0", "name": "Rockingham Recreational Trail (NH)", "q": "great", "t": "rail", "c": "yes"}, "geometry": {"type": "LineString", "coordinates": [[-71.43447, 42.98219], [-71.42891, 42.98408], [-71.42006, 42.98568]]}}, {"type": "Feature", "properties": {"id": "rt_23_1", "name": "Rockingham Recreational Trail (NH)", "q": "great", "t": "rail", "c": "yes"}, "geometry": {"type": "LineString", "coordinates": [[-71.39176, 43.00331], [-71.3847, 43.00813], [-71.37532, 43.01325], [-71.3663, 43.0165], [-71.35801, 43.01826], [-71.35496, 43.01993], [-71.34675, 43.02243], [-71.34371, 43.02383], [-71.33945, 43.0242], [-71.33486, 43.02363], [-71.33042, 43.02492], [-71.3288, 43.02599], [-71.31822, 43.03927], [-71.31627, 43.03986], [-71.30615, 43.03963], [-71.30273, 43.0404], [-71.30107, 43.04177], [-71.29858, 43.04749], [-71.29631, 43.04837], [-71.28486, 43.04505], [-71.25643, 43.04403], [-71.24867, 43.04125], [-71.23838, 43.03474], [-71.23537, 43.03432], [-71.22822, 43.03543], [-71.21584, 43.03432], [-71.21274, 43.03375], [-71.20744, 43.03096], [-71.20498, 43.03044], [-71.20215, 43.03064], [-71.18321, 43.03517], [-71.17618, 43.03774], [-71.17017, 43.03794], [-71.14578, 43.03296], [-71.13731, 43.03372], [-71.13215, 43.03322], [-71.11142, 43.02799], [-71.10427, 43.0273], [-71.10024, 43.02771], [-71.07438, 43.03271], [-71.04688, 43.03006], [-71.01832, 43.03408], [-70.99522, 43.03966], [-70.97358, 43.0391], [-70.95583, 43.04362], [-70.94917, 43.04419], [-70.94612, 43.04536], [-70.94052, 43.04876], [-70.93522, 43.04983]]}}, {"type": "Feature", "properties": {"id": "rt_23_2", "name": "Rockingham Recreational Trail (NH)", "q": "great", "t": "rail", "c": "yes"}, "geometry": {"type": "LineString", "coordinates": [[-71.42006, 42.98568], [-71.41175, 42.98706], [-71.40752, 42.98863], [-71.40114, 42.99393], [-71.3956, 43.00047], [-71.39176, 43.00331]]}}, {"type": "Feature", "properties": {"id": "rt_23_3", "name": "Rockingham Recreational Trail (NH)", "q": "great", "t": "rail", "c": "yes"}, "geometry": {"type": "LineString", "coordinates": [[-71.29641, 42.84322], [-71.28808, 42.84591], [-71.27773, 42.85156], [-71.27636, 42.85296], [-71.27, 42.86452], [-71.26756, 42.86744], [-71.26296, 42.87063], [-71.25376, 42.87398], [-71.23965, 42.88699], [-71.22424, 42.89631], [-71.21845, 42.90131], [-71.20375, 42.90433], [-71.20192, 42.90528], [-71.20047, 42.90745], [-71.1999, 42.91411], [-71.19686, 42.92236], [-71.19575, 42.92374], [-71.18973, 42.92623], [-71.17908, 42.93477], [-71.16729, 42.94177], [-71.14489, 42.95972]]}}, {"type": "Feature", "properties": {"id": "rt_23_4", "name": "Rockingham Recreational Trail (NH)", "q": "great", "t": "rail", "c": "yes"}, "geometry": {"type": "LineString", "coordinates": [[-71.14489, 42.95972], [-71.13975, 42.96188], [-71.13246, 42.96325], [-71.13056, 42.96411], [-71.129, 42.96607], [-71.12323, 42.97864], [-71.12104, 42.98209], [-71.11143, 42.9929], [-71.10004, 43.00356], [-71.09831, 43.00555], [-71.09461, 43.01154], [-71.07954, 43.02685], [-71.08175, 43.0272], [-71.08175, 43.02792], [-71.07863, 43.02772], [-71.07364, 43.0326]]}}, {"type": "Feature", "properties": {"id": "rt_24_0", "name": "Presidential Rail Trail (NH)", "q": "great", "t": "rail", "c": "yes"}, "geometry": {"type": "LineString", "coordinates": [[-71.54974, 44.35199], [-71.53893, 44.35923], [-71.53208, 44.36202], [-71.52075, 44.37403]]}}, {"type": "Feature", "properties": {"id": "rt_24_1", "name": "Presidential Rail Trail (NH)", "q": "great", "t": "rail", "c": "yes"}, "geometry": {"type": "LineString", "coordinates": [[-71.1978, 44.40302], [-71.19341, 44.406], [-71.19285, 44.40722], [-71.19242, 44.41109], [-71.1908, 44.41436], [-71.19045, 44.42568], [-71.18817, 44.43143], [-71.18774, 44.43482], [-71.18542, 44.44246], [-71.18357, 44.44576], [-71.18401, 44.44866], [-71.18626, 44.45222], [-71.18457, 44.45657], [-71.18441, 44.46084], [-71.18288, 44.46326], [-71.1767, 44.46813]]}}, {"type": "Feature", "properties": {"id": "rt_24_2", "name": "Presidential Rail Trail (NH)", "q": "great", "t": "rail", "c": "yes"}, "geometry": {"type": "LineString", "coordinates": [[-71.52075, 44.37403], [-71.51887, 44.37335], [-71.51617, 44.37118], [-71.5142, 44.3706], [-71.50681, 44.37004], [-71.49415, 44.37124], [-71.49112, 44.37055], [-71.48794, 44.36861], [-71.48567, 44.36798], [-71.47807, 44.36899], [-71.46625, 44.36944], [-71.45869, 44.37178], [-71.44222, 44.37269], [-71.43569, 44.37221], [-71.42781, 44.37017], [-71.4224, 44.36961], [-71.41563, 44.36621], [-71.41133, 44.36534], [-71.40724, 44.36286], [-71.38157, 44.3549], [-71.35937, 44.3556], [-71.34214, 44.35789], [-71.33148, 44.36172], [-71.3206, 44.3633], [-71.30286, 44.36848], [-71.29923, 44.37002], [-71.29063, 44.37124], [-71.26405, 44.37089], [-71.24685, 44.36693], [-71.24174, 44.36722], [-71.23801, 44.36647], [-71.23667, 44.36685], [-71.23412, 44.36867], [-71.23107, 44.37361], [-71.22846, 44.37552], [-71.22831, 44.37935], [-71.22719, 44.38017], [-71.22442, 44.38058], [-71.22348, 44.38126], [-71.22327, 44.38202], [-71.22402, 44.38473], [-71.22121, 44.3907], [-71.22156, 44.39183], [-71.22383, 44.39407], [-71.22395, 44.3953], [-71.22334, 44.39638], [-71.21754, 44.39959], [-71.20227, 44.40093], [-71.20051, 44.40142], [-71.1978, 44.40302]]}}, {"type": "Feature", "properties": {"id": "rt_25_0", "name": "Cotton Valley Rail Trail (NH)", "q": "great", "t": "rail", "c": "yes"}, "geometry": {"type": "LineString", "coordinates": [[-71.03136, 43.55408], [-71.03475, 43.55801], [-71.05483, 43.57325], [-71.06172, 43.5809], [-71.07135, 43.58789], [-71.07348, 43.59026], [-71.0772, 43.59614], [-71.09087, 43.60556], [-71.09994, 43.61017], [-71.10241, 43.61053], [-71.10974, 43.6104], [-71.11676, 43.6136], [-71.12295, 43.61556], [-71.1345, 43.61642], [-71.14353, 43.61815], [-71.16288, 43.61735], [-71.16687, 43.6166], [-71.16979, 43.61507], [-71.17591, 43.61037], [-71.18363, 43.60587], [-71.1844, 43.60509], [-71.18453, 43.60401], [-71.18569, 43.60333], [-71.18661, 43.60396], [-71.20081, 43.59343], [-71.20346, 43.59071], [-71.20544, 43.58997]]}}, {"type": "Feature", "properties": {"id": "rt_25_1", "name": "Cotton Valley Rail Trail (NH)", "q": "great", "t": "rail", "c": "yes"}, "geometry": {"type": "LineString", "coordinates": [[-71.20544, 43.58997], [-71.21136, 43.58737], [-71.21275, 43.58595]]}}, {"type": "Feature", "properties": {"id": "rt_26_0", "name": "Sugar River Trail (NH)", "q": "great", "t": "rail", "c": "yes"}, "geometry": {"type": "LineString", "coordinates": [[-72.30394, 43.36505], [-72.30234, 43.36548], [-72.2948, 43.36385], [-72.2911, 43.36384], [-72.28662, 43.36205], [-72.28261, 43.36268], [-72.26576, 43.35953], [-72.24811, 43.35789], [-72.24605, 43.35867], [-72.24587, 43.3615], [-72.24404, 43.36261], [-72.23868, 43.36157], [-72.23469, 43.36213], [-72.22964, 43.36016], [-72.22757, 43.36002], [-72.22585, 43.36117], [-72.22462, 43.36389], [-72.22654, 43.36952], [-72.22523, 43.37405], [-72.2232, 43.37516], [-72.21938, 43.37595], [-72.21626, 43.37754], [-72.21233, 43.37855], [-72.21086, 43.38049], [-72.21114, 43.38306], [-72.2108, 43.38393], [-72.20583, 43.38857], [-72.20181, 43.39052], [-72.2004, 43.39076], [-72.19073, 43.3873], [-72.18809, 43.38503], [-72.18683, 43.38318], [-72.18598, 43.38022], [-72.18447, 43.37747], [-72.18203, 43.36946], [-72.18108, 43.36827], [-72.17802, 43.36635]]}}, {"type": "Feature", "properties": {"id": "rt_27_0", "name": "Ashuelot Rail Trail (NH)", "q": "great", "t": "rail", "c": "yes"}, "geometry": {"type": "LineString", "coordinates": [[-72.46962, 42.75626], [-72.47109, 42.75962], [-72.48077, 42.77083], [-72.48098, 42.77283], [-72.4801, 42.77518], [-72.48036, 42.77695], [-72.48183, 42.77862], [-72.48412, 42.78015], [-72.48492, 42.78155], [-72.48501, 42.78289], [-72.48424, 42.78403], [-72.48257, 42.78486], [-72.48096, 42.78492], [-72.47836, 42.78402], [-72.47562, 42.78441], [-72.46827, 42.78774], [-72.46559, 42.79072], [-72.46349, 42.79173], [-72.46205, 42.7918], [-72.45497, 42.78916], [-72.44935, 42.7885], [-72.44668, 42.78866], [-72.4417, 42.78778], [-72.4401, 42.78648], [-72.4393, 42.78384], [-72.43828, 42.78279], [-72.42815, 42.78023], [-72.42587, 42.77757], [-72.42393, 42.7767], [-72.4174, 42.77636], [-72.41573, 42.77537], [-72.41207, 42.77182], [-72.40974, 42.77061], [-72.4041, 42.77026], [-72.39164, 42.77054], [-72.38904, 42.77107], [-72.38695, 42.77214], [-72.38549, 42.77385], [-72.38509, 42.77632], [-72.38544, 42.77996], [-72.38819, 42.78499], [-72.38805, 42.78739], [-72.37696, 42.80747], [-72.37329, 42.81091], [-72.36378, 42.8238], [-72.35588, 42.83868], [-72.35531, 42.83923], [-72.35222, 42.83992], [-72.34642, 42.84015], [-72.33022, 42.84729], [-72.32479, 42.85498], [-72.32401, 42.86329], [-72.3229, 42.86946], [-72.32147, 42.87165], [-72.31451, 42.87601], [-72.29835, 42.88119], [-72.28894, 42.88677], [-72.28666, 42.88904], [-72.2837, 42.89527], [-72.28591, 42.90713], [-72.28406, 42.92955]]}}, {"type": "Feature", "properties": {"id": "rt_27_1", "name": "Ashuelot Rail Trail (NH)", "q": "great", "t": "rail", "c": "yes"}, "geometry": {"type": "LineString", "coordinates": [[-72.28406, 42.92955], [-72.28384, 42.93049]]}}, {"type": "Feature", "properties": {"id": "rt_28_0", "name": "Whistle Stop Rail Trail (ME)", "q": "great", "t": "rail", "c": "yes"}, "geometry": {"type": "LineString", "coordinates": [[-70.15574, 44.66125], [-70.15892, 44.6572], [-70.16645, 44.65282], [-70.16756, 44.6518], [-70.16828, 44.6504], [-70.16822, 44.64867], [-70.16527, 44.64312], [-70.16349, 44.63686], [-70.16288, 44.63269], [-70.16329, 44.63079], [-70.16425, 44.62898], [-70.16686, 44.62578], [-70.16964, 44.62398], [-70.18229, 44.61872], [-70.19179, 44.61575], [-70.19628, 44.6125], [-70.20261, 44.60643], [-70.20295, 44.6066], [-70.20261, 44.60643], [-70.20545, 44.60358], [-70.20581, 44.60152], [-70.20579, 44.59718], [-70.20645, 44.59495], [-70.20714, 44.59365], [-70.20976, 44.59037], [-70.2106, 44.58796], [-70.21023, 44.58315], [-70.21058, 44.5787], [-70.20971, 44.57522], [-70.20991, 44.56895], [-70.21023, 44.56635], [-70.21072, 44.56538], [-70.21253, 44.56393], [-70.21707, 44.5618], [-70.22396, 44.55947], [-70.23439, 44.55357], [-70.23555, 44.55236], [-70.23666, 44.54938], [-70.23695, 44.54803], [-70.23666, 44.5468], [-70.23576, 44.54465], [-70.23261, 44.53302], [-70.23047, 44.52824], [-70.2293, 44.52682], [-70.22657, 44.52514], [-70.21884, 44.52266], [-70.21686, 44.5211], [-70.21611, 44.51983], [-70.2142, 44.51403], [-70.2136, 44.5107], [-70.21359, 44.50735], [-70.21308, 44.50555], [-70.21087, 44.50232], [-70.20829, 44.50021], [-70.20655, 44.49656], [-70.20497, 44.49446], [-70.20453, 44.49446], [-70.20476, 44.49494], [-70.20445, 44.49515]]}}, {"type": "Feature", "properties": {"id": "rt_29_0", "name": "Missisquoi Valley Rail Trail (VT)", "q": "great", "t": "rail", "c": "yes"}, "geometry": {"type": "LineString", "coordinates": [[-72.66859, 44.98901], [-72.66895, 44.98791], [-72.66957, 44.98718], [-72.67446, 44.98261], [-72.67942, 44.97981], [-72.68164, 44.97797], [-72.68903, 44.96584], [-72.69017, 44.96441], [-72.69351, 44.96146], [-72.70399, 44.94916], [-72.70511, 44.94716], [-72.70885, 44.93616], [-72.71402, 44.93229], [-72.71966, 44.92964], [-72.72764, 44.92715], [-72.73186, 44.9243], [-72.73508, 44.92279], [-72.74118, 44.92112], [-72.7536, 44.92088], [-72.76039, 44.92166], [-72.76233, 44.92153], [-72.76441, 44.92066], [-72.77054, 44.91526], [-72.77504, 44.91308], [-72.77743, 44.9125], [-72.78005, 44.91238], [-72.78526, 44.91324], [-72.79053, 44.91242], [-72.79376, 44.91152], [-72.79797, 44.90934], [-72.80028, 44.90849], [-72.80279, 44.90816], [-72.8071, 44.90826], [-72.81201, 44.90691], [-72.82154, 44.90743], [-72.8343, 44.90678], [-72.83847, 44.90706], [-72.85678, 44.9088], [-72.86705, 44.913], [-72.87054, 44.91387], [-72.89154, 44.91429], [-72.89416, 44.91403], [-72.89643, 44.91341], [-72.90603, 44.90889], [-72.91148, 44.90847], [-72.91788, 44.90881], [-72.92051, 44.90812], [-72.92386, 44.90654], [-72.92725, 44.90259], [-72.92854, 44.9017], [-72.93494, 44.90019], [-72.93732, 44.9002], [-72.94841, 44.9015], [-72.95188, 44.90013], [-72.95467, 44.9], [-72.97081, 44.90547], [-72.97349, 44.90552], [-72.97567, 44.90502], [-72.97804, 44.90398], [-72.9861, 44.8986], [-72.9911, 44.89249], [-72.99317, 44.89061], [-73.00141, 44.88159], [-73.00502, 44.87619], [-73.00645, 44.87481], [-73.01126, 44.87149], [-73.01324, 44.87091], [-73.01675, 44.87055], [-73.01896, 44.86973], [-73.01995, 44.86882], [-73.02135, 44.86611], [-73.02344, 44.86463], [-73.02635, 44.86181], [-73.0336, 44.85923], [-73.03749, 44.85685], [-73.07873, 44.82708]]}}, {"type": "Feature", "properties": {"id": "rt_30_0", "name": "Island Line Trail (VT)", "q": "great", "t": "rail", "c": "yes"}, "geometry": {"type": "LineString", "coordinates": [[-73.22769, 44.45387], [-73.22767, 44.45527], [-73.22729, 44.45575], [-73.22512, 44.45626], [-73.22359, 44.45794], [-73.22183, 44.45827], [-73.22167, 44.45883], [-73.21884, 44.45889], [-73.21893, 44.46904], [-73.21956, 44.46954], [-73.2201, 44.47067], [-73.22083, 44.47104], [-73.22048, 44.4724], [-73.21922, 44.47265], [-73.21935, 44.47455], [-73.22069, 44.47681], [-73.22122, 44.47906], [-73.22235, 44.47907], [-73.22252, 44.48104], [-73.22323, 44.48248], [-73.22486, 44.48424], [-73.22687, 44.48507], [-73.2279, 44.48623], [-73.23038, 44.48794], [-73.23077, 44.48872], [-73.23745, 44.492], [-73.24393, 44.49761], [-73.26402, 44.51042], [-73.26602, 44.51202], [-73.26818, 44.51495], [-73.26915, 44.52137], [-73.27373, 44.53203], [-73.2762, 44.53615], [-73.27556, 44.53701], [-73.27577, 44.53805], [-73.27503, 44.53905], [-73.27995, 44.54259], [-73.28005, 44.54319], [-73.28228, 44.54255], [-73.28594, 44.54412], [-73.29893, 44.55407], [-73.30482, 44.5586], [-73.3083, 44.56175], [-73.3109, 44.56486], [-73.31299, 44.5682], [-73.31494, 44.57345], [-73.31554, 44.57913], [-73.31474, 44.58429], [-73.31045, 44.59792], [-73.31129, 44.60944]]}}, {"type": "Feature", "properties": {"id": "rt_31_0", "name": "Moosup Valley State Park Trail (CT)", "q": "great", "t": "rail", "c": "yes"}, "geometry": {"type": "LineString", "coordinates": [[-71.88106, 41.71299], [-71.87957, 41.71377]]}}, {"type": "Feature", "properties": {"id": "rt_31_1", "name": "Moosup Valley State Park Trail (CT)", "q": "great", "t": "rail", "c": "yes"}, "geometry": {"type": "LineString", "coordinates": [[-71.87958, 41.71377], [-71.87595, 41.71647], [-71.87436, 41.71713], [-71.86841, 41.71704]]}}, {"type": "Feature", "properties": {"id": "rt_31_2", "name": "Moosup Valley State Park Trail (CT)", "q": "great", "t": "rail", "c": "yes"}, "geometry": {"type": "LineString", "coordinates": [[-71.86841, 41.71704], [-71.86399, 41.71596], [-71.86077, 41.71661]]}}, {"type": "Feature", "properties": {"id": "rt_31_3", "name": "Moosup Valley State Park Trail (CT)", "q": "great", "t": "rail", "c": "yes"}, "geometry": {"type": "LineString", "coordinates": [[-71.86077, 41.71661], [-71.85952, 41.71758], [-71.85863, 41.71977]]}}, {"type": "Feature", "properties": {"id": "rt_31_4", "name": "Moosup Valley State Park Trail (CT)", "q": "great", "t": "rail", "c": "yes"}, "geometry": {"type": "LineString", "coordinates": [[-71.85863, 41.71977], [-71.85665, 41.7219], [-71.85443, 41.72261]]}}, {"type": "Feature", "properties": {"id": "rt_31_5", "name": "Moosup Valley State Park Trail (CT)", "q": "great", "t": "rail", "c": "yes"}, "geometry": {"type": "LineString", "coordinates": [[-71.85443, 41.72261], [-71.85157, 41.72218], [-71.84939, 41.7209]]}}, {"type": "Feature", "properties": {"id": "rt_31_6", "name": "Moosup Valley State Park Trail (CT)", "q": "great", "t": "rail", "c": "yes"}, "geometry": {"type": "LineString", "coordinates": [[-71.84939, 41.7209], [-71.84516, 41.71795]]}}, {"type": "Feature", "properties": {"id": "rt_31_7", "name": "Moosup Valley State Park Trail (CT)", "q": "great", "t": "rail", "c": "yes"}, "geometry": {"type": "LineString", "coordinates": [[-71.84516, 41.71795], [-71.83268, 41.71054], [-71.82955, 41.70921]]}}, {"type": "Feature", "properties": {"id": "rt_31_8", "name": "Moosup Valley State Park Trail (CT)", "q": "great", "t": "rail", "c": "yes"}, "geometry": {"type": "LineString", "coordinates": [[-71.82955, 41.70921], [-71.82828, 41.70876]]}}, {"type": "Feature", "properties": {"id": "rt_31_9", "name": "Moosup Valley State Park Trail (CT)", "q": "great", "t": "rail", "c": "yes"}, "geometry": {"type": "LineString", "coordinates": [[-71.82828, 41.70876], [-71.82587, 41.70723]]}}, {"type": "Feature", "properties": {"id": "rt_31_10", "name": "Moosup Valley State Park Trail (CT)", "q": "great", "t": "rail", "c": "yes"}, "geometry": {"type": "LineString", "coordinates": [[-71.82587, 41.70723], [-71.82583, 41.70704]]}}, {"type": "Feature", "properties": {"id": "rt_31_11", "name": "Moosup Valley State Park Trail (CT)", "q": "great", "t": "rail", "c": "yes"}, "geometry": {"type": "LineString", "coordinates": [[-71.82583, 41.70704], [-71.82201, 41.70171], [-71.8195, 41.69979], [-71.81605, 41.69855], [-71.80904, 41.69775]]}}, {"type": "Feature", "properties": {"id": "rt_31_12", "name": "Moosup Valley State Park Trail (CT)", "q": "great", "t": "rail", "c": "yes"}, "geometry": {"type": "LineString", "coordinates": [[-71.80904, 41.69775], [-71.80253, 41.69736]]}}, {"type": "Feature", "properties": {"id": "rt_31_13", "name": "Moosup Valley State Park Trail (CT)", "q": "great", "t": "rail", "c": "yes"}, "geometry": {"type": "LineString", "coordinates": [[-71.80253, 41.69736], [-71.80043, 41.69681]]}}, {"type": "Feature", "properties": {"id": "rt_31_14", "name": "Moosup Valley State Park Trail (CT)", "q": "great", "t": "rail", "c": "yes"}, "geometry": {"type": "LineString", "coordinates": [[-71.80043, 41.69681], [-71.79265, 41.69605]]}}, {"type": "Feature", "properties": {"id": "rt_31_15", "name": "Moosup Valley State Park Trail (CT)", "q": "great", "t": "rail", "c": "yes"}, "geometry": {"type": "LineString", "coordinates": [[-71.79265, 41.69605], [-71.7887, 41.69561]]}}, {"type": "Feature", "properties": {"id": "rt_32_0", "name": "Larkin State Bridle Trail (CT)", "q": "great", "t": "rail", "c": "yes"}, "geometry": {"type": "LineString", "coordinates": [[-73.06506, 41.51205], [-73.06874, 41.51006], [-73.07343, 41.50959], [-73.0818, 41.50771], [-73.08499, 41.50838], [-73.08772, 41.51145], [-73.08902, 41.51219], [-73.09172, 41.51247], [-73.09425, 41.5117], [-73.09541, 41.51074], [-73.09635, 41.50904], [-73.09623, 41.50367], [-73.09694, 41.50212], [-73.10004, 41.49922], [-73.10274, 41.49847], [-73.10439, 41.49744], [-73.10523, 41.49635], [-73.10625, 41.49299], [-73.11345, 41.48676], [-73.11387, 41.48586], [-73.11297, 41.48243], [-73.11713, 41.47521], [-73.12051, 41.4738], [-73.12574, 41.47435], [-73.12858, 41.47358], [-73.13393, 41.46822], [-73.13687, 41.46658]]}}, {"type": "Feature", "properties": {"id": "rt_32_1", "name": "Larkin State Bridle Trail (CT)", "q": "great", "t": "rail", "c": "yes"}, "geometry": {"type": "LineString", "coordinates": [[-73.13687, 41.46658], [-73.1438, 41.46498], [-73.14725, 41.46571], [-73.14956, 41.46785], [-73.15199, 41.47258], [-73.15505, 41.47439], [-73.15813, 41.47406], [-73.15977, 41.47318], [-73.16089, 41.47124], [-73.16087, 41.46903], [-73.16149, 41.4679], [-73.16261, 41.46713], [-73.16492, 41.46664], [-73.17222, 41.46721]]}}, {"type": "Feature", "properties": {"id": "rt_32_2", "name": "Larkin State Bridle Trail (CT)", "q": "great", "t": "rail", "c": "yes"}, "geometry": {"type": "LineString", "coordinates": [[-73.17222, 41.46721], [-73.17664, 41.46773], [-73.17879, 41.46829], [-73.18723, 41.4715], [-73.19223, 41.4726], [-73.19481, 41.47258], [-73.20128, 41.47113], [-73.20423, 41.47137], [-73.20689, 41.47234]]}}, {"type": "Feature", "properties": {"id": "rt_33_0", "name": "WOW Trail (NH)", "q": "great", "t": "rail", "c": "yes"}, "geometry": {"type": "LineString", "coordinates": [[-71.48193, 43.51899], [-71.4789, 43.52026], [-71.47685, 43.52198], [-71.47542, 43.52389], [-71.47556, 43.5249], [-71.47469, 43.52507], [-71.47173, 43.52985], [-71.46919, 43.53182], [-71.46865, 43.53266], [-71.46871, 43.53549], [-71.46714, 43.53712], [-71.46703, 43.54008], [-71.46627, 43.54271], [-71.46522, 43.54499], [-71.46305, 43.54752]]}}, {"type": "Feature", "properties": {"id": "rt_34_0", "name": "Manhan Rail Trail (MA)", "q": "great", "t": "rail", "c": "yes"}, "geometry": {"type": "LineString", "coordinates": [[-72.69537, 42.25092], [-72.69252, 42.25201], [-72.68331, 42.25703], [-72.67987, 42.26083], [-72.67404, 42.26365], [-72.66799, 42.2694], [-72.65929, 42.27408], [-72.65547, 42.27728], [-72.65425, 42.27905], [-72.65365, 42.28184], [-72.65564, 42.29]]}}, {"type": "Feature", "properties": {"id": "rt_34_1", "name": "Manhan Rail Trail (MA)", "q": "great", "t": "rail", "c": "yes"}, "geometry": {"type": "LineString", "coordinates": [[-72.65614, 42.2767], [-72.654, 42.27722], [-72.64947, 42.2765], [-72.64463, 42.2767], [-72.63112, 42.28183], [-72.62643, 42.28576], [-72.62472, 42.28667], [-72.62196, 42.28708], [-72.61724, 42.28689]]}}, {"type": "Feature", "properties": {"id": "rt_34_2", "name": "Manhan Rail Trail (MA)", "q": "great", "t": "rail", "c": "yes"}, "geometry": {"type": "LineString", "coordinates": [[-72.65704, 42.27597], [-72.65486, 42.27577]]}}, {"type": "Feature", "properties": {"id": "rt_35_0", "name": "Still River Greenway (Sue Grossman) (CT)", "q": "great", "t": "rail", "c": "yes"}, "geometry": {"type": "LineString", "coordinates": [[-73.09502, 41.85347], [-73.09311, 41.85627], [-73.08438, 41.86685], [-73.08441, 41.86727], [-73.08348, 41.86798], [-73.07556, 41.87971], [-73.07338, 41.88802], [-73.07334, 41.88974], [-73.07338, 41.88802], [-73.07556, 41.87971], [-73.08348, 41.86798], [-73.08441, 41.86727], [-73.08438, 41.86685], [-73.09311, 41.85627], [-73.09502, 41.85347]]}}, {"type": "Feature", "properties": {"id": "rt_36_0", "name": "Mountain Division Trail (ME)", "q": "great", "t": "rail", "c": "yes"}, "geometry": {"type": "LineString", "coordinates": [[-70.93246, 43.98583], [-70.94824, 44.00311], [-70.95263, 44.0067], [-70.95626, 44.00832], [-70.96158, 44.00916], [-70.9863, 44.0084], [-70.98941, 44.00737], [-70.99259, 44.00445], [-70.98941, 44.00737], [-70.9863, 44.0084], [-70.96158, 44.00916], [-70.95626, 44.00832], [-70.95263, 44.0067], [-70.94824, 44.00311], [-70.93246, 43.98583]]}}, {"type": "Feature", "properties": {"id": "rt_37_0", "name": "Beebe Spur Rail Trail (VT)", "q": "great", "t": "rail", "c": "yes"}, "geometry": {"type": "LineString", "coordinates": [[-72.20403, 44.95496], [-72.19752, 44.95446], [-72.18697, 44.97355], [-72.18605, 44.97896], [-72.18629, 44.98153], [-72.186, 44.98821], [-72.18534, 44.99046], [-72.18309, 44.99411], [-72.18103, 44.996], [-72.17404, 45.00393], [-72.17221, 45.0054], [-72.17404, 45.00393], [-72.18103, 44.996], [-72.18309, 44.99411], [-72.18534, 44.99046], [-72.186, 44.98821], [-72.18629, 44.98153], [-72.18605, 44.97896], [-72.18697, 44.97355], [-72.19752, 44.95446], [-72.20403, 44.95496]]}}, {"type": "Feature", "properties": {"id": "rt_38_0", "name": "Narrow Gauge Pathway (ME)", "q": "great", "t": "rail", "c": "yes"}, "geometry": {"type": "LineString", "coordinates": [[-70.21986, 45.09177], [-70.21328, 45.08608], [-70.21246, 45.08446], [-70.20859, 45.07976], [-70.21141, 45.07819], [-70.21216, 45.07871]]}}, {"type": "Feature", "properties": {"id": "rt_38_1", "name": "Narrow Gauge Pathway (ME)", "q": "great", "t": "rail", "c": "yes"}, "geometry": {"type": "LineString", "coordinates": [[-70.3155, 45.08078], [-70.3174, 45.08104]]}}, {"type": "Feature", "properties": {"id": "rt_38_2", "name": "Narrow Gauge Pathway (ME)", "q": "great", "t": "rail", "c": "yes"}, "geometry": {"type": "LineString", "coordinates": [[-70.31634, 45.07988], [-70.31565, 45.08049], [-70.31504, 45.08168], [-70.31552, 45.08253], [-70.3161, 45.08279]]}}, {"type": "Feature", "properties": {"id": "rt_38_3", "name": "Narrow Gauge Pathway (ME)", "q": "great", "t": "rail", "c": "yes"}, "geometry": {"type": "LineString", "coordinates": [[-70.29605, 45.08786], [-70.29607, 45.08613], [-70.29684, 45.0852]]}}, {"type": "Feature", "properties": {"id": "rt_38_4", "name": "Narrow Gauge Pathway (ME)", "q": "great", "t": "rail", "c": "yes"}, "geometry": {"type": "LineString", "coordinates": [[-70.31633, 45.0827], [-70.31124, 45.08476], [-70.30573, 45.08593]]}}, {"type": "Feature", "properties": {"id": "rt_38_5", "name": "Narrow Gauge Pathway (ME)", "q": "great", "t": "rail", "c": "yes"}, "geometry": {"type": "LineString", "coordinates": [[-70.30573, 45.08593], [-70.30378, 45.08689], [-70.29605, 45.08786]]}}, {"type": "Feature", "properties": {"id": "rt_38_6", "name": "Narrow Gauge Pathway (ME)", "q": "great", "t": "rail", "c": "yes"}, "geometry": {"type": "LineString", "coordinates": [[-70.23632, 45.09438], [-70.23418, 45.09433], [-70.21986, 45.09177]]}}, {"type": "Feature", "properties": {"id": "rt_38_7", "name": "Narrow Gauge Pathway (ME)", "q": "great", "t": "rail", "c": "yes"}, "geometry": {"type": "LineString", "coordinates": [[-70.29605, 45.08786], [-70.29086, 45.08848], [-70.2872, 45.08937], [-70.28349, 45.089], [-70.27409, 45.09168], [-70.26808, 45.09126], [-70.26477, 45.09172]]}}, {"type": "Feature", "properties": {"id": "rt_38_8", "name": "Narrow Gauge Pathway (ME)", "q": "great", "t": "rail", "c": "yes"}, "geometry": {"type": "LineString", "coordinates": [[-70.26477, 45.09172], [-70.26008, 45.09204], [-70.2537, 45.09351], [-70.24991, 45.0932], [-70.24669, 45.09395], [-70.2444, 45.0937], [-70.24101, 45.09505], [-70.23764, 45.09435], [-70.23632, 45.09438]]}}, {"type": "Feature", "properties": {"id": "rt_39_0", "name": "Cheshire Rail Trail (NH)", "q": "great", "t": "rail", "c": "yes"}, "geometry": {"type": "LineString", "coordinates": [[-72.26232, 42.92435], [-72.25941, 42.92013], [-72.25311, 42.91423], [-72.25179, 42.91237], [-72.25134, 42.90941], [-72.25298, 42.90546], [-72.25327, 42.90332], [-72.25271, 42.90055], [-72.25107, 42.89809], [-72.24063, 42.8887], [-72.23719, 42.88378], [-72.23183, 42.88093], [-72.22997, 42.87665], [-72.22904, 42.8759], [-72.22711, 42.87523], [-72.22004, 42.87521], [-72.21442, 42.87413], [-72.20809, 42.87063], [-72.20744, 42.86996], [-72.20645, 42.86614], [-72.20409, 42.864], [-72.19771, 42.85515], [-72.19202, 42.85044], [-72.19017, 42.84601], [-72.18632, 42.84209], [-72.1852, 42.84005], [-72.18479, 42.83553], [-72.18336, 42.83183], [-72.18577, 42.81703], [-72.18546, 42.80862], [-72.18191, 42.7919], [-72.17467, 42.78064], [-72.17435, 42.77809], [-72.17527, 42.77262], [-72.17466, 42.77098], [-72.17085, 42.76745], [-72.16347, 42.76299], [-72.16157, 42.76277], [-72.1414, 42.76611], [-72.13946, 42.76594], [-72.13659, 42.76486], [-72.13467, 42.76311], [-72.12855, 42.75534], [-72.12791, 42.75396], [-72.12761, 42.74585], [-72.12813, 42.73963], [-72.12748, 42.73799], [-72.12635, 42.73678], [-72.0835, 42.71856]]}}, {"type": "Feature", "properties": {"id": "rt_39_1", "name": "Cheshire Rail Trail (NH)", "q": "great", "t": "rail", "c": "yes"}, "geometry": {"type": "LineString", "coordinates": [[-72.2969, 42.93135], [-72.28815, 42.93114], [-72.2881, 42.93015], [-72.28679, 42.93019], [-72.28242, 42.93063], [-72.28252, 42.93171], [-72.27585, 42.9323], [-72.27363, 42.9314], [-72.26232, 42.92435]]}}, {"type": "Feature", "properties": {"id": "rt_39_2", "name": "Cheshire Rail Trail (NH)", "q": "great", "t": "rail", "c": "yes"}, "geometry": {"type": "LineString", "coordinates": [[-72.43064, 43.10484], [-72.4343, 43.10448], [-72.43464, 43.10298], [-72.43174, 43.08893], [-72.43187, 43.08519], [-72.43332, 43.07848], [-72.4349, 43.07611], [-72.44656, 43.06299], [-72.45051, 43.05582], [-72.44982, 43.05307], [-72.44706, 43.04977], [-72.43757, 43.02707], [-72.43489, 43.02464], [-72.43422, 43.02337], [-72.43449, 43.02077], [-72.43779, 43.01754], [-72.43842, 43.01547], [-72.43799, 43.01404], [-72.43551, 43.01055], [-72.43583, 43.00722], [-72.43542, 43.00578], [-72.43039, 42.99987], [-72.43023, 42.99832], [-72.43236, 42.99547], [-72.43216, 42.99318], [-72.43089, 42.99202], [-72.42896, 42.99139], [-72.4241, 42.99231], [-72.42222, 42.99379], [-72.42095, 42.99637], [-72.41962, 42.99758], [-72.41589, 42.99992], [-72.4132, 43.00065], [-72.41086, 43.00019], [-72.40788, 42.9983], [-72.39844, 42.99405], [-72.39352, 42.99408], [-72.38776, 42.99649], [-72.38455, 42.99589], [-72.38166, 42.99266], [-72.37553, 42.98952], [-72.37297, 42.98568], [-72.36876, 42.98321], [-72.36413, 42.98153], [-72.35695, 42.98087], [-72.34865, 42.97802], [-72.34655, 42.97636], [-72.34295, 42.96718], [-72.33969, 42.96231], [-72.34084, 42.95657], [-72.34397, 42.95317], [-72.34482, 42.95011], [-72.34296, 42.94551], [-72.34344, 42.94139], [-72.34319, 42.93962], [-72.34135, 42.93576], [-72.34006, 42.93422], [-72.3382, 42.93312], [-72.33493, 42.93247], [-72.3289, 42.93336], [-72.32112, 42.932], [-72.2969, 42.93135]]}}, {"type": "Feature", "properties": {"id": "rt_40_0", "name": "Goffstown Rail Trail (NH)", "q": "great", "t": "rail", "c": "yes"}, "geometry": {"type": "LineString", "coordinates": [[-71.59876, 43.01814], [-71.59014, 43.01572], [-71.57495, 43.01429], [-71.56685, 43.01494], [-71.55709, 43.01448], [-71.54875, 43.01196], [-71.52904, 43.00873], [-71.52378, 43.00852], [-71.52196, 43.00777], [-71.51797, 43.00411], [-71.51163, 43.00249], [-71.50605, 42.99911], [-71.50072, 42.99737], [-71.49444, 42.99431]]}}, {"type": "Feature", "properties": {"id": "rt_41_0", "name": "Piscataquog Trail (NH)", "q": "great", "t": "rail", "c": "yes"}, "geometry": {"type": "LineString", "coordinates": [[-71.49444, 42.99431], [-71.48481, 42.98773], [-71.47993, 42.98365], [-71.46836, 42.97862], [-71.46774, 42.97918]]}}, {"type": "Feature", "properties": {"id": "rt_42_0", "name": "Londonderry Rail Trail (NH)", "q": "great", "t": "rail", "c": "yes"}, "geometry": {"type": "LineString", "coordinates": [[-71.34489, 42.90014], [-71.36616, 42.91579], [-71.36849, 42.91726], [-71.37305, 42.91889], [-71.37942, 42.91949], [-71.39844, 42.91818], [-71.3996, 42.91777], [-71.40003, 42.91807], [-71.4131, 42.91726], [-71.41765, 42.91789], [-71.42231, 42.91998]]}}, {"type": "Feature", "properties": {"id": "rt_43_0", "name": "Derry Rail Trail (NH)", "q": "great", "t": "rail", "c": "yes"}, "geometry": {"type": "LineString", "coordinates": [[-71.30123, 42.84402], [-71.30495, 42.84558], [-71.30987, 42.84865], [-71.3141, 42.85246], [-71.31846, 42.86077], [-71.31814, 42.86118], [-71.31884, 42.86209], [-71.32098, 42.8711], [-71.32383, 42.87754], [-71.3271, 42.88153], [-71.33146, 42.88478], [-71.33424, 42.88993], [-71.33585, 42.89169], [-71.34489, 42.90014]]}}, {"type": "Feature", "properties": {"id": "rt_43_1", "name": "Derry Rail Trail (NH)", "q": "great", "t": "rail", "c": "yes"}, "geometry": {"type": "LineString", "coordinates": [[-71.34489, 42.90014], [-71.36616, 42.91579], [-71.36849, 42.91726], [-71.37305, 42.91889], [-71.37942, 42.91949], [-71.39844, 42.91818], [-71.3996, 42.91777], [-71.40003, 42.91807], [-71.4131, 42.91726], [-71.41765, 42.91789], [-71.42231, 42.91998]]}}, {"type": "Feature", "properties": {"id": "rt_44_0", "name": "Windham Rail Trail (NH)", "q": "great", "t": "rail", "c": "yes"}, "geometry": {"type": "LineString", "coordinates": [[-71.24643, 42.80688], [-71.25334, 42.81474], [-71.26805, 42.82491], [-71.26938, 42.8279], [-71.26878, 42.83139], [-71.26902, 42.83367], [-71.27005, 42.83567], [-71.27193, 42.83754], [-71.27434, 42.83886], [-71.28537, 42.84232], [-71.29528, 42.84275], [-71.30123, 42.84402]]}}, {"type": "Feature", "properties": {"id": "rt_45_0", "name": "Salem Bike-Ped Corridor (NH)", "q": "great", "t": "rail", "c": "yes"}, "geometry": {"type": "LineString", "coordinates": [[-71.20037, 42.74136], [-71.2027, 42.74515], [-71.22764, 42.77898], [-71.23437, 42.78722], [-71.23561, 42.78971], [-71.23651, 42.79361], [-71.23804, 42.79671], [-71.24643, 42.80688]]}}, {"type": "Feature", "properties": {"id": "rt_46_0", "name": "Lake Winnisquam Scenic Trail (NH)", "q": "great", "t": "rail", "c": "yes"}, "geometry": {"type": "LineString", "coordinates": [[-71.50444, 43.50404], [-71.50655, 43.50472], [-71.50396, 43.51006], [-71.50268, 43.51177], [-71.50091, 43.51156], [-71.49931, 43.51257], [-71.49798, 43.51418], [-71.49819, 43.51492], [-71.49702, 43.51582], [-71.49326, 43.51704], [-71.48798, 43.51678], [-71.48644, 43.51778], [-71.48193, 43.51899]]}}, {"type": "Feature", "properties": {"id": "rt_47_0", "name": "Belfast Rail Trail (ME)", "q": "great", "t": "rail", "c": "yes"}, "geometry": {"type": "LineString", "coordinates": [[-69.03459, 44.45546], [-69.03411, 44.4504], [-69.0333, 44.44889], [-69.0306, 44.44717], [-69.02839, 44.44515], [-69.02519, 44.44398], [-69.02289, 44.44107], [-69.01867, 44.43967], [-69.01684, 44.43862], [-69.0137, 44.43391], [-69.01051, 44.43101]]}}, {"type": "Feature", "properties": {"id": "rt_48_0", "name": "Saint John Valley Heritage Trail (ME)", "q": "great", "t": "rail", "c": "yes"}, "geometry": {"type": "LineString", "coordinates": [[-68.8992, 47.16572], [-68.89897, 47.1657]]}}, {"type": "Feature", "properties": {"id": "rt_48_1", "name": "Saint John Valley Heritage Trail (ME)", "q": "great", "t": "rail", "c": "yes"}, "geometry": {"type": "LineString", "coordinates": [[-68.89897, 47.1657], [-68.89616, 47.16631], [-68.89186, 47.16859], [-68.87178, 47.18044], [-68.86678, 47.18437], [-68.86026, 47.18729], [-68.85725, 47.18915], [-68.84982, 47.19117], [-68.82956, 47.19961], [-68.82439, 47.20196], [-68.81877, 47.20537], [-68.81425, 47.20672], [-68.80923, 47.20877], [-68.80275, 47.21056], [-68.79998, 47.21256], [-68.78913, 47.21562], [-68.77982, 47.21667], [-68.76332, 47.2209], [-68.74998, 47.22389], [-68.74197, 47.22491], [-68.73309, 47.22558], [-68.72912, 47.22624], [-68.72337, 47.22908], [-68.70166, 47.23522], [-68.6978, 47.23528], [-68.68891, 47.23384], [-68.67524, 47.23265], [-68.65158, 47.2316], [-68.64632, 47.23191], [-68.63373, 47.23478], [-68.62332, 47.23666], [-68.61261, 47.24122], [-68.60604, 47.24548], [-68.60491, 47.24587], [-68.59763, 47.24622], [-68.58084, 47.24957], [-68.57839, 47.2495]]}}, {"type": "Feature", "properties": {"id": "rt_49_0", "name": "Sipayik Trail (ME)", "q": "great", "t": "rail", "c": "yes"}, "geometry": {"type": "LineString", "coordinates": [[-67.07458, 44.97269], [-67.07396, 44.9721], [-67.073, 44.97182], [-67.0654, 44.97116], [-67.06176, 44.96976], [-67.06057, 44.96921], [-67.05887, 44.96643], [-67.05514, 44.9641], [-67.04865, 44.96356], [-67.04267, 44.96039], [-67.04255, 44.96008]]}}, {"type": "Feature", "properties": {"id": "rt_50_0", "name": "Shining Sea Bikeway (MA)", "q": "great", "t": "rail", "c": "yes"}, "geometry": {"type": "LineString", "coordinates": [[-70.65737, 41.52283], [-70.65511, 41.52348], [-70.65249, 41.52501], [-70.64258, 41.53392], [-70.63799, 41.53701], [-70.63481, 41.53991], [-70.62709, 41.55146], [-70.62696, 41.55218], [-70.62624, 41.5527], [-70.62363, 41.55654], [-70.62376, 41.55678], [-70.62328, 41.55761], [-70.62041, 41.56162], [-70.6193, 41.56408], [-70.61836, 41.56787], [-70.61877, 41.5696], [-70.61977, 41.57096], [-70.62131, 41.57205], [-70.6325, 41.57732], [-70.63428, 41.57873], [-70.63539, 41.58011], [-70.63619, 41.58196], [-70.63797, 41.5909], [-70.63885, 41.59546], [-70.63892, 41.59809], [-70.63826, 41.60119], [-70.63692, 41.60404], [-70.62838, 41.61582], [-70.6263, 41.61928], [-70.61513, 41.64323], [-70.61388, 41.64774]]}}, {"type": "Feature", "properties": {"id": "rt_50_1", "name": "Shining Sea Bikeway (MA)", "q": "great", "t": "rail", "c": "yes"}, "geometry": {"type": "LineString", "coordinates": [[-70.61863, 41.56927], [-70.61726, 41.56976]]}}, {"type": "Feature", "properties": {"id": "rt_51_0", "name": "Old Colony Rail Trail (MA)", "q": "great", "t": "rail", "c": "yes"}, "geometry": {"type": "LineString", "coordinates": [[-69.97536, 41.69134], [-69.97334, 41.69169], [-69.9733, 41.69211], [-69.97287, 41.69237], [-69.97064, 41.69241], [-69.96708, 41.68991], [-69.9661, 41.69002], [-69.96599, 41.6894]]}}, {"type": "Feature", "properties": {"id": "rt_51_1", "name": "Old Colony Rail Trail (MA)", "q": "great", "t": "rail", "c": "yes"}, "geometry": {"type": "LineString", "coordinates": [[-70.08947, 41.68863], [-70.08677, 41.68891], [-70.0828, 41.68777], [-70.07621, 41.68725], [-70.06637, 41.68879], [-70.05376, 41.68735], [-70.05236, 41.68877], [-70.05049, 41.68904], [-70.04868, 41.68818], [-70.04842, 41.68766], [-70.04885, 41.68674], [-70.04837, 41.68626], [-70.0238, 41.68291], [-70.02239, 41.68306], [-70.02035, 41.68395], [-70.00248, 41.68674], [-69.99709, 41.68841], [-69.99232, 41.68908], [-69.99432, 41.68736], [-69.99492, 41.68615], [-69.99482, 41.68485], [-69.99426, 41.68456], [-69.99337, 41.68466], [-69.98789, 41.68811], [-69.98639, 41.68987], [-69.98551, 41.69007]]}}, {"type": "Feature", "properties": {"id": "rt_51_2", "name": "Old Colony Rail Trail (MA)", "q": "great", "t": "rail", "c": "yes"}, "geometry": {"type": "LineString", "coordinates": [[-69.98553, 41.69007], [-69.98189, 41.69056], [-69.97784, 41.69059], [-69.97535, 41.69134]]}}, {"type": "Feature", "properties": {"id": "rt_52_0", "name": "Neponset River Greenway (MA)", "q": "great", "t": "rail", "c": "yes"}, "geometry": {"type": "LineString", "coordinates": [[-71.09362, 42.26731], [-71.09371, 42.26593], [-71.09439, 42.2659], [-71.09463, 42.26514], [-71.09871, 42.26157], [-71.10312, 42.25954], [-71.1044, 42.25955], [-71.10726, 42.26029], [-71.10912, 42.26], [-71.11374, 42.2576], [-71.11627, 42.25507]]}}, {"type": "Feature", "properties": {"id": "rt_52_1", "name": "Neponset River Greenway (MA)", "q": "great", "t": "rail", "c": "yes"}, "geometry": {"type": "LineString", "coordinates": [[-71.03873, 42.28856], [-71.03968, 42.28724], [-71.03867, 42.28607], [-71.04021, 42.28486], [-71.04151, 42.28427], [-71.04215, 42.28351], [-71.04258, 42.28338], [-71.04325, 42.28371], [-71.04376, 42.28327], [-71.0457, 42.28272], [-71.04701, 42.28121], [-71.04945, 42.27952], [-71.05511, 42.27735], [-71.06515, 42.27094], [-71.067, 42.27046], [-71.07581, 42.26989], [-71.08311, 42.26814], [-71.08498, 42.2687], [-71.0848, 42.26921], [-71.08928, 42.26994], [-71.09033, 42.2692], [-71.09045, 42.2673], [-71.09075, 42.26692], [-71.09256, 42.26689], [-71.09362, 42.26731]]}}, {"type": "Feature", "properties": {"id": "rt_52_2", "name": "Neponset River Greenway (MA)", "q": "great", "t": "rail", "c": "yes"}, "geometry": {"type": "LineString", "coordinates": [[-71.04514, 42.29325], [-71.04794, 42.29847], [-71.04725, 42.29877], [-71.04825, 42.30064], [-71.04801, 42.30312]]}}, {"type": "Feature", "properties": {"id": "rt_52_3", "name": "Neponset River Greenway (MA)", "q": "great", "t": "rail", "c": "yes"}, "geometry": {"type": "LineString", "coordinates": [[-71.1226, 42.2501], [-71.12548, 42.24714], [-71.12633, 42.24547], [-71.12631, 42.2409], [-71.12525, 42.23736], [-71.12516, 42.23554]]}}, {"type": "Feature", "properties": {"id": "rt_52_4", "name": "Neponset River Greenway (MA)", "q": "great", "t": "rail", "c": "yes"}, "geometry": {"type": "LineString", "coordinates": [[-71.03707, 42.31881], [-71.03664, 42.31869], [-71.03705, 42.31836]]}}, {"type": "Feature", "properties": {"id": "rt_52_5", "name": "Neponset River Greenway (MA)", "q": "great", "t": "rail", "c": "yes"}, "geometry": {"type": "LineString", "coordinates": [[-71.02265, 42.33338], [-71.02347, 42.33455], [-71.02367, 42.33598], [-71.02253, 42.3373], [-71.02087, 42.33822], [-71.0186, 42.33864], [-71.01503, 42.33867], [-71.01442, 42.33829], [-71.01308, 42.33828], [-71.01196, 42.33698], [-71.01239, 42.33477], [-71.01312, 42.33327], [-71.01453, 42.33151], [-71.01569, 42.33069], [-71.01932, 42.33156], [-71.02261, 42.33337], [-71.02322, 42.33299], [-71.02683, 42.3324], [-71.0345, 42.32936], [-71.03666, 42.32935], [-71.04048, 42.33013], [-71.04382, 42.33014], [-71.04533, 42.32963], [-71.04726, 42.32835], [-71.04863, 42.32623], [-71.04853, 42.32404], [-71.0473, 42.32312], [-71.04433, 42.3227], [-71.0438, 42.32226], [-71.0437, 42.32171], [-71.03707, 42.3188], [-71.03706, 42.31835], [-71.03764, 42.31787], [-71.03729, 42.31762], [-71.03313, 42.31642], [-71.03274, 42.3134], [-71.0374, 42.31036], [-71.04413, 42.3143], [-71.04633, 42.31338], [-71.04624, 42.31279]]}}, {"type": "Feature", "properties": {"id": "rt_53_0", "name": "Stowe Recreation Path (VT)", "q": "great", "t": "rail", "c": "yes"}, "geometry": {"type": "LineString", "coordinates": [[-72.74481, 44.4974], [-72.74441, 44.49673], [-72.74455, 44.49601], [-72.74501, 44.49535], [-72.74456, 44.4947], [-72.74408, 44.49404], [-72.74366, 44.49338], [-72.74294, 44.49285], [-72.7425, 44.4922], [-72.74198, 44.49158], [-72.74144, 44.49097], [-72.74049, 44.49067], [-72.73958, 44.49032], [-72.73919, 44.48961], [-72.73842, 44.48909], [-72.7376, 44.48862], [-72.73663, 44.48842], [-72.73563, 44.4886], [-72.73472, 44.48828], [-72.73368, 44.48827], [-72.73267, 44.48814], [-72.73183, 44.48767], [-72.73105, 44.48718], [-72.73027, 44.4867], [-72.72963, 44.48609], [-72.72958, 44.48537], [-72.72925, 44.48467], [-72.72875, 44.48402], [-72.72828, 44.48338], [-72.72795, 44.48267], [-72.72781, 44.48194], [-72.72749, 44.4812], [-72.72787, 44.48052], [-72.72752, 44.47979], [-72.72652, 44.47966], [-72.72569, 44.47924], [-72.72466, 44.47912], [-72.72399, 44.47856], [-72.72416, 44.47782], [-72.72392, 44.47712], [-72.72336, 44.47649], [-72.72343, 44.47576], [-72.72377, 44.47505], [-72.7235, 44.47435], [-72.72249, 44.47411], [-72.72148, 44.47392], [-72.72049, 44.47365], [-72.71976, 44.47313], [-72.71881, 44.47283], [-72.71779, 44.47296], [-72.71682, 44.47327], [-72.71581, 44.47332], [-72.71486, 44.47357], [-72.7139, 44.47326], [-72.71286, 44.47311], [-72.71185, 44.47305], [-72.71088, 44.47325], [-72.71021, 44.4738], [-72.70918, 44.47389], [-72.70876, 44.4732], [-72.70799, 44.47264], [-72.70695, 44.47257], [-72.70591, 44.47261], [-72.70508, 44.47308], [-72.70437, 44.47362], [-72.70382, 44.47426], [-72.70322, 44.47493], [-72.7022, 44.4749], [-72.70124, 44.47515], [-72.70045, 44.4756], [-72.69976, 44.47507], [-72.69871, 44.47495], [-72.69815, 44.47557], [-72.6979, 44.47629], [-72.69758, 44.47698], [-72.69679, 44.47649], [-72.69578, 44.47651], [-72.69512, 44.47595], [-72.69442, 44.47543], [-72.69358, 44.47503], [-72.69262, 44.47528], [-72.69192, 44.4758], [-72.69177, 44.47508], [-72.69159, 44.47432], [-72.69062, 44.47403], [-72.68962, 44.4739], [-72.68876, 44.47352], [-72.68835, 44.47286], [-72.68736, 44.47269], [-72.68638, 44.47287], [-72.68599, 44.47219], [-72.68549, 44.47155], [-72.68498, 44.47092], [-72.68484, 44.4702], [-72.68499, 44.46947], [-72.68495, 44.46875], [-72.68517, 44.46803], [-72.68528, 44.4673], [-72.68523, 44.46655], [-72.68503, 44.46609]]}}, {"type": "Feature", "properties": {"id": "rt_54_0", "name": "South Burlington Recreation Paths (VT)", "q": "great", "t": "rail", "c": "yes"}, "geometry": {"type": "LineString", "coordinates": [[-73.17695, 44.44343], [-73.17809, 44.4432], [-73.1792, 44.44302], [-73.18219, 44.4427], [-73.18358, 44.44262], [-73.18471, 44.44246], [-73.18613, 44.4423], [-73.18721, 44.44238], [-73.18823, 44.44267], [-73.18908, 44.44293]]}}, {"type": "Feature", "properties": {"id": "rt_54_1", "name": "South Burlington Recreation Paths (VT)", "q": "great", "t": "rail", "c": "yes"}, "geometry": {"type": "LineString", "coordinates": [[-73.1429, 44.45371], [-73.14289, 44.45378]]}}, {"type": "Feature", "properties": {"id": "rt_54_2", "name": "South Burlington Recreation Paths (VT)", "q": "great", "t": "rail", "c": "yes"}, "geometry": {"type": "LineString", "coordinates": [[-73.1556, 44.46741], [-73.15498, 44.46509], [-73.15422, 44.46352], [-73.15434, 44.46237], [-73.15476, 44.46139], [-73.15544, 44.4607], [-73.15687, 44.45967], [-73.15783, 44.45898], [-73.15921, 44.45801], [-73.16084, 44.45685], [-73.16202, 44.45599], [-73.16286, 44.45542], [-73.16375, 44.45496], [-73.16472, 44.4546], [-73.16665, 44.45419], [-73.16898, 44.45393], [-73.17054, 44.45378], [-73.17185, 44.45363], [-73.17301, 44.45353], [-73.17497, 44.45331], [-73.17679, 44.45312], [-73.17788, 44.45306], [-73.17854, 44.45298]]}}, {"type": "Feature", "properties": {"id": "rt_54_3", "name": "South Burlington Recreation Paths (VT)", "q": "great", "t": "rail", "c": "yes"}, "geometry": {"type": "LineString", "coordinates": [[-73.18104, 44.46899], [-73.18132, 44.4679], [-73.18108, 44.46651], [-73.18079, 44.46472], [-73.18025, 44.46208], [-73.17991, 44.46043], [-73.17974, 44.45965], [-73.17944, 44.4581], [-73.17929, 44.45725], [-73.17912, 44.45611], [-73.17875, 44.45407], [-73.17858, 44.45302], [-73.17854, 44.45298]]}}, {"type": "Feature", "properties": {"id": "rt_54_4", "name": "South Burlington Recreation Paths (VT)", "q": "great", "t": "rail", "c": "yes"}, "geometry": {"type": "LineString", "coordinates": [[-73.17695, 44.44343], [-73.17691, 44.44253], [-73.17669, 44.4415], [-73.17656, 44.44066], [-73.17628, 44.43935], [-73.17622, 44.43858], [-73.17605, 44.43734], [-73.17577, 44.43573], [-73.17562, 44.43491], [-73.17545, 44.43373], [-73.17521, 44.43229], [-73.17506, 44.43111], [-73.17491, 44.43013], [-73.17478, 44.42944]]}}, {"type": "Feature", "properties": {"id": "rt_54_5", "name": "South Burlington Recreation Paths (VT)", "q": "great", "t": "rail", "c": "yes"}, "geometry": {"type": "LineString", "coordinates": [[-73.17478, 44.42944], [-73.17433, 44.42644], [-73.17409, 44.42513], [-73.17337, 44.42137], [-73.17316, 44.42021], [-73.17332, 44.41943], [-73.17319, 44.41938]]}}, {"type": "Feature", "properties": {"id": "rt_54_6", "name": "South Burlington Recreation Paths (VT)", "q": "great", "t": "rail", "c": "yes"}, "geometry": {"type": "LineString", "coordinates": [[-73.17319, 44.41938], [-73.1745, 44.41624], [-73.17491, 44.41532], [-73.17697, 44.41575], [-73.17824, 44.41637], [-73.17967, 44.41715], [-73.18126, 44.41753], [-73.18244, 44.41755], [-73.18414, 44.41732]]}}, {"type": "Feature", "properties": {"id": "rt_54_7", "name": "South Burlington Recreation Paths (VT)", "q": "great", "t": "rail", "c": "yes"}, "geometry": {"type": "LineString", "coordinates": [[-73.20318, 44.44419], [-73.20412, 44.4446], [-73.20404, 44.4455], [-73.20437, 44.44641], [-73.20409, 44.44839], [-73.20375, 44.4494], [-73.20369, 44.44945]]}}, {"type": "Feature", "properties": {"id": "rt_54_8", "name": "South Burlington Recreation Paths (VT)", "q": "great", "t": "rail", "c": "yes"}, "geometry": {"type": "LineString", "coordinates": [[-73.17854, 44.45298], [-73.17841, 44.45201], [-73.17792, 44.4491], [-73.17783, 44.44832], [-73.17761, 44.44744], [-73.17731, 44.44586], [-73.17721, 44.44508], [-73.17706, 44.44425], [-73.17693, 44.44349], [-73.17695, 44.44343]]}}, {"type": "Feature", "properties": {"id": "rt_54_9", "name": "South Burlington Recreation Paths (VT)", "q": "great", "t": "rail", "c": "yes"}, "geometry": {"type": "LineString", "coordinates": [[-73.18908, 44.44293], [-73.18995, 44.44356], [-73.19098, 44.44341], [-73.19223, 44.44381], [-73.19332, 44.4442], [-73.19443, 44.44339], [-73.19532, 44.44287], [-73.1957, 44.44228]]}}, {"type": "Feature", "properties": {"id": "rt_54_10", "name": "South Burlington Recreation Paths (VT)", "q": "great", "t": "rail", "c": "yes"}, "geometry": {"type": "LineString", "coordinates": [[-73.1957, 44.44228], [-73.19597, 44.4433], [-73.19694, 44.44367], [-73.19773, 44.44315], [-73.19834, 44.44374], [-73.19953, 44.44383], [-73.2004, 44.44343], [-73.20143, 44.44357], [-73.20245, 44.44395], [-73.20318, 44.44419]]}}, {"type": "Feature", "properties": {"id": "rt_54_11", "name": "South Burlington Recreation Paths (VT)", "q": "great", "t": "rail", "c": "yes"}, "geometry": {"type": "LineString", "coordinates": [[-73.1957, 44.44228], [-73.19598, 44.44133], [-73.19627, 44.44055], [-73.19662, 44.43981], [-73.19664, 44.43924]]}}, {"type": "Feature", "properties": {"id": "rt_54_12", "name": "South Burlington Recreation Paths (VT)", "q": "great", "t": "rail", "c": "yes"}, "geometry": {"type": "LineString", "coordinates": [[-73.19664, 44.43924], [-73.19678, 44.43782], [-73.1979, 44.43741], [-73.1989, 44.43658], [-73.19901, 44.43592]]}}, {"type": "Feature", "properties": {"id": "rt_54_13", "name": "South Burlington Recreation Paths (VT)", "q": "great", "t": "rail", "c": "yes"}, "geometry": {"type": "LineString", "coordinates": [[-73.19901, 44.43592], [-73.19847, 44.43508], [-73.19815, 44.43425], [-73.19632, 44.43418], [-73.1949, 44.43435], [-73.19482, 44.43356], [-73.19489, 44.43254], [-73.19517, 44.43175], [-73.19407, 44.43148], [-73.19306, 44.43133]]}}, {"type": "Feature", "properties": {"id": "rt_54_14", "name": "South Burlington Recreation Paths (VT)", "q": "great", "t": "rail", "c": "yes"}, "geometry": {"type": "LineString", "coordinates": [[-73.19306, 44.43133], [-73.19118, 44.43105], [-73.19004, 44.43093], [-73.18888, 44.43092], [-73.18588, 44.43122], [-73.1848, 44.4313], [-73.18377, 44.43083], [-73.18336, 44.42959], [-73.18271, 44.42895], [-73.18097, 44.42883], [-73.17856, 44.42908], [-73.17723, 44.42923], [-73.17618, 44.42936], [-73.17495, 44.42946], [-73.17362, 44.42953], [-73.17233, 44.42966], [-73.17076, 44.42992], [-73.16976, 44.43026], [-73.1686, 44.43017], [-73.16667, 44.4303], [-73.16578, 44.43064], [-73.16597, 44.43159], [-73.16566, 44.43262], [-73.16442, 44.43294], [-73.16433, 44.43295]]}}, {"type": "Feature", "properties": {"id": "rt_54_15", "name": "South Burlington Recreation Paths (VT)", "q": "great", "t": "rail", "c": "yes"}, "geometry": {"type": "LineString", "coordinates": [[-73.20317, 44.44395], [-73.20473, 44.44318], [-73.20558, 44.44384], [-73.20598, 44.44388]]}}, {"type": "Feature", "properties": {"id": "rt_54_16", "name": "South Burlington Recreation Paths (VT)", "q": "great", "t": "rail", "c": "yes"}, "geometry": {"type": "LineString", "coordinates": [[-73.20598, 44.44388], [-73.20764, 44.44402], [-73.20946, 44.44432], [-73.2094, 44.44488]]}}, {"type": "Feature", "properties": {"id": "rt_54_17", "name": "South Burlington Recreation Paths (VT)", "q": "great", "t": "rail", "c": "yes"}, "geometry": {"type": "LineString", "coordinates": [[-73.2094, 44.44488], [-73.21063, 44.44477], [-73.21172, 44.44494], [-73.21302, 44.44582], [-73.21448, 44.44616], [-73.21635, 44.44626], [-73.21802, 44.44639], [-73.21913, 44.44641], [-73.21984, 44.44517], [-73.21989, 44.445]]}}, {"type": "Feature", "properties": {"id": "rt_54_18", "name": "South Burlington Recreation Paths (VT)", "q": "great", "t": "rail", "c": "yes"}, "geometry": {"type": "LineString", "coordinates": [[-73.18104, 44.46899], [-73.18338, 44.46963], [-73.18532, 44.47028], [-73.18668, 44.47084], [-73.18873, 44.4717], [-73.19025, 44.4724], [-73.1914, 44.47299]]}}, {"type": "Feature", "properties": {"id": "rt_54_19", "name": "South Burlington Recreation Paths (VT)", "q": "great", "t": "rail", "c": "yes"}, "geometry": {"type": "LineString", "coordinates": [[-73.18993, 44.47254], [-73.18714, 44.47127], [-73.18555, 44.4706], [-73.18458, 44.47021], [-73.18322, 44.46982], [-73.18171, 44.46938], [-73.18091, 44.46918]]}}, {"type": "Feature", "properties": {"id": "rt_54_20", "name": "South Burlington Recreation Paths (VT)", "q": "great", "t": "rail", "c": "yes"}, "geometry": {"type": "LineString", "coordinates": [[-73.21205, 44.41989], [-73.21201, 44.42064], [-73.21175, 44.42292], [-73.21165, 44.4239], [-73.21154, 44.42508], [-73.21143, 44.42607], [-73.2113, 44.42751], [-73.21117, 44.42862], [-73.21089, 44.43142], [-73.21077, 44.4326], [-73.21057, 44.43442], [-73.21057, 44.43446]]}}, {"type": "Feature", "properties": {"id": "rt_54_21", "name": "South Burlington Recreation Paths (VT)", "q": "great", "t": "rail", "c": "yes"}, "geometry": {"type": "LineString", "coordinates": [[-73.14923, 44.43929], [-73.14927, 44.44004], [-73.14933, 44.44032]]}}, {"type": "Feature", "properties": {"id": "rt_54_22", "name": "South Burlington Recreation Paths (VT)", "q": "great", "t": "rail", "c": "yes"}, "geometry": {"type": "LineString", "coordinates": [[-73.15777, 44.44214], [-73.15618, 44.44227], [-73.15493, 44.44191], [-73.15369, 44.44111], [-73.15247, 44.44032], [-73.1509, 44.43933], [-73.14922, 44.43925]]}}, {"type": "Feature", "properties": {"id": "rt_54_23", "name": "South Burlington Recreation Paths (VT)", "q": "great", "t": "rail", "c": "yes"}, "geometry": {"type": "LineString", "coordinates": [[-73.14922, 44.43925], [-73.14682, 44.43942], [-73.14639, 44.44013], [-73.14654, 44.44096], [-73.14652, 44.44094]]}}, {"type": "Feature", "properties": {"id": "rt_54_24", "name": "South Burlington Recreation Paths (VT)", "q": "great", "t": "rail", "c": "yes"}, "geometry": {"type": "LineString", "coordinates": [[-73.14723, 44.44894], [-73.15397, 44.44895], [-73.15722, 44.44904], [-73.1573, 44.44903]]}}, {"type": "Feature", "properties": {"id": "rt_54_25", "name": "South Burlington Recreation Paths (VT)", "q": "great", "t": "rail", "c": "yes"}, "geometry": {"type": "LineString", "coordinates": [[-73.17622, 44.43858], [-73.17482, 44.43889], [-73.17395, 44.43948], [-73.1736, 44.44025], [-73.17254, 44.43969], [-73.17167, 44.4392], [-73.17149, 44.438], [-73.17159, 44.43673], [-73.17091, 44.4353], [-73.1708, 44.43451], [-73.17068, 44.43361], [-73.17052, 44.43286], [-73.16944, 44.43248], [-73.1693, 44.43148], [-73.16929, 44.43071], [-73.16954, 44.43031]]}}, {"type": "Feature", "properties": {"id": "rt_54_26", "name": "South Burlington Recreation Paths (VT)", "q": "great", "t": "rail", "c": "yes"}, "geometry": {"type": "LineString", "coordinates": [[-73.20057, 44.4372], [-73.19887, 44.43738], [-73.1979, 44.43741]]}}, {"type": "Feature", "properties": {"id": "rt_54_27", "name": "South Burlington Recreation Paths (VT)", "q": "great", "t": "rail", "c": "yes"}, "geometry": {"type": "LineString", "coordinates": [[-73.19901, 44.43592], [-73.19993, 44.4356], [-73.19997, 44.43558]]}}, {"type": "Feature", "properties": {"id": "rt_54_28", "name": "South Burlington Recreation Paths (VT)", "q": "great", "t": "rail", "c": "yes"}, "geometry": {"type": "LineString", "coordinates": [[-73.20389, 44.4366], [-73.20272, 44.43607]]}}, {"type": "Feature", "properties": {"id": "rt_54_29", "name": "South Burlington Recreation Paths (VT)", "q": "great", "t": "rail", "c": "yes"}, "geometry": {"type": "LineString", "coordinates": [[-73.21828, 44.45116], [-73.21795, 44.44871], [-73.21684, 44.44729], [-73.21519, 44.4465], [-73.21503, 44.44619]]}}, {"type": "Feature", "properties": {"id": "rt_54_30", "name": "South Burlington Recreation Paths (VT)", "q": "great", "t": "rail", "c": "yes"}, "geometry": {"type": "LineString", "coordinates": [[-73.20905, 44.44581], [-73.20552, 44.44562], [-73.20404, 44.4455]]}}, {"type": "Feature", "properties": {"id": "rt_54_31", "name": "South Burlington Recreation Paths (VT)", "q": "great", "t": "rail", "c": "yes"}, "geometry": {"type": "LineString", "coordinates": [[-73.1992, 44.42099], [-73.20148, 44.42118], [-73.20221, 44.42124]]}}, {"type": "Feature", "properties": {"id": "rt_54_32", "name": "South Burlington Recreation Paths (VT)", "q": "great", "t": "rail", "c": "yes"}, "geometry": {"type": "LineString", "coordinates": [[-73.19997, 44.42106], [-73.20028, 44.4218], [-73.20149, 44.42233], [-73.20228, 44.42294], [-73.20265, 44.42371]]}}, {"type": "Feature", "properties": {"id": "rt_54_33", "name": "South Burlington Recreation Paths (VT)", "q": "great", "t": "rail", "c": "yes"}, "geometry": {"type": "LineString", "coordinates": [[-73.20693, 44.4241], [-73.2068, 44.42328], [-73.20708, 44.4223], [-73.2071, 44.42219]]}}, {"type": "Feature", "properties": {"id": "rt_54_34", "name": "South Burlington Recreation Paths (VT)", "q": "great", "t": "rail", "c": "yes"}, "geometry": {"type": "LineString", "coordinates": [[-73.16094, 44.4648], [-73.16122, 44.46579], [-73.16183, 44.46733], [-73.16172, 44.46815], [-73.16156, 44.46867]]}}, {"type": "Feature", "properties": {"id": "rt_54_35", "name": "South Burlington Recreation Paths (VT)", "q": "great", "t": "rail", "c": "yes"}, "geometry": {"type": "LineString", "coordinates": [[-73.16109, 44.45236], [-73.16, 44.4533], [-73.15927, 44.45403], [-73.15989, 44.45463], [-73.16096, 44.45504], [-73.16103, 44.45583], [-73.16122, 44.45631]]}}, {"type": "Feature", "properties": {"id": "rt_54_36", "name": "South Burlington Recreation Paths (VT)", "q": "great", "t": "rail", "c": "yes"}, "geometry": {"type": "LineString", "coordinates": [[-73.20372, 44.44954], [-73.20244, 44.44925], [-73.20102, 44.44965], [-73.2, 44.44976], [-73.19738, 44.45025], [-73.19635, 44.45049], [-73.1947, 44.45107], [-73.19358, 44.45111], [-73.19244, 44.45146], [-73.19137, 44.45158], [-73.19004, 44.45192], [-73.18914, 44.4524], [-73.18918, 44.45345], [-73.18942, 44.45487], [-73.18965, 44.4562], [-73.18995, 44.45731], [-73.1901, 44.45849], [-73.19023, 44.45937], [-73.19036, 44.46023], [-73.19053, 44.46118], [-73.19098, 44.46253], [-73.19107, 44.4633], [-73.19117, 44.46412], [-73.19139, 44.46502], [-73.19152, 44.46581], [-73.1924, 44.46678], [-73.19231, 44.4668]]}}, {"type": "Feature", "properties": {"id": "rt_54_37", "name": "South Burlington Recreation Paths (VT)", "q": "great", "t": "rail", "c": "yes"}, "geometry": {"type": "LineString", "coordinates": [[-73.18916, 44.45311], [-73.18895, 44.45315]]}}, {"type": "Feature", "properties": {"id": "rt_54_38", "name": "South Burlington Recreation Paths (VT)", "q": "great", "t": "rail", "c": "yes"}, "geometry": {"type": "LineString", "coordinates": [[-73.14721, 44.4489], [-73.14694, 44.45069], [-73.14666, 44.4516], [-73.14639, 44.45327], [-73.14627, 44.45416], [-73.14628, 44.4542]]}}, {"type": "Feature", "properties": {"id": "rt_54_39", "name": "South Burlington Recreation Paths (VT)", "q": "great", "t": "rail", "c": "yes"}, "geometry": {"type": "LineString", "coordinates": [[-73.1484, 44.45477], [-73.14744, 44.45442], [-73.14628, 44.45422], [-73.14514, 44.45405], [-73.14385, 44.45381], [-73.14265, 44.45367], [-73.14127, 44.45355], [-73.14019, 44.45349], [-73.13877, 44.4531], [-73.1387, 44.45314]]}}, {"type": "Feature", "properties": {"id": "rt_54_40", "name": "South Burlington Recreation Paths (VT)", "q": "great", "t": "rail", "c": "yes"}, "geometry": {"type": "LineString", "coordinates": [[-73.18895, 44.45315], [-73.18814, 44.44863], [-73.18767, 44.44631], [-73.18856, 44.44405], [-73.1889, 44.44324], [-73.19086, 44.43786], [-73.19205, 44.43433], [-73.19295, 44.43133]]}}, {"type": "Feature", "properties": {"id": "rt_54_41", "name": "South Burlington Recreation Paths (VT)", "q": "great", "t": "rail", "c": "yes"}, "geometry": {"type": "LineString", "coordinates": [[-73.19295, 44.43133], [-73.19479, 44.42543], [-73.19563, 44.42249], [-73.19605, 44.42067], [-73.19682, 44.41644]]}}, {"type": "Feature", "properties": {"id": "rt_55_0", "name": "Ethan Allen Park (VT)", "q": "great", "t": "rail", "c": "yes"}, "geometry": {"type": "LineString", "coordinates": [[-73.23965, 44.50467], [-73.24059, 44.50488]]}}, {"type": "Feature", "properties": {"id": "rt_55_1", "name": "Ethan Allen Park (VT)", "q": "great", "t": "rail", "c": "yes"}, "geometry": {"type": "LineString", "coordinates": [[-73.23903, 44.51296], [-73.23804, 44.51271], [-73.23754, 44.5126]]}}, {"type": "Feature", "properties": {"id": "rt_55_2", "name": "Ethan Allen Park (VT)", "q": "great", "t": "rail", "c": "yes"}, "geometry": {"type": "LineString", "coordinates": [[-73.23897, 44.50605], [-73.23947, 44.50626]]}}, {"type": "Feature", "properties": {"id": "rt_55_3", "name": "Ethan Allen Park (VT)", "q": "great", "t": "rail", "c": "yes"}, "geometry": {"type": "LineString", "coordinates": [[-73.23967, 44.50639], [-73.24015, 44.50662]]}}, {"type": "Feature", "properties": {"id": "rt_55_4", "name": "Ethan Allen Park (VT)", "q": "great", "t": "rail", "c": "yes"}, "geometry": {"type": "LineString", "coordinates": [[-73.24085, 44.5104], [-73.24136, 44.51105], [-73.24179, 44.51173], [-73.24185, 44.51176]]}}, {"type": "Feature", "properties": {"id": "rt_55_5", "name": "Ethan Allen Park (VT)", "q": "great", "t": "rail", "c": "yes"}, "geometry": {"type": "LineString", "coordinates": [[-73.24185, 44.51176], [-73.24117, 44.51236], [-73.24037, 44.51282]]}}, {"type": "Feature", "properties": {"id": "rt_55_6", "name": "Ethan Allen Park (VT)", "q": "great", "t": "rail", "c": "yes"}, "geometry": {"type": "LineString", "coordinates": [[-73.23754, 44.5126], [-73.23665, 44.51221]]}}, {"type": "Feature", "properties": {"id": "rt_55_7", "name": "Ethan Allen Park (VT)", "q": "great", "t": "rail", "c": "yes"}, "geometry": {"type": "LineString", "coordinates": [[-73.23946, 44.51015], [-73.23959, 44.5109], [-73.23958, 44.51163], [-73.23927, 44.51236], [-73.2391, 44.51309], [-73.23924, 44.51312]]}}, {"type": "Feature", "properties": {"id": "rt_55_8", "name": "Ethan Allen Park (VT)", "q": "great", "t": "rail", "c": "yes"}, "geometry": {"type": "LineString", "coordinates": [[-73.24015, 44.50662], [-73.23913, 44.50642]]}}, {"type": "Feature", "properties": {"id": "rt_55_9", "name": "Ethan Allen Park (VT)", "q": "great", "t": "rail", "c": "yes"}, "geometry": {"type": "LineString", "coordinates": [[-73.23981, 44.50798], [-73.23959, 44.5081]]}}, {"type": "Feature", "properties": {"id": "rt_55_10", "name": "Ethan Allen Park (VT)", "q": "great", "t": "rail", "c": "yes"}, "geometry": {"type": "LineString", "coordinates": [[-73.23882, 44.51017], [-73.23958, 44.50965], [-73.24015, 44.50904], [-73.2407, 44.50838], [-73.24095, 44.50764], [-73.24109, 44.50733]]}}, {"type": "Feature", "properties": {"id": "rt_55_11", "name": "Ethan Allen Park (VT)", "q": "great", "t": "rail", "c": "yes"}, "geometry": {"type": "LineString", "coordinates": [[-73.23965, 44.50467], [-73.23923, 44.50534], [-73.23897, 44.50605], [-73.23929, 44.50674], [-73.23934, 44.50748], [-73.23959, 44.50818], [-73.23922, 44.50887], [-73.23864, 44.50951], [-73.2388, 44.51023], [-73.23857, 44.51097], [-73.23845, 44.51172], [-73.23785, 44.51231], [-73.23728, 44.51294], [-73.23734, 44.51371], [-73.23792, 44.51433], [-73.23711, 44.51477], [-73.2361, 44.51494], [-73.23519, 44.51459], [-73.23503, 44.51409]]}}, {"type": "Feature", "properties": {"id": "rt_55_12", "name": "Ethan Allen Park (VT)", "q": "great", "t": "rail", "c": "yes"}, "geometry": {"type": "LineString", "coordinates": [[-73.24109, 44.50733], [-73.24066, 44.50661], [-73.24029, 44.50594], [-73.23994, 44.50523], [-73.23957, 44.50479]]}}, {"type": "Feature", "properties": {"id": "rt_55_13", "name": "Ethan Allen Park (VT)", "q": "great", "t": "rail", "c": "yes"}, "geometry": {"type": "LineString", "coordinates": [[-73.24022, 44.509], [-73.24058, 44.5097], [-73.24085, 44.5104], [-73.24043, 44.51107], [-73.23999, 44.51173], [-73.24011, 44.51251], [-73.24035, 44.51326], [-73.24021, 44.51398], [-73.23928, 44.51428], [-73.23849, 44.51431]]}}, {"type": "Feature", "properties": {"id": "rt_55_14", "name": "Ethan Allen Park (VT)", "q": "great", "t": "rail", "c": "yes"}, "geometry": {"type": "LineString", "coordinates": [[-73.24018, 44.50675], [-73.23992, 44.50747], [-73.23981, 44.50798]]}}, {"type": "Feature", "properties": {"id": "rt_55_15", "name": "Ethan Allen Park (VT)", "q": "great", "t": "rail", "c": "yes"}, "geometry": {"type": "LineString", "coordinates": [[-73.24049, 44.50398], [-73.24056, 44.50472], [-73.24071, 44.50546], [-73.24084, 44.5058]]}}, {"type": "Feature", "properties": {"id": "rt_56_0", "name": "West River Trail: Lower Section (VT)", "q": "great", "t": "rail", "c": "yes"}, "geometry": {"type": "LineString", "coordinates": [[-72.56085, 42.86976], [-72.56204, 42.87044], [-72.56268, 42.87075], [-72.56338, 42.87093], [-72.56423, 42.87113], [-72.56501, 42.8713], [-72.56596, 42.87157], [-72.56682, 42.87199], [-72.56774, 42.87302], [-72.5682, 42.87355], [-72.56884, 42.87426], [-72.56939, 42.87484], [-72.57009, 42.87549], [-72.57058, 42.8761], [-72.57111, 42.87702], [-72.57162, 42.87801], [-72.57223, 42.87899], [-72.57335, 42.88022], [-72.57398, 42.88074], [-72.57465, 42.88123], [-72.5759, 42.88189], [-72.57671, 42.88223], [-72.57762, 42.88247], [-72.57873, 42.88257], [-72.57977, 42.88257], [-72.58079, 42.8826], [-72.58171, 42.88267], [-72.58271, 42.8828], [-72.58364, 42.88305], [-72.58472, 42.88349], [-72.58539, 42.88388], [-72.58612, 42.88441], [-72.58718, 42.88551], [-72.58758, 42.88604], [-72.58774, 42.88676], [-72.58797, 42.88739], [-72.58826, 42.8883], [-72.58851, 42.88894], [-72.58853, 42.88964], [-72.58875, 42.89049], [-72.58921, 42.89133], [-72.58961, 42.89194], [-72.59, 42.89256], [-72.59039, 42.89388], [-72.5911, 42.89499], [-72.59144, 42.89552], [-72.59211, 42.89597], [-72.59308, 42.89631], [-72.59524, 42.89725], [-72.59615, 42.89767], [-72.59749, 42.89843], [-72.59909, 42.89938], [-72.59963, 42.89976], [-72.6, 42.90031], [-72.60004, 42.90105], [-72.60003, 42.90174], [-72.6, 42.90234], [-72.59991, 42.90289], [-72.59956, 42.90399], [-72.59952, 42.90481], [-72.59944, 42.90561], [-72.59929, 42.90616], [-72.59928, 42.90653]]}}, {"type": "Feature", "properties": {"id": "rt_57_0", "name": "Franconia State Park: Recreation Path (NH)", "q": "great", "t": "rail", "c": "yes"}, "geometry": {"type": "LineString", "coordinates": [[-71.68551, 44.18322], [-71.68437, 44.18391], [-71.68381, 44.18429], [-71.683, 44.18498], [-71.68236, 44.18559], [-71.68186, 44.18629], [-71.68012, 44.18842], [-71.67958, 44.18937], [-71.67952, 44.19004], [-71.67955, 44.19081], [-71.67972, 44.19144], [-71.6802, 44.19225], [-71.68071, 44.1933], [-71.68043, 44.19447], [-71.68026, 44.19534], [-71.67993, 44.19636], [-71.67941, 44.19719], [-71.67929, 44.19773], [-71.67961, 44.19844], [-71.6798, 44.19913], [-71.67998, 44.19977], [-71.68034, 44.20058], [-71.6804, 44.2014], [-71.68077, 44.20224], [-71.68098, 44.20314]]}}, {"type": "Feature", "properties": {"id": "rt_57_1", "name": "Franconia State Park: Recreation Path (NH)", "q": "great", "t": "rail", "c": "yes"}, "geometry": {"type": "LineString", "coordinates": [[-71.68158, 44.09798], [-71.68156, 44.09865], [-71.68156, 44.09899]]}}, {"type": "Feature", "properties": {"id": "rt_57_2", "name": "Franconia State Park: Recreation Path (NH)", "q": "great", "t": "rail", "c": "yes"}, "geometry": {"type": "LineString", "coordinates": [[-71.68156, 44.09899], [-71.68119, 44.09972], [-71.68106, 44.1003], [-71.6805, 44.10086], [-71.68012, 44.10159], [-71.67998, 44.10223], [-71.68015, 44.10379], [-71.68049, 44.10466], [-71.68077, 44.10519], [-71.68111, 44.10601], [-71.68149, 44.10677], [-71.68177, 44.10781], [-71.68159, 44.1085], [-71.68152, 44.1093], [-71.68104, 44.10983], [-71.68069, 44.11052], [-71.68096, 44.1114], [-71.68124, 44.11235], [-71.68136, 44.11312], [-71.68151, 44.1143], [-71.68154, 44.11524], [-71.6816, 44.11625], [-71.6816, 44.11743], [-71.68161, 44.11834], [-71.68132, 44.11915], [-71.6813, 44.11938]]}}, {"type": "Feature", "properties": {"id": "rt_57_3", "name": "Franconia State Park: Recreation Path (NH)", "q": "great", "t": "rail", "c": "yes"}, "geometry": {"type": "LineString", "coordinates": [[-71.6813, 44.11938], [-71.68186, 44.11982], [-71.68268, 44.12002], [-71.68261, 44.1208], [-71.6829, 44.12183], [-71.6831, 44.12245], [-71.68292, 44.12327], [-71.68273, 44.12382], [-71.68287, 44.12458], [-71.68316, 44.12525], [-71.68315, 44.12591], [-71.68322, 44.12688], [-71.68332, 44.12792], [-71.6834, 44.12872], [-71.68359, 44.12978], [-71.6838, 44.13103], [-71.68396, 44.13211], [-71.6843, 44.13374], [-71.68456, 44.1348], [-71.68491, 44.13569], [-71.68517, 44.13652], [-71.6853, 44.13708], [-71.6853, 44.13786], [-71.68532, 44.13884], [-71.68525, 44.13974], [-71.68509, 44.14028], [-71.68488, 44.14095], [-71.68439, 44.14153], [-71.68381, 44.14195], [-71.68352, 44.14247], [-71.68296, 44.14316]]}}, {"type": "Feature", "properties": {"id": "rt_57_4", "name": "Franconia State Park: Recreation Path (NH)", "q": "great", "t": "rail", "c": "yes"}, "geometry": {"type": "LineString", "coordinates": [[-71.68296, 44.14316], [-71.6827, 44.14371], [-71.68312, 44.14419], [-71.68333, 44.14523], [-71.68343, 44.14604], [-71.68362, 44.14687], [-71.68373, 44.14747], [-71.68382, 44.14805], [-71.68393, 44.14885], [-71.68404, 44.14966], [-71.68407, 44.15048], [-71.68408, 44.15123], [-71.68383, 44.15223], [-71.68352, 44.15305], [-71.68286, 44.15413], [-71.68253, 44.15463], [-71.682, 44.15541], [-71.68124, 44.15613], [-71.68018, 44.15697], [-71.67847, 44.15809], [-71.67755, 44.15894], [-71.67733, 44.15968], [-71.67696, 44.16039], [-71.6771, 44.16085]]}}, {"type": "Feature", "properties": {"id": "rt_57_5", "name": "Franconia State Park: Recreation Path (NH)", "q": "great", "t": "rail", "c": "yes"}, "geometry": {"type": "LineString", "coordinates": [[-71.6771, 44.16085], [-71.67689, 44.16138], [-71.67592, 44.1617], [-71.67572, 44.16266], [-71.6757, 44.16371], [-71.676, 44.1646], [-71.67639, 44.16539], [-71.67676, 44.16591], [-71.67745, 44.16635], [-71.67831, 44.16679], [-71.67911, 44.16719], [-71.6798, 44.16746], [-71.68043, 44.16715], [-71.6812, 44.16698], [-71.68185, 44.16749], [-71.68255, 44.16805], [-71.68328, 44.16852], [-71.68394, 44.16896], [-71.68468, 44.1693], [-71.68526, 44.1698], [-71.68558, 44.1704], [-71.68632, 44.17061], [-71.68699, 44.17121], [-71.68766, 44.17147], [-71.68838, 44.17169], [-71.68875, 44.17232], [-71.689, 44.17288], [-71.6892, 44.1736], [-71.68957, 44.17425], [-71.69007, 44.1748], [-71.69029, 44.17545], [-71.69057, 44.17606], [-71.691, 44.1766], [-71.69154, 44.17701], [-71.69216, 44.17733], [-71.69274, 44.17797], [-71.69343, 44.17859], [-71.69385, 44.17913], [-71.69387, 44.17927]]}}, {"type": "Feature", "properties": {"id": "rt_57_6", "name": "Franconia State Park: Recreation Path (NH)", "q": "great", "t": "rail", "c": "yes"}, "geometry": {"type": "LineString", "coordinates": [[-71.69387, 44.17927], [-71.69315, 44.17975], [-71.69245, 44.1805], [-71.69161, 44.181], [-71.69084, 44.18141], [-71.69014, 44.18191], [-71.6897, 44.1824], [-71.68895, 44.18279], [-71.68872, 44.18342], [-71.68834, 44.184], [-71.68746, 44.18418], [-71.68661, 44.18418], [-71.68606, 44.18379], [-71.68572, 44.1832], [-71.68551, 44.18322]]}}, {"type": "Feature", "properties": {"id": "rt_58_0", "name": "Toonerville Trail (VT)", "q": "great", "t": "rail", "c": "yes"}, "geometry": {"type": "LineString", "coordinates": [[-72.42776, 43.26153], [-72.42807, 43.2621], [-72.42821, 43.26262], [-72.42833, 43.26355], [-72.42843, 43.26406], [-72.42905, 43.26453], [-72.42995, 43.26483], [-72.4309, 43.26482], [-72.43221, 43.26476], [-72.43371, 43.26474], [-72.43473, 43.26468], [-72.436, 43.26454], [-72.43677, 43.26446], [-72.43741, 43.26449], [-72.43825, 43.26431], [-72.43911, 43.26439], [-72.44003, 43.26461], [-72.44105, 43.26484], [-72.44197, 43.26505], [-72.44271, 43.26533], [-72.44338, 43.26592], [-72.44313, 43.26653], [-72.44313, 43.26707], [-72.44412, 43.26826], [-72.44514, 43.26916], [-72.44575, 43.2697], [-72.44645, 43.27023], [-72.44738, 43.27095], [-72.44795, 43.27125], [-72.44862, 43.27145], [-72.44927, 43.27157], [-72.4499, 43.27163], [-72.45089, 43.27166], [-72.45175, 43.27166], [-72.4525, 43.27165], [-72.45317, 43.27148], [-72.45391, 43.27112], [-72.45443, 43.27083], [-72.45516, 43.27079], [-72.45624, 43.27102], [-72.45767, 43.27146], [-72.4587, 43.27177], [-72.4593, 43.27201], [-72.45982, 43.27231], [-72.46052, 43.27303], [-72.46079, 43.27349], [-72.46111, 43.27393], [-72.46148, 43.27435], [-72.46187, 43.27478], [-72.46328, 43.27596], [-72.46478, 43.27722], [-72.46659, 43.27872], [-72.46767, 43.27961], [-72.46808, 43.27997], [-72.46866, 43.28066], [-72.4689, 43.28112], [-72.46917, 43.28171], [-72.46981, 43.28321], [-72.47, 43.28366], [-72.47106, 43.28359], [-72.47116, 43.28374]]}}, {"type": "Feature", "properties": {"id": "rt_59_0", "name": "Cowboy Trail (NE)", "q": "great", "t": "rail", "c": "yes"}, "geometry": {"type": "LineString", "coordinates": [[-97.48007, 42.01171], [-97.49105, 42.00583], [-97.50969, 42.00283]]}}, {"type": "Feature", "properties": {"id": "rt_59_1", "name": "Cowboy Trail (NE)", "q": "great", "t": "rail", "c": "yes"}, "geometry": {"type": "LineString", "coordinates": [[-97.42557, 42.00375], [-97.4295, 42.00302], [-97.43292, 42.00586], [-97.43585, 42.00647], [-97.44275, 42.00611], [-97.44239, 42.00723], [-97.44509, 42.00731], [-97.44619, 42.01329], [-97.48007, 42.01171]]}}, {"type": "Feature", "properties": {"id": "rt_59_2", "name": "Cowboy Trail (NE)", "q": "great", "t": "rail", "c": "yes"}, "geometry": {"type": "LineString", "coordinates": [[-97.5097, 42.00282], [-97.52108, 42.00787], [-97.53573, 42.01079], [-97.61103, 42.00121], [-97.83803, 42.04968], [-97.89908, 42.06439], [-97.96143, 42.07039], [-97.98648, 42.08614], [-98.02342, 42.1235], [-98.03467, 42.12854], [-98.05384, 42.14238], [-98.08885, 42.15793], [-98.11975, 42.16487], [-98.14286, 42.15998], [-98.14858, 42.16002], [-98.17811, 42.16788], [-98.27563, 42.20439], [-98.37974, 42.2819], [-98.60564, 42.43554], [-98.62314, 42.44559], [-98.65264, 42.45377], [-98.76155, 42.46714], [-98.8433, 42.47871], [-98.85259, 42.47852], [-98.87594, 42.48184], [-98.9145, 42.49579], [-98.98841, 42.53793], [-99.02342, 42.55301], [-99.10254, 42.58042], [-99.19198, 42.61896], [-99.23682, 42.62143], [-99.36984, 42.59004], [-99.44062, 42.60088], [-99.4797, 42.6023], [-99.50003, 42.59864], [-99.625, 42.56184], [-99.65823, 42.55433], [-99.67723, 42.54541], [-99.69401, 42.53573], [-99.70657, 42.53098], [-99.71903, 42.52961], [-99.75066, 42.53487], [-99.81012, 42.53793], [-99.82412, 42.54175], [-99.87723, 42.54638], [-99.88758, 42.55019], [-99.93423, 42.55706], [-100.01685, 42.56021], [-100.06321, 42.57185], [-100.07633, 42.57331], [-100.09636, 42.57139], [-100.10206, 42.57231], [-100.12114, 42.58197], [-100.13948, 42.59469], [-100.1505, 42.59863], [-100.16774, 42.60665], [-100.18435, 42.61708], [-100.20261, 42.62517], [-100.23368, 42.6362], [-100.24166, 42.64091], [-100.30296, 42.6648], [-100.32074, 42.67839], [-100.37527, 42.73317]]}}, {"type": "Feature", "properties": {"id": "rt_59_3", "name": "Cowboy Trail (NE)", "q": "great", "t": "rail", "c": "yes"}, "geometry": {"type": "LineString", "coordinates": [[-100.37528, 42.73316], [-100.38198, 42.74069], [-100.38435, 42.74702], [-100.38387, 42.7503], [-100.37806, 42.75725], [-100.37895, 42.76486], [-100.39269, 42.78384], [-100.40031, 42.79619], [-100.40388, 42.79972], [-100.411, 42.80237], [-100.44306, 42.80831], [-100.47664, 42.80444], [-100.49283, 42.80382], [-100.49744, 42.80477], [-100.50001, 42.80659], [-100.50469, 42.81303], [-100.50956, 42.82328], [-100.51602, 42.83121], [-100.51976, 42.83796], [-100.54147, 42.86892], [-100.54745, 42.87148], [-100.5587, 42.87089]]}}, {"type": "Feature", "properties": {"id": "rt_59_4", "name": "Cowboy Trail (NE)", "q": "great", "t": "rail", "c": "yes"}, "geometry": {"type": "LineString", "coordinates": [[-101.60459, 42.93698], [-101.64192, 42.92785], [-101.66601, 42.92622], [-101.69047, 42.91963], [-101.73707, 42.92569], [-101.75004, 42.926], [-101.77218, 42.92471], [-101.77715, 42.92261], [-101.78619, 42.91577], [-101.80217, 42.90802], [-101.81497, 42.89887], [-101.86365, 42.894], [-101.86678, 42.89312], [-101.87261, 42.88938], [-101.88416, 42.88985], [-101.89894, 42.88632], [-101.93282, 42.88597], [-101.952, 42.87986], [-101.96184, 42.8726], [-101.97252, 42.87057], [-101.99, 42.86451], [-102.01558, 42.84871], [-102.04101, 42.84412], [-102.07026, 42.84077], [-102.0785, 42.83856], [-102.098, 42.83597], [-102.13926, 42.82334], [-102.14707, 42.81979], [-102.19196, 42.80513], [-102.21806, 42.80013], [-102.26024, 42.79858], [-102.27776, 42.78857], [-102.35797, 42.7541], [-102.40204, 42.72857], [-102.59146, 42.70212], [-102.6132, 42.69646], [-102.6233, 42.69261], [-102.65158, 42.68843], [-102.68071, 42.68117], [-102.70143, 42.68452], [-102.72012, 42.69282], [-102.73751, 42.7033], [-102.7453, 42.71022], [-102.75061, 42.71811], [-102.75243, 42.72384], [-102.75419, 42.72579], [-102.76865, 42.73291], [-102.78109, 42.74343], [-102.78908, 42.74759], [-102.81998, 42.77386], [-102.82774, 42.77891], [-102.84, 42.78901], [-102.8517, 42.79378], [-102.85647, 42.79685], [-102.86742, 42.79913], [-102.88914, 42.81343], [-102.93203, 42.8258], [-102.94964, 42.82872]]}}, {"type": "Feature", "properties": {"id": "rt_59_5", "name": "Cowboy Trail (NE)", "q": "great", "t": "rail", "c": "yes"}, "geometry": {"type": "LineString", "coordinates": [[-100.5587, 42.87089], [-100.58477, 42.86946], [-100.6072, 42.872], [-100.61539, 42.874], [-100.63605, 42.88078], [-100.64447, 42.88546], [-100.65927, 42.89144], [-100.68226, 42.90395], [-100.71879, 42.91338], [-100.73467, 42.92037], [-100.74989, 42.92571], [-100.77048, 42.93012], [-100.78707, 42.9361], [-100.80307, 42.93925], [-100.81412, 42.93804], [-100.82462, 42.93228], [-100.8837, 42.91727], [-100.88731, 42.91757], [-100.94411, 42.93548], [-100.95025, 42.9363], [-100.97027, 42.93571], [-100.97936, 42.93389], [-100.99996, 42.92253], [-101.01076, 42.91932], [-101.02177, 42.91895], [-101.04773, 42.92377], [-101.06852, 42.9229], [-101.09444, 42.92746], [-101.12667, 42.92945], [-101.16969, 42.93492], [-101.18007, 42.93469], [-101.1835, 42.93292], [-101.18687, 42.92917], [-101.19143, 42.92773], [-101.20439, 42.93013], [-101.21688, 42.92971], [-101.23822, 42.93295], [-101.26714, 42.94116], [-101.27632, 42.94254], [-101.28713, 42.9415], [-101.30167, 42.94314], [-101.30429, 42.94251], [-101.30938, 42.93928], [-101.31406, 42.9389], [-101.3379, 42.94307], [-101.34081, 42.94593], [-101.34264, 42.95239], [-101.34645, 42.95459], [-101.37187, 42.96016], [-101.39271, 42.95894], [-101.4066, 42.9608], [-101.41549, 42.9589], [-101.42952, 42.95773], [-101.4418, 42.95361], [-101.47431, 42.94875], [-101.48142, 42.94472], [-101.48484, 42.94388], [-101.49842, 42.94444], [-101.51322, 42.94879], [-101.51696, 42.949], [-101.52088, 42.9474], [-101.52887, 42.93955], [-101.53946, 42.93662], [-101.5754, 42.94136], [-101.58963, 42.94085], [-101.60461, 42.93696]]}}, {"type": "Feature", "properties": {"id": "rt_60_0", "name": "Palouse to Cascades State Park Trail (WA)", "q": "great", "t": "rail", "c": "yes"}, "geometry": {"type": "LineString", "coordinates": [[-117.3011, 47.2272], [-117.3107, 47.227], [-117.325, 47.2193], [-117.3418, 47.2151], [-117.3706, 47.2227], [-117.3745, 47.2264], [-117.3752, 47.2415], [-117.3649, 47.2561], [-117.3655, 47.2605], [-117.3841, 47.2709], [-117.4131, 47.2727], [-117.4235, 47.2679], [-117.4363, 47.254], [-117.4338, 47.2347], [-117.4378, 47.2296], [-117.4484, 47.2266], [-117.4616, 47.2313], [-117.4796, 47.2309], [-117.5081, 47.2058], [-117.5239, 47.2046]]}}, {"type": "Feature", "properties": {"id": "rt_60_1", "name": "Palouse to Cascades State Park Trail (WA)", "q": "great", "t": "rail", "c": "yes"}, "geometry": {"type": "LineString", "coordinates": [[-117.5283, 47.2013], [-117.5343, 47.1977], [-117.5412, 47.1984], [-117.5584, 47.2113], [-117.56, 47.2218], [-117.5852, 47.2301], [-117.6043, 47.2206], [-117.6327, 47.2171], [-117.6413, 47.2053], [-117.6498, 47.2033], [-117.6646, 47.1926]]}}, {"type": "Feature", "properties": {"id": "rt_60_2", "name": "Palouse to Cascades State Park Trail (WA)", "q": "great", "t": "rail", "c": "yes"}, "geometry": {"type": "LineString", "coordinates": [[-120.9481, 47.1845], [-120.908, 47.18], [-120.8618, 47.1665], [-120.8421, 47.1685], [-120.8165, 47.1629], [-120.8095, 47.1568], [-120.8093, 47.1482], [-120.7892, 47.1307], [-120.7504, 47.1264], [-120.7283, 47.1207], [-120.7299, 47.1148], [-120.7218, 47.1103], [-120.7261, 47.1021], [-120.7248, 47.0974], [-120.7022, 47.0889], [-120.673, 47.0592], [-120.6457, 47.048], [-120.6076, 47.0377], [-120.5502, 47.0069]]}}, {"type": "Feature", "properties": {"id": "rt_60_3", "name": "Palouse to Cascades State Park Trail (WA)", "q": "great", "t": "rail", "c": "yes"}, "geometry": {"type": "LineString", "coordinates": [[-119.9498, 46.831], [-119.9551, 46.8321], [-119.9698, 46.8532], [-119.983, 46.8617], [-119.9859, 46.8708], [-119.9953, 46.8716], [-120.0048, 46.8667], [-120.0164, 46.87], [-120.033, 46.8666]]}}, {"type": "Feature", "properties": {"id": "rt_60_4", "name": "Palouse to Cascades State Park Trail (WA)", "q": "great", "t": "rail", "c": "yes"}, "geometry": {"type": "LineString", "coordinates": [[-120.0321, 46.8666], [-120.0509, 46.8717], [-120.0551, 46.8699], [-120.0589, 46.8618], [-120.085, 46.8604], [-120.1387, 46.8744], [-120.1608, 46.8868]]}}, {"type": "Feature", "properties": {"id": "rt_60_5", "name": "Palouse to Cascades State Park Trail (WA)", "q": "great", "t": "rail", "c": "yes"}, "geometry": {"type": "LineString", "coordinates": [[-120.1607, 46.8866], [-120.1704, 46.8977], [-120.1903, 46.9002], [-120.1975, 46.9058], [-120.206, 46.9042], [-120.2126, 46.9097], [-120.2313, 46.9102], [-120.2479, 46.9263], [-120.2574, 46.9292], [-120.2726, 46.9446], [-120.2964, 46.9504], [-120.3076, 46.9591], [-120.3216, 46.9609], [-120.3484, 46.9736], [-120.3714, 46.9744], [-120.5315, 47.0008]]}}, {"type": "Feature", "properties": {"id": "rt_60_6", "name": "Palouse to Cascades State Park Trail (WA)", "q": "great", "t": "rail", "c": "yes"}, "geometry": {"type": "LineString", "coordinates": [[-118.6384, 46.9674], [-118.6588, 46.9726], [-118.6779, 46.9671], [-118.7035, 46.9553], [-118.7411, 46.927], [-118.7592, 46.9223], [-118.8417, 46.9494], [-118.8679, 46.9527], [-118.8798, 46.9591], [-118.8995, 46.9632], [-118.9582, 46.9547], [-118.9892, 46.9553], [-119.012, 46.9649], [-119.0335, 46.9697]]}}, {"type": "Feature", "properties": {"id": "rt_60_7", "name": "Palouse to Cascades State Park Trail (WA)", "q": "great", "t": "rail", "c": "yes"}, "geometry": {"type": "LineString", "coordinates": [[-119.9498, 46.831], [-119.9312, 46.8372], [-119.878, 46.8329], [-119.7283, 46.836], [-119.6666, 46.8406], [-119.597, 46.8397]]}}, {"type": "Feature", "properties": {"id": "rt_60_8", "name": "Palouse to Cascades State Park Trail (WA)", "q": "great", "t": "rail", "c": "yes"}, "geometry": {"type": "LineString", "coordinates": [[-121.774, 47.4269], [-121.7433, 47.4372], [-121.7327, 47.4339], [-121.7038, 47.4425], [-121.6762, 47.442], [-121.6578, 47.4326], [-121.6372, 47.4283], [-121.6342, 47.4247], [-121.6138, 47.4238], [-121.6058, 47.4198], [-121.5988, 47.4213], [-121.5959, 47.4118], [-121.5883, 47.4033], [-121.5736, 47.3992], [-121.5717, 47.396], [-121.5558, 47.3932], [-121.547, 47.3864], [-121.5224, 47.3846], [-121.4861, 47.3915], [-121.477, 47.3894], [-121.472, 47.3841], [-121.4689, 47.3891], [-121.4449, 47.3953], [-121.3951, 47.3945], [-121.39, 47.3845], [-121.3945, 47.3677], [-121.3772, 47.3515], [-121.3754, 47.3372], [-121.371, 47.3298], [-121.3625, 47.3258], [-121.3562, 47.3158], [-121.3297, 47.3035], [-121.3144, 47.2874], [-121.3045, 47.2837], [-121.298, 47.2696], [-121.2883, 47.2595], [-121.2613, 47.2495], [-121.234, 47.2436], [-121.2008, 47.2474], [-121.1492, 47.2192], [-121.0922, 47.2068], [-121.0497, 47.192], [-121.0388, 47.181], [-120.9886, 47.1756], [-120.9483, 47.1845]]}}, {"type": "Feature", "properties": {"id": "rt_60_9", "name": "Palouse to Cascades State Park Trail (WA)", "q": "great", "t": "rail", "c": "yes"}, "geometry": {"type": "LineString", "coordinates": [[-118.5998, 46.9659], [-118.6384, 46.9674]]}}, {"type": "Feature", "properties": {"id": "rt_60_10", "name": "Palouse to Cascades State Park Trail (WA)", "q": "great", "t": "rail", "c": "yes"}, "geometry": {"type": "LineString", "coordinates": [[-117.965, 47.068], [-117.9851, 47.0525], [-118.0006, 47.0501], [-118.0218, 47.0536], [-118.0542, 47.0425], [-118.0714, 47.0474], [-118.1065, 47.0476], [-118.1352, 47.0524], [-118.1521, 47.0433], [-118.16, 47.0332], [-118.1873, 47.026], [-118.214, 47.0123], [-118.2219, 47.0144], [-118.2338, 47.0303], [-118.2586, 47.03], [-118.2954, 46.9999], [-118.3989, 46.9682], [-118.4291, 46.9524], [-118.4541, 46.9488], [-118.4766, 46.9403], [-118.5014, 46.9447], [-118.5161, 46.9632], [-118.5242, 46.9672], [-118.5751, 46.9625], [-118.5942, 46.9647]]}}, {"type": "Feature", "properties": {"id": "rt_60_11", "name": "Palouse to Cascades State Park Trail (WA)", "q": "great", "t": "rail", "c": "yes"}, "geometry": {"type": "LineString", "coordinates": [[-117.927, 47.0832], [-117.9598, 47.0728]]}}, {"type": "Feature", "properties": {"id": "rt_60_12", "name": "Palouse to Cascades State Park Trail (WA)", "q": "great", "t": "rail", "c": "yes"}, "geometry": {"type": "LineString", "coordinates": [[-117.7577, 47.1054], [-117.7794, 47.1023], [-117.7973, 47.0888], [-117.82, 47.08], [-117.8388, 47.0857], [-117.8788, 47.0852], [-117.8928, 47.0897], [-117.9133, 47.0886], [-117.9226, 47.0847]]}}, {"type": "Feature", "properties": {"id": "rt_60_13", "name": "Palouse to Cascades State Park Trail (WA)", "q": "great", "t": "rail", "c": "yes"}, "geometry": {"type": "LineString", "coordinates": [[-117.6864, 47.1649], [-117.7001, 47.1545], [-117.7113, 47.1363], [-117.7235, 47.1299], [-117.7296, 47.1218]]}}, {"type": "Feature", "properties": {"id": "rt_60_14", "name": "Palouse to Cascades State Park Trail (WA)", "q": "great", "t": "rail", "c": "yes"}, "geometry": {"type": "LineString", "coordinates": [[-117.6745, 47.1791], [-117.6853, 47.166]]}}, {"type": "Feature", "properties": {"id": "rt_60_15", "name": "Palouse to Cascades State Park Trail (WA)", "q": "great", "t": "rail", "c": "yes"}, "geometry": {"type": "LineString", "coordinates": [[-117.0397, 47.2961], [-117.0608, 47.269], [-117.0548, 47.2476], [-117.0619, 47.2348], [-117.0918, 47.2212], [-117.1162, 47.2219], [-117.1284, 47.2257], [-117.1566, 47.2203], [-117.1816, 47.2067], [-117.186, 47.1956], [-117.1908, 47.1925], [-117.1993, 47.1939], [-117.2095, 47.2021], [-117.2205, 47.2042], [-117.2313, 47.2128], [-117.2341, 47.2206], [-117.2477, 47.2222], [-117.2502, 47.2364], [-117.2533, 47.239], [-117.2642, 47.2376], [-117.2768, 47.241], [-117.2904, 47.2326]]}}, {"type": "Feature", "properties": {"id": "rt_61_0", "name": "Columbia Plateau State Park Trail (WA)", "q": "great", "t": "rail", "c": "yes"}, "geometry": {"type": "LineString", "coordinates": [[-119.0136, 46.2252], [-118.9782, 46.2401], [-118.8789, 46.2536], [-118.8584, 46.261], [-118.832, 46.2874], [-118.7978, 46.2994], [-118.7836, 46.3097], [-118.7782, 46.3237], [-118.7623, 46.3337], [-118.745, 46.3649], [-118.7007, 46.37], [-118.6924, 46.3846], [-118.6698, 46.3937], [-118.6625, 46.4042], [-118.647, 46.4122], [-118.6374, 46.4226], [-118.6455, 46.4414], [-118.6261, 46.4693], [-118.6232, 46.5006], [-118.5879, 46.5347], [-118.5603, 46.5467], [-118.543, 46.5689], [-118.5452, 46.5886], [-118.5619, 46.6274], [-118.5523, 46.639], [-118.5066, 46.6463], [-118.4898, 46.6605], [-118.4219, 46.6952], [-118.3383, 46.7334], [-118.3182, 46.7389], [-118.3079, 46.75], [-118.2897, 46.7544], [-118.2228, 46.744], [-118.1813, 46.7557], [-118.1513, 46.7723], [-118.136, 46.8033], [-118.1332, 46.8224], [-118.14, 46.8394], [-118.1673, 46.8672], [-118.1669, 46.8833], [-118.1606, 46.8889], [-118.114, 46.9023], [-118.0812, 46.918], [-118.0699, 46.927], [-118.0581, 46.9434], [-118.0527, 46.9635], [-118.0348, 46.9857], [-118.0282, 47.007], [-118.0134, 47.0321], [-118.0154, 47.0884], [-118.0202, 47.1146], [-118.0152, 47.1423], [-118.0057, 47.152], [-117.979, 47.1667], [-117.9253, 47.1897], [-117.8497, 47.2523], [-117.8312, 47.2827], [-117.7871, 47.3012], [-117.7513, 47.3287], [-117.7377, 47.3429], [-117.6929, 47.3563], [-117.6747, 47.3589], [-117.6554, 47.3921], [-117.5613, 47.4796]]}}, {"type": "Feature", "properties": {"id": "rt_61_1", "name": "Columbia Plateau State Park Trail (WA)", "q": "great", "t": "rail", "c": "yes"}, "geometry": {"type": "LineString", "coordinates": [[-117.5613, 47.4796], [-117.5465, 47.4991], [-117.5299, 47.5062], [-117.516, 47.522]]}}, {"type": "Feature", "properties": {"id": "131830256", "q": "great", "t": "ped", "c": "yes", "name": "Rt 1 Yarmouth"}, "geometry": {"type": "LineString", "coordinates": [[-70.18729, 43.80233], [-70.18718, 43.8027], [-70.18647, 43.80277], [-70.18621, 43.80307], [-70.18487, 43.80309]]}}, {"type": "Feature", "properties": {"id": "140794167", "q": "good", "t": "ped", "c": "yes", "name": "Royal River Park"}, "geometry": {"type": "LineString", "coordinates": [[-70.18765, 43.80429], [-70.18639, 43.80347], [-70.18523, 43.80341], [-70.18484, 43.80261]]}}, {"type": "Feature", "properties": {"id": "320322699", "q": "great", "t": "ped", "c": "yes", "name": null}, "geometry": {"type": "LineString", "coordinates": [[-70.18422, 43.8008], [-70.18338, 43.80098], [-70.18274, 43.80139]]}}, {"type": "Feature", "properties": {"id": "443995770", "q": "poor", "t": "single", "c": "yes", "name": "Dwelly Pond"}, "geometry": {"type": "LineString", "coordinates": [[-70.18777, 43.80869], [-70.18744, 43.8085], [-70.18723, 43.80625]]}}, {"type": "Feature", "properties": {"id": "454604046", "q": "good", "t": "sidewalk", "c": "yes", "name": null}, "geometry": {"type": "LineString", "coordinates": [[-70.19382, 43.80329], [-70.19457, 43.80102]]}}, {"type": "Feature", "properties": {"id": "457528955", "q": "good", "t": "sidewalk", "c": "yes", "name": null}, "geometry": {"type": "LineString", "coordinates": [[-70.18154, 43.79829], [-70.17989, 43.79718]]}}, {"type": "Feature", "properties": {"id": "962318782", "q": "good", "t": "ped", "c": "yes", "name": null}, "geometry": {"type": "LineString", "coordinates": [[-70.18482, 43.80257], [-70.18436, 43.80189], [-70.18334, 43.80142], [-70.18274, 43.80139]]}}, {"type": "Feature", "properties": {"id": "962318784", "q": "good", "t": "ped", "c": "yes", "name": "Royal River Park"}, "geometry": {"type": "LineString", "coordinates": [[-70.18974, 43.80638], [-70.18969, 43.80601], [-70.18924, 43.80568], [-70.18924, 43.80515], [-70.18827, 43.80466]]}}, {"type": "Feature", "properties": {"id": "1232720609", "q": "good", "t": "ped", "c": "yes", "name": "Royal River Park"}, "geometry": {"type": "LineString", "coordinates": [[-70.18819, 43.8046], [-70.18765, 43.80429]]}}, {"type": "Feature", "properties": {"id": "1232720658", "q": "good", "t": "ped", "c": "yes", "name": null}, "geometry": {"type": "LineString", "coordinates": [[-70.18274, 43.80139], [-70.18208, 43.80085]]}}, {"type": "Feature", "properties": {"id": "131817898", "q": "great", "t": "ped", "c": "yes", "name": "Beth Condon"}, "geometry": {"type": "LineString", "coordinates": [[-70.18874, 43.79727], [-70.18809, 43.79935], [-70.18815, 43.79968], [-70.18876, 43.80002], [-70.18811, 43.80074]]}}, {"type": "Feature", "properties": {"id": "141905362", "q": "good", "t": "sidewalk", "c": "yes", "name": null}, "geometry": {"type": "LineString", "coordinates": [[-70.19051, 43.80202], [-70.18804, 43.80106]]}}, {"type": "Feature", "properties": {"id": "164955317", "q": "good", "t": "single", "c": "yes", "name": "Walker's Path"}, "geometry": {"type": "LineString", "coordinates": [[-70.18985, 43.79879], [-70.19009, 43.79829], [-70.19221, 43.79656], [-70.19223, 43.79616], [-70.19252, 43.79578], [-70.19192, 43.79469]]}}, {"type": "Feature", "properties": {"id": "305495220", "q": "good", "t": "ped", "c": null, "name": "I forget if Chariot Friendly"}, "geometry": {"type": "LineString", "coordinates": [[-70.17662, 43.80944], [-70.17835, 43.80817], [-70.17846, 43.80775], [-70.17831, 43.8074]]}}, {"type": "Feature", "properties": {"id": "444828210", "q": "great", "t": "ped", "c": "yes", "name": "Rt 1 Yarmouth"}, "geometry": {"type": "LineString", "coordinates": [[-70.17467, 43.80556], [-70.17379, 43.8055]]}}, {"type": "Feature", "properties": {"id": "444828211", "q": "great", "t": "ped", "c": "yes", "name": "Rt 1 Yarmouth"}, "geometry": {"type": "LineString", "coordinates": [[-70.17379, 43.8055], [-70.17346, 43.80561]]}}, {"type": "Feature", "properties": {"id": "444828212", "q": null, "t": "ped", "c": "yes", "name": "Rt 1 Yarmouth"}, "geometry": {"type": "LineString", "coordinates": [[-70.17222, 43.80607], [-70.17148, 43.80634]]}}, {"type": "Feature", "properties": {"id": "444828213", "q": "great", "t": "ped", "c": "yes", "name": "Rt 1 Yarmouth"}, "geometry": {"type": "LineString", "coordinates": [[-70.17379, 43.8055], [-70.17514, 43.80491], [-70.17704, 43.80444]]}}, {"type": "Feature", "properties": {"id": "445604118", "q": "good", "t": "sidewalk", "c": "yes", "name": null}, "geometry": {"type": "LineString", "coordinates": [[-70.19054, 43.80219], [-70.18801, 43.80121]]}}, {"type": "Feature", "properties": {"id": "449617332", "q": "good", "t": "sidewalk", "c": "yes", "name": null}, "geometry": {"type": "LineString", "coordinates": [[-70.17398, 43.80701], [-70.17506, 43.80497]]}}, {"type": "Feature", "properties": {"id": "452941894", "q": "great", "t": "ped", "c": "yes", "name": "Rt 1 Pedestrian"}, "geometry": {"type": "LineString", "coordinates": [[-70.17426, 43.80547], [-70.17457, 43.80513]]}}, {"type": "Feature", "properties": {"id": "457528948", "q": "good", "t": "sidewalk", "c": "yes", "name": null}, "geometry": {"type": "LineString", "coordinates": [[-70.18663, 43.80049], [-70.18282, 43.79891]]}}, {"type": "Feature", "properties": {"id": "457528952", "q": "good", "t": "sidewalk", "c": "yes", "name": null}, "geometry": {"type": "LineString", "coordinates": [[-70.18265, 43.79881], [-70.18162, 43.79833]]}}, {"type": "Feature", "properties": {"id": "462327223", "q": "good", "t": "sidewalk", "c": "yes", "name": null}, "geometry": {"type": "LineString", "coordinates": [[-70.18778, 43.80112], [-70.18658, 43.80064]]}}, {"type": "Feature", "properties": {"id": "753432226", "q": "great", "t": "ped", "c": "yes", "name": "Rt 1 Yarmouth"}, "geometry": {"type": "LineString", "coordinates": [[-70.18135, 43.8038], [-70.17956, 43.80407]]}}, {"type": "Feature", "properties": {"id": "1232720637", "q": "great", "t": "ped", "c": "yes", "name": "Beth Condon Memorial Pathway"}, "geometry": {"type": "LineString", "coordinates": [[-70.18228, 43.80356], [-70.18219, 43.80361]]}}, {"type": "Feature", "properties": {"id": "1232720639", "q": "great", "t": "ped", "c": "yes", "name": "Beth Condon Memorial Pathway"}, "geometry": {"type": "LineString", "coordinates": [[-70.18195, 43.80366], [-70.1818, 43.80368]]}}, {"type": "Feature", "properties": {"id": "1232720640", "q": "great", "t": "ped", "c": "yes", "name": "Rt 1 Yarmouth"}, "geometry": {"type": "LineString", "coordinates": [[-70.1818, 43.80368], [-70.1815, 43.80376]]}}, {"type": "Feature", "properties": {"id": "1232720643", "q": "great", "t": "ped", "c": "yes", "name": "Rt 1 Yarmouth"}, "geometry": {"type": "LineString", "coordinates": [[-70.1772, 43.80441], [-70.17922, 43.80412]]}}, {"type": "Feature", "properties": {"id": "1232720645", "q": "great", "t": "ped", "c": "yes", "name": "Rt 1 Yarmouth"}, "geometry": {"type": "LineString", "coordinates": [[-70.17346, 43.80561], [-70.17242, 43.80601]]}}, {"type": "Feature", "properties": {"id": "1232720646", "q": "good", "t": "ped", "c": "yes", "name": "Rt 1 Yarmouth"}, "geometry": {"type": "LineString", "coordinates": [[-70.17242, 43.80601], [-70.17222, 43.80607]]}}, {"type": "Feature", "properties": {"id": "1232720647", "q": null, "t": "ped", "c": "yes", "name": "Rt 1 Yarmouth"}, "geometry": {"type": "LineString", "coordinates": [[-70.17131, 43.8064], [-70.17106, 43.8065]]}}, {"type": "Feature", "properties": {"id": "1232720648", "q": "great", "t": "ped", "c": "yes", "name": "Beth Condon Memorial Pathway"}, "geometry": {"type": "LineString", "coordinates": [[-70.17106, 43.8065], [-70.171, 43.80653]]}}, {"type": "Feature", "properties": {"id": "1232720649", "q": null, "t": "ped", "c": "yes", "name": "Rt 1 Yarmouth"}, "geometry": {"type": "LineString", "coordinates": [[-70.17148, 43.80634], [-70.17131, 43.8064]]}}, {"type": "Feature", "properties": {"id": "1484751814", "q": "good", "t": "sidewalk", "c": "yes", "name": null}, "geometry": {"type": "LineString", "coordinates": [[-70.18781, 43.80113], [-70.18778, 43.80112]]}}, {"type": "Feature", "properties": {"id": "1484756676", "q": "good", "t": "sidewalk", "c": "yes", "name": null}, "geometry": {"type": "LineString", "coordinates": [[-70.18979, 43.79187], [-70.189, 43.79243]]}}, {"type": "Feature", "properties": {"id": "1484756677", "q": "great", "t": "ped", "c": "yes", "name": "Beth Condon"}, "geometry": {"type": "LineString", "coordinates": [[-70.18706, 43.80046], [-70.1881, 43.79899]]}}, {"type": "Feature", "properties": {"id": "1484756678", "q": "great", "t": "ped", "c": "yes", "name": "Beth Condon"}, "geometry": {"type": "LineString", "coordinates": [[-70.1867, 43.80086], [-70.18706, 43.80046]]}}, {"type": "Feature", "properties": {"id": "1484756688", "q": "great", "t": "ped", "c": "yes", "name": "Beth Condon"}, "geometry": {"type": "LineString", "coordinates": [[-70.18704, 43.80176], [-70.18727, 43.80184], [-70.18727, 43.80234]]}}, {"type": "Feature", "properties": {"id": "1484756689", "q": "great", "t": "ped", "c": "yes", "name": "Beth Condon"}, "geometry": {"type": "LineString", "coordinates": [[-70.18776, 43.80111], [-70.18731, 43.80162], [-70.18696, 43.80163], [-70.18639, 43.80132], [-70.1867, 43.80086]]}}, {"type": "Feature", "properties": {"id": "1484759847", "q": "great", "t": "ped", "c": "yes", "name": "Rt 1 Yarmouth"}, "geometry": {"type": "LineString", "coordinates": [[-70.18819, 43.79767], [-70.18814, 43.79807]]}}, {"type": "Feature", "properties": {"id": "1484759849", "q": "great", "t": "ped", "c": "yes", "name": "Rt 1 Yarmouth"}, "geometry": {"type": "LineString", "coordinates": [[-70.18822, 43.79753], [-70.18821, 43.79757]]}}, {"type": "Feature", "properties": {"id": "1484759860", "q": "great", "t": "ped", "c": "yes", "name": "Rt 1 Yarmouth"}, "geometry": {"type": "LineString", "coordinates": [[-70.18878, 43.79626], [-70.18875, 43.79717]]}}, {"type": "Feature", "properties": {"id": "1484759861", "q": "great", "t": "ped", "c": "yes", "name": "Rt 1 Yarmouth"}, "geometry": {"type": "LineString", "coordinates": [[-70.18832, 43.79479], [-70.18823, 43.79746]]}}, {"type": "Feature", "properties": {"id": "1484759863", "q": "great", "t": "ped", "c": "yes", "name": "Rt 1 Yarmouth"}, "geometry": {"type": "LineString", "coordinates": [[-70.18874, 43.7958], [-70.18878, 43.79618]]}}, {"type": "Feature", "properties": {"id": "1484759865", "q": "great", "t": "ped", "c": "yes", "name": "Rt 1 Yarmouth"}, "geometry": {"type": "LineString", "coordinates": [[-70.18875, 43.79526], [-70.18873, 43.79572]]}}, {"type": "Feature", "properties": {"id": "1484759867", "q": "great", "t": "ped", "c": "yes", "name": "Rt 1 Yarmouth"}, "geometry": {"type": "LineString", "coordinates": [[-70.18878, 43.79448], [-70.18875, 43.79515]]}}, {"type": "Feature", "properties": {"id": "1484759869", "q": "great", "t": "ped", "c": "yes", "name": "Rt 1 Yarmouth"}, "geometry": {"type": "LineString", "coordinates": [[-70.18883, 43.79364], [-70.18879, 43.79439]]}}, {"type": "Feature", "properties": {"id": "1484759871", "q": "great", "t": "ped", "c": "yes", "name": "Rt 1 Yarmouth"}, "geometry": {"type": "LineString", "coordinates": [[-70.189, 43.79243], [-70.18881, 43.79284], [-70.18879, 43.79357]]}}, {"type": "Feature", "properties": {"id": "1484760283", "q": "great", "t": "ped", "c": "yes", "name": null}, "geometry": {"type": "LineString", "coordinates": [[-70.18812, 43.79807], [-70.18755, 43.79952], [-70.18674, 43.80054]]}}, {"type": "Feature", "properties": {"id": "1484760907", "q": "good", "t": "sidewalk", "c": "yes", "name": null}, "geometry": {"type": "LineString", "coordinates": [[-70.18786, 43.80098], [-70.1867, 43.80052]]}}, {"type": "Feature", "properties": {"id": "1521925613", "q": "good", "t": "sidewalk", "c": "yes", "name": "NYA"}, "geometry": {"type": "LineString", "coordinates": [[-70.18541, 43.79949], [-70.1845, 43.79913]]}}, {"type": "Feature", "properties": {"id": "1521925614", "q": "good", "t": "sidewalk", "c": "yes", "name": "NYA"}, "geometry": {"type": "LineString", "coordinates": [[-70.18525, 43.79943], [-70.18464, 43.79965]]}}, {"type": "Feature", "properties": {"id": "1521925616", "q": "good", "t": "sidewalk", "c": "yes", "name": "NYA"}, "geometry": {"type": "LineString", "coordinates": [[-70.18538, 43.79956], [-70.18589, 43.79893]]}}, {"type": "Feature", "properties": {"id": "1521925617", "q": "good", "t": "sidewalk", "c": "yes", "name": "NYA"}, "geometry": {"type": "LineString", "coordinates": [[-70.1862, 43.79905], [-70.18552, 43.79878]]}}, {"type": "Feature", "properties": {"id": "1521925618", "q": "good", "t": "sidewalk", "c": "yes", "name": "NYA"}, "geometry": {"type": "LineString", "coordinates": [[-70.18688, 43.79802], [-70.18652, 43.79787], [-70.18567, 43.79884]]}}, {"type": "Feature", "properties": {"id": "30769469", "q": "great", "t": "ped", "c": "yes", "name": "East End Trail"}, "geometry": {"type": "LineString", "coordinates": [[-70.24173, 43.66953], [-70.24089, 43.66883], [-70.2395, 43.66713], [-70.23921, 43.6662], [-70.23939, 43.66528], [-70.24, 43.66454], [-70.24121, 43.66371], [-70.24596, 43.66081]]}}, {"type": "Feature", "properties": {"id": "30770180", "q": "great", "t": "ped", "c": "yes", "name": "Back Bay Boulevard"}, "geometry": {"type": "LineString", "coordinates": [[-70.25677, 43.67824], [-70.25741, 43.67858], [-70.25933, 43.67878]]}}, {"type": "Feature", "properties": {"id": "32566104", "q": "great", "t": "ped", "c": "yes", "name": "Back Bay Boulevard"}, "geometry": {"type": "LineString", "coordinates": [[-70.2567, 43.67703], [-70.25677, 43.67824]]}}, {"type": "Feature", "properties": {"id": "32566116", "q": "great", "t": "ped", "c": "yes", "name": "Back Bay Boulevard"}, "geometry": {"type": "LineString", "coordinates": [[-70.25662, 43.67565], [-70.2567, 43.67703]]}}, {"type": "Feature", "properties": {"id": "32566328", "q": "great", "t": "ped", "c": "yes", "name": "East End Trail"}, "geometry": {"type": "LineString", "coordinates": [[-70.25666, 43.67481], [-70.25676, 43.67565], [-70.25599, 43.67567], [-70.25584, 43.67374]]}}, {"type": "Feature", "properties": {"id": "32566330", "q": "great", "t": "ped", "c": "yes", "name": "East End Trail"}, "geometry": {"type": "LineString", "coordinates": [[-70.25688, 43.67434], [-70.25666, 43.67481]]}}, {"type": "Feature", "properties": {"id": "131830252", "q": "great", "t": "ped", "c": "yes", "name": "Back Bay Boulevard"}, "geometry": {"type": "LineString", "coordinates": [[-70.26566, 43.67927], [-70.26796, 43.67878], [-70.26864, 43.6789], [-70.27059, 43.67978], [-70.2715, 43.67978], [-70.27218, 43.67953], [-70.27562, 43.67659], [-70.27631, 43.67433], [-70.27721, 43.67322], [-70.27727, 43.67182], [-70.27755, 43.67095], [-70.27739, 43.66929], [-70.27699, 43.66902], [-70.27575, 43.66895], [-70.27506, 43.66868], [-70.27454, 43.66816], [-70.27421, 43.66727], [-70.2738, 43.66674], [-70.27157, 43.66597], [-70.27083, 43.66538]]}}, {"type": "Feature", "properties": {"id": "163079642", "q": "good", "t": "ped", "c": "yes", "name": null}, "geometry": {"type": "LineString", "coordinates": [[-70.19862, 43.79683], [-70.19714, 43.79652], [-70.19597, 43.79678], [-70.19428, 43.79651], [-70.19284, 43.79701], [-70.19193, 43.79754], [-70.19139, 43.79724]]}}, {"type": "Feature", "properties": {"id": "383561823", "q": "good", "t": "hiking", "c": "no", "name": null}, "geometry": {"type": "LineString", "coordinates": [[-70.19426, 43.79496], [-70.19396, 43.7956], [-70.1928, 43.79627], [-70.19228, 43.79636]]}}, {"type": "Feature", "properties": {"id": "429200001", "q": "great", "t": "rail", "c": "yes", "name": "Mountain Division Trail"}, "geometry": {"type": "LineString", "coordinates": [[-70.46875, 43.75071], [-70.46421, 43.75094], [-70.46083, 43.75092], [-70.45962, 43.75073]]}}, {"type": "Feature", "properties": {"id": "429200002", "q": "great", "t": "rail", "c": "yes", "name": "Sebago to Sea"}, "geometry": {"type": "LineString", "coordinates": [[-70.45962, 43.75073], [-70.45596, 43.74943], [-70.45424, 43.74912], [-70.45186, 43.74923], [-70.44666, 43.75009]]}}, {"type": "Feature", "properties": {"id": "495221677", "q": "great", "t": "rail", "c": "yes", "name": "Sebago to Sea"}, "geometry": {"type": "LineString", "coordinates": [[-70.44605, 43.75019], [-70.44275, 43.75057], [-70.4368, 43.75041], [-70.43591, 43.75027], [-70.43488, 43.74984], [-70.43384, 43.74871], [-70.43213, 43.74365], [-70.43135, 43.7424], [-70.43002, 43.74126], [-70.42607, 43.73905]]}}, {"type": "Feature", "properties": {"id": "556609158", "q": "great", "t": "ped", "c": "yes", "name": "Back Bay Boulevard"}, "geometry": {"type": "LineString", "coordinates": [[-70.26391, 43.66478], [-70.2632, 43.66485], [-70.26191, 43.66582], [-70.26184, 43.66612], [-70.26216, 43.66676], [-70.26192, 43.66725], [-70.26051, 43.66767], [-70.25993, 43.66802], [-70.25898, 43.66986], [-70.25852, 43.67201], [-70.25794, 43.67315], [-70.25688, 43.67434]]}}, {"type": "Feature", "properties": {"id": "815865613", "q": "great", "t": "ped", "c": "yes", "name": "East End Trail"}, "geometry": {"type": "LineString", "coordinates": [[-70.24722, 43.65995], [-70.24868, 43.65898], [-70.24936, 43.65829]]}}, {"type": "Feature", "properties": {"id": "921050247", "q": "great", "t": "ped", "c": "yes", "name": "Back Bay Boulevard"}, "geometry": {"type": "LineString", "coordinates": [[-70.25933, 43.67878], [-70.26148, 43.67867], [-70.26363, 43.67923]]}}, {"type": "Feature", "properties": {"id": "924937846", "q": "great", "t": "ped", "c": "yes", "name": "Back Bay Boulevard"}, "geometry": {"type": "LineString", "coordinates": [[-70.26363, 43.67923], [-70.26466, 43.67941], [-70.26566, 43.67927]]}}, {"type": "Feature", "properties": {"id": "949255773", "q": "great", "t": "ped", "c": "yes", "name": "Back Bay Boulevard"}, "geometry": {"type": "LineString", "coordinates": [[-70.26968, 43.66536], [-70.26939, 43.66567], [-70.2681, 43.66538], [-70.2661, 43.66425], [-70.26536, 43.66493], [-70.26473, 43.66519], [-70.26391, 43.66478], [-70.26388, 43.66446]]}}, {"type": "Feature", "properties": {"id": "1224805928", "q": "great", "t": "ped", "c": "yes", "name": "East End Trail"}, "geometry": {"type": "LineString", "coordinates": [[-70.25584, 43.67374], [-70.25426, 43.67385], [-70.24965, 43.67303], [-70.24909, 43.67256], [-70.24186, 43.6696]]}}, {"type": "Feature", "properties": {"id": "1494403240", "q": "great", "t": "ped", "c": "yes", "name": "East End Trail"}, "geometry": {"type": "LineString", "coordinates": [[-70.24629, 43.66083], [-70.2472, 43.6602], [-70.24806, 43.66064], [-70.24733, 43.66179], [-70.24703, 43.66201], [-70.24606, 43.66219]]}}, {"type": "Feature", "properties": {"id": "11417859", "q": "great", "t": "rail", "c": "yes", "name": "Eastern Trail"}, "geometry": {"type": "LineString", "coordinates": [[-70.23568, 43.64663], [-70.2349, 43.64761]]}}, {"type": "Feature", "properties": {"id": "11417860", "q": "great", "t": "rail", "c": "yes", "name": "Eastern Trail"}, "geometry": {"type": "LineString", "coordinates": [[-70.25999, 43.63378], [-70.26176, 43.63375], [-70.26417, 43.63312], [-70.26532, 43.63345], [-70.26638, 43.63425]]}}, {"type": "Feature", "properties": {"id": "32706660", "q": "great", "t": "rail", "c": "yes", "name": "Eastern Trail"}, "geometry": {"type": "LineString", "coordinates": [[-70.27779, 43.6278], [-70.27813, 43.62729], [-70.27767, 43.62695], [-70.27788, 43.62625], [-70.27978, 43.62487], [-70.28156, 43.62329], [-70.28338, 43.62234], [-70.28596, 43.62], [-70.28645, 43.61889], [-70.28626, 43.61834], [-70.28469, 43.61728], [-70.28593, 43.61665], [-70.28652, 43.61576], [-70.28761, 43.6148], [-70.28836, 43.6133], [-70.28944, 43.61225], [-70.28709, 43.61094], [-70.29066, 43.60683]]}}, {"type": "Feature", "properties": {"id": "42185274", "q": "great", "t": "hiking", "c": "no", "name": "Tuckerman Ravine Trail"}, "geometry": {"type": "LineString", "coordinates": [[-71.25331, 44.25797], [-71.25371, 44.25865], [-71.25526, 44.26007], [-71.25543, 44.26054], [-71.25584, 44.26085], [-71.25612, 44.26085]]}}, {"type": "Feature", "properties": {"id": "131818175", "q": "great", "t": "rail", "c": "yes", "name": "Eastern Trail"}, "geometry": {"type": "LineString", "coordinates": [[-70.24928, 43.63652], [-70.24525, 43.63872], [-70.24509, 43.63916], [-70.24571, 43.64037], [-70.24574, 43.64089], [-70.24485, 43.64179], [-70.24385, 43.64226]]}}, {"type": "Feature", "properties": {"id": "177410325", "q": "great", "t": "ped", "c": "yes", "name": "Veterans Memorial parkway"}, "geometry": {"type": "LineString", "coordinates": [[-70.29323, 43.63914], [-70.29315, 43.63855]]}}, {"type": "Feature", "properties": {"id": "177410326", "q": "great", "t": "ped", "c": "yes", "name": "Veterans Memorial parkway"}, "geometry": {"type": "LineString", "coordinates": [[-70.29323, 43.63914], [-70.29266, 43.63992], [-70.29084, 43.64064]]}}, {"type": "Feature", "properties": {"id": "177410327", "q": "great", "t": "ped", "c": "yes", "name": "Veterans Memorial parkway"}, "geometry": {"type": "LineString", "coordinates": [[-70.28849, 43.64144], [-70.28713, 43.64184]]}}, {"type": "Feature", "properties": {"id": "177410331", "q": "great", "t": "ped", "c": "yes", "name": "Veterans Memorial parkway"}, "geometry": {"type": "LineString", "coordinates": [[-70.29315, 43.63855], [-70.29281, 43.63812], [-70.28867, 43.63483], [-70.28825, 43.63411]]}}, {"type": "Feature", "properties": {"id": "177410335", "q": "great", "t": "ped", "c": "yes", "name": "Veterans Memorial parkway"}, "geometry": {"type": "LineString", "coordinates": [[-70.29084, 43.64064], [-70.28849, 43.64144]]}}, {"type": "Feature", "properties": {"id": "182599242", "q": "great", "t": "ped", "c": "yes", "name": "Fore River Parkway"}, "geometry": {"type": "LineString", "coordinates": [[-70.28713, 43.64184], [-70.28097, 43.6444]]}}, {"type": "Feature", "properties": {"id": "185328468", "q": "great", "t": "ped", "c": "yes", "name": "Fore River Parkway"}, "geometry": {"type": "LineString", "coordinates": [[-70.28073, 43.6449], [-70.28146, 43.64644]]}}, {"type": "Feature", "properties": {"id": "185328472", "q": "great", "t": "ped", "c": "yes", "name": "Fore River Parkway"}, "geometry": {"type": "LineString", "coordinates": [[-70.2784, 43.64426], [-70.27753, 43.64403]]}}, {"type": "Feature", "properties": {"id": "185328474", "q": "great", "t": "ped", "c": "yes", "name": "Fore River Parkway"}, "geometry": {"type": "LineString", "coordinates": [[-70.27597, 43.64352], [-70.27379, 43.64321], [-70.27263, 43.64325], [-70.26599, 43.64495]]}}, {"type": "Feature", "properties": {"id": "185328479", "q": "great", "t": "ped", "c": "yes", "name": "Fore River Parkway"}, "geometry": {"type": "LineString", "coordinates": [[-70.28004, 43.64443], [-70.2784, 43.64426]]}}, {"type": "Feature", "properties": {"id": "229750194", "q": "great", "t": "rail", "c": "yes", "name": "Eastern Trail"}, "geometry": {"type": "LineString", "coordinates": [[-70.23616, 43.65434], [-70.23611, 43.6546], [-70.23537, 43.65534]]}}, {"type": "Feature", "properties": {"id": "253372649", "q": "great", "t": "ped", "c": "yes", "name": "Fore River Parkway"}, "geometry": {"type": "LineString", "coordinates": [[-70.27842, 43.64455], [-70.27983, 43.64469]]}}, {"type": "Feature", "properties": {"id": "253372650", "q": "great", "t": "ped", "c": "yes", "name": "Fore River Parkway"}, "geometry": {"type": "LineString", "coordinates": [[-70.27983, 43.64469], [-70.28073, 43.6449], [-70.28057, 43.64442]]}}, {"type": "Feature", "properties": {"id": "372910051", "q": "great", "t": "hiking", "c": "no", "name": "Tuckerman Ravine Trail"}, "geometry": {"type": "LineString", "coordinates": [[-71.2562, 44.26073], [-71.25639, 44.26048], [-71.25692, 44.26054], [-71.25776, 44.25957], [-71.25796, 44.25967], [-71.25827, 44.26057], [-71.25858, 44.26076], [-71.25909, 44.26076], [-71.25911, 44.26016], [-71.25957, 44.25984], [-71.25989, 44.26014], [-71.25996, 44.26075], [-71.2602, 44.26101], [-71.26226, 44.26163], [-71.26445, 44.26138], [-71.2683, 44.26158], [-71.27114, 44.2621], [-71.27313, 44.26262], [-71.27405, 44.26304]]}}, {"type": "Feature", "properties": {"id": "376547635", "q": "great", "t": "hiking", "c": "no", "name": "Tuckerman Ravine Trail"}, "geometry": {"type": "LineString", "coordinates": [[-71.27581, 44.26353], [-71.27636, 44.26385], [-71.27766, 44.264], [-71.2779, 44.26381], [-71.27796, 44.26312], [-71.2792, 44.26255], [-71.27948, 44.26196], [-71.27996, 44.26153], [-71.28094, 44.26127], [-71.28315, 44.26236], [-71.28338, 44.2617], [-71.28542, 44.26035], [-71.28604, 44.26024], [-71.28634, 44.25989], [-71.28682, 44.25996], [-71.28727, 44.26036], [-71.28824, 44.2604], [-71.29101, 44.26129], [-71.29292, 44.26119], [-71.29441, 44.26134], [-71.29512, 44.26171], [-71.29624, 44.26174], [-71.29737, 44.2623], [-71.29751, 44.2626], [-71.29743, 44.26343], [-71.29917, 44.2628], [-71.30059, 44.26297], [-71.30179, 44.2635], [-71.30239, 44.26355], [-71.30236, 44.26453], [-71.302, 44.26562], [-71.30225, 44.26614], [-71.30222, 44.26747], [-71.30171, 44.26841], [-71.30199, 44.26887], [-71.30199, 44.26961]]}}, {"type": "Feature", "properties": {"id": "471319326", "q": null, "t": "rail", "c": "yes", "name": "Eastern Trail"}, "geometry": {"type": "LineString", "coordinates": [[-70.25591, 43.63456], [-70.25583, 43.63458]]}}, {"type": "Feature", "properties": {"id": "481898761", "q": "good", "t": "hiking", "c": "no", "name": "Wildcat Trail"}, "geometry": {"type": "LineString", "coordinates": [[-71.22499, 44.24891], [-71.22488, 44.24858], [-71.22535, 44.24823], [-71.22524, 44.24817], [-71.22433, 44.24858], [-71.22351, 44.24856], [-71.22304, 44.24832], [-71.22217, 44.24834], [-71.22253, 44.24784], [-71.22331, 44.24747], [-71.2237, 44.2467], [-71.22424, 44.2462], [-71.22378, 44.24597], [-71.22428, 44.24557], [-71.22446, 44.24515], [-71.22463, 44.24379], [-71.22571, 44.24256], [-71.22593, 44.242], [-71.22737, 44.24117], [-71.22805, 44.24053], [-71.22807, 44.23974], [-71.22837, 44.23955], [-71.22835, 44.2391], [-71.22909, 44.23831], [-71.22876, 44.23631], [-71.22838, 44.23588], [-71.22849, 44.23538], [-71.22801, 44.23513], [-71.22757, 44.2341], [-71.22713, 44.23382], [-71.22803, 44.23342], [-71.22755, 44.23317], [-71.2283, 44.23267], [-71.22775, 44.23222], [-71.22782, 44.23156], [-71.2273, 44.23132], [-71.22719, 44.23101], [-71.22637, 44.23086], [-71.22593, 44.2306], [-71.22563, 44.23025], [-71.22564, 44.22939], [-71.22551, 44.22923], [-71.225, 44.22921], [-71.22492, 44.22875], [-71.2254, 44.22848], [-71.22426, 44.22678], [-71.22431, 44.2264], [-71.22417, 44.22626], [-71.22452, 44.22582], [-71.22442, 44.22534], [-71.22192, 44.22459], [-71.22074, 44.22459], [-71.21994, 44.22421], [-71.21896, 44.22318], [-71.21835, 44.22129], [-71.21748, 44.22023], [-71.21761, 44.21985]]}}, {"type": "Feature", "properties": {"id": "544856635", "q": "great", "t": "ped", "c": "yes", "name": "Fore River Parkway"}, "geometry": {"type": "LineString", "coordinates": [[-70.28321, 43.64908], [-70.28375, 43.64912]]}}, {"type": "Feature", "properties": {"id": "544856638", "q": "great", "t": "ped", "c": "yes", "name": "Fore River Parkway"}, "geometry": {"type": "LineString", "coordinates": [[-70.28332, 43.64912], [-70.283, 43.64944]]}}, {"type": "Feature", "properties": {"id": "544856647", "q": "great", "t": "ped", "c": "yes", "name": "Fore River Parkway"}, "geometry": {"type": "LineString", "coordinates": [[-70.28287, 43.64934], [-70.28308, 43.64903]]}}, {"type": "Feature", "properties": {"id": "549005374", "q": "great", "t": "rail", "c": "yes", "name": "Close the Gap Eastern Trail"}, "geometry": {"type": "LineString", "coordinates": [[-70.31699, 43.59556], [-70.31583, 43.59497], [-70.31427, 43.59465], [-70.31428, 43.59524], [-70.3138, 43.59557], [-70.31203, 43.5957], [-70.31134, 43.59659], [-70.3102, 43.59747], [-70.30975, 43.59819], [-70.3091, 43.59871], [-70.30909, 43.59937], [-70.30975, 43.60025]]}}, {"type": "Feature", "properties": {"id": "806484231", "q": null, "t": "rail", "c": "yes", "name": "Eastern Trail"}, "geometry": {"type": "LineString", "coordinates": [[-70.25652, 43.63433], [-70.25852, 43.63384]]}}, {"type": "Feature", "properties": {"id": "853954633", "q": "great", "t": "rail", "c": "yes", "name": "Eastern Trail"}, "geometry": {"type": "LineString", "coordinates": [[-70.23462, 43.64851], [-70.23378, 43.65091]]}}, {"type": "Feature", "properties": {"id": "855594006", "q": "great", "t": "ped", "c": "yes", "name": "Fore River Parkway"}, "geometry": {"type": "LineString", "coordinates": [[-70.27759, 43.64448], [-70.27842, 43.64455]]}}, {"type": "Feature", "properties": {"id": "855594008", "q": "great", "t": "ped", "c": "yes", "name": "Fore River Parkway"}, "geometry": {"type": "LineString", "coordinates": [[-70.27597, 43.64352], [-70.27195, 43.64423]]}}, {"type": "Feature", "properties": {"id": "855596139", "q": "great", "t": "ped", "c": "yes", "name": "Fore River Parkway"}, "geometry": {"type": "LineString", "coordinates": [[-70.28335, 43.64795], [-70.28392, 43.64879], [-70.2843, 43.65018]]}}, {"type": "Feature", "properties": {"id": "855915223", "q": "great", "t": "rail", "c": "yes", "name": "Eastern Trail"}, "geometry": {"type": "LineString", "coordinates": [[-70.23353, 43.65114], [-70.23334, 43.65168], [-70.23345, 43.65197], [-70.23301, 43.65318], [-70.23537, 43.65534]]}}, {"type": "Feature", "properties": {"id": "855915225", "q": "great", "t": "rail", "c": "yes", "name": "Eastern Trail"}, "geometry": {"type": "LineString", "coordinates": [[-70.23718, 43.64506], [-70.23653, 43.64577]]}}, {"type": "Feature", "properties": {"id": "855915228", "q": "great", "t": "rail", "c": "yes", "name": "Eastern Trail"}, "geometry": {"type": "LineString", "coordinates": [[-70.23798, 43.6442], [-70.23742, 43.64479]]}}, {"type": "Feature", "properties": {"id": "855915231", "q": "great", "t": "rail", "c": "yes", "name": "Eastern Trail"}, "geometry": {"type": "LineString", "coordinates": [[-70.24142, 43.64365], [-70.24003, 43.6438]]}}, {"type": "Feature", "properties": {"id": "855915232", "q": "great", "t": "rail", "c": "yes", "name": "Eastern Trail"}, "geometry": {"type": "LineString", "coordinates": [[-70.23986, 43.64382], [-70.23821, 43.64408]]}}, {"type": "Feature", "properties": {"id": "1052132867", "q": "great", "t": "ped", "c": "yes", "name": "Fore River Parkway"}, "geometry": {"type": "LineString", "coordinates": [[-70.28188, 43.64651], [-70.28335, 43.64795]]}}, {"type": "Feature", "properties": {"id": "1052354524", "q": null, "t": "rail", "c": "yes", "name": "Eastern Trail"}, "geometry": {"type": "LineString", "coordinates": [[-70.25626, 43.63467], [-70.25592, 43.63457]]}}, {"type": "Feature", "properties": {"id": "1052354527", "q": "great", "t": "rail", "c": "yes", "name": "Eastern Trail"}, "geometry": {"type": "LineString", "coordinates": [[-70.23735, 43.64488], [-70.23718, 43.64506]]}}, {"type": "Feature", "properties": {"id": "1052354528", "q": "great", "t": "rail", "c": "yes", "name": "Eastern Trail"}, "geometry": {"type": "LineString", "coordinates": [[-70.23653, 43.64577], [-70.23605, 43.64615]]}}, {"type": "Feature", "properties": {"id": "1052354531", "q": "great", "t": "rail", "c": "yes", "name": "Eastern Trail"}, "geometry": {"type": "LineString", "coordinates": [[-70.23605, 43.64615], [-70.23568, 43.64663]]}}, {"type": "Feature", "properties": {"id": "1052354532", "q": "great", "t": "rail", "c": "yes", "name": "Eastern Trail"}, "geometry": {"type": "LineString", "coordinates": [[-70.2349, 43.64761], [-70.23456, 43.6482]]}}, {"type": "Feature", "properties": {"id": "1112056499", "q": "great", "t": "rail", "c": "yes", "name": "Eastern Trail"}, "geometry": {"type": "LineString", "coordinates": [[-70.24377, 43.64231], [-70.24153, 43.64362]]}}, {"type": "Feature", "properties": {"id": "1112056501", "q": "great", "t": "rail", "c": "yes", "name": "Eastern Trail"}, "geometry": {"type": "LineString", "coordinates": [[-70.25224, 43.63501], [-70.25136, 43.63522], [-70.2494, 43.63645]]}}, {"type": "Feature", "properties": {"id": "1112056512", "q": null, "t": "rail", "c": "yes", "name": "Eastern Trail"}, "geometry": {"type": "LineString", "coordinates": [[-70.25576, 43.63458], [-70.25242, 43.63499]]}}, {"type": "Feature", "properties": {"id": "1112056548", "q": "great", "t": "rail", "c": "yes", "name": "Eastern Trail"}, "geometry": {"type": "LineString", "coordinates": [[-70.27153, 43.63326], [-70.2719, 43.63322], [-70.27756, 43.62807]]}}, {"type": "Feature", "properties": {"id": "1112056550", "q": "good", "t": "ped", "c": "yes", "name": "Sidewalk"}, "geometry": {"type": "LineString", "coordinates": [[-70.28148, 43.6282], [-70.2812, 43.62851], [-70.27758, 43.62771]]}}, {"type": "Feature", "properties": {"id": "1112056556", "q": "poor", "t": "sidewalk", "c": "yes", "name": null}, "geometry": {"type": "LineString", "coordinates": [[-70.27754, 43.62807], [-70.27831, 43.62805], [-70.28117, 43.62877]]}}, {"type": "Feature", "properties": {"id": "1112056563", "q": "great", "t": "rail", "c": "yes", "name": "Eastern Trail"}, "geometry": {"type": "LineString", "coordinates": [[-70.26824, 43.63438], [-70.26653, 43.63429]]}}, {"type": "Feature", "properties": {"id": "1112056568", "q": "great", "t": "rail", "c": "yes", "name": "Eastern Trail"}, "geometry": {"type": "LineString", "coordinates": [[-70.25936, 43.63374], [-70.25927, 43.63374]]}}, {"type": "Feature", "properties": {"id": "1163930663", "q": "great", "t": "ped", "c": "yes", "name": "Fore River Parkway"}, "geometry": {"type": "LineString", "coordinates": [[-70.27696, 43.64493], [-70.27728, 43.64428], [-70.27597, 43.64352]]}}, {"type": "Feature", "properties": {"id": "1209070080", "q": "great", "t": "ped", "c": "yes", "name": "Veterans Memorial parkway"}, "geometry": {"type": "LineString", "coordinates": [[-70.28825, 43.63411], [-70.29026, 43.63194]]}}, {"type": "Feature", "properties": {"id": "1309430074", "q": "good", "t": "ped", "c": "yes", "name": "Sidewalk"}, "geometry": {"type": "LineString", "coordinates": [[-70.28156, 43.62857], [-70.28238, 43.62863]]}}, {"type": "Feature", "properties": {"id": "1309430075", "q": "good", "t": "ped", "c": "yes", "name": "Sidewalk"}, "geometry": {"type": "LineString", "coordinates": [[-70.28254, 43.62864], [-70.28464, 43.62894]]}}, {"type": "Feature", "properties": {"id": "1309430076", "q": "good", "t": "ped", "c": "yes", "name": "Sidewalk"}, "geometry": {"type": "LineString", "coordinates": [[-70.28474, 43.62897], [-70.28638, 43.62958]]}}, {"type": "Feature", "properties": {"id": "1311056105", "q": "good", "t": "ped", "c": "yes", "name": "Sidewalk"}, "geometry": {"type": "LineString", "coordinates": [[-70.28658, 43.63115], [-70.28684, 43.63102], [-70.28742, 43.62991]]}}, {"type": "Feature", "properties": {"id": "1448292996", "q": "great", "t": "ped", "c": "yes", "name": "Fore River Parkway"}, "geometry": {"type": "LineString", "coordinates": [[-70.2816, 43.64655], [-70.28162, 43.6466]]}}, {"type": "Feature", "properties": {"id": "1483955325", "q": "good", "t": "ped", "c": "yes", "name": "Sidewalk"}, "geometry": {"type": "LineString", "coordinates": [[-70.28156, 43.62857], [-70.28151, 43.62851]]}}, {"type": "Feature", "properties": {"id": "1485022526", "q": "good", "t": "ped", "c": "yes", "name": "Sidewalk"}, "geometry": {"type": "LineString", "coordinates": [[-70.28891, 43.63012], [-70.28676, 43.62983], [-70.28534, 43.62932]]}}, {"type": "Feature", "properties": {"id": "1485025572", "q": "good", "t": "sidewalk", "c": "yes", "name": null}, "geometry": {"type": "LineString", "coordinates": [[-70.29158, 43.6304], [-70.28907, 43.63016]]}}, {"type": "Feature", "properties": {"id": "1485029035", "q": "great", "t": "ped", "c": "yes", "name": null}, "geometry": {"type": "LineString", "coordinates": [[-70.29035, 43.63184], [-70.29158, 43.6304]]}}, {"type": "Feature", "properties": {"id": "1485137912", "q": "great", "t": "rail", "c": "yes", "name": "Eastern Trail"}, "geometry": {"type": "LineString", "coordinates": [[-70.25766, 43.6339], [-70.25926, 43.63367]]}}, {"type": "Feature", "properties": {"id": "1485453167", "q": null, "t": "rail", "c": "yes", "name": "Eastern Trail"}, "geometry": {"type": "LineString", "coordinates": [[-70.25641, 43.63438], [-70.2564, 43.6344]]}}, {"type": "Feature", "properties": {"id": "gpx_ptittrain", "q": "great", "t": "rail", "c": "yes", "name": "Le P'tit Train du Nord"}, "geometry": {"type": "LineString", "coordinates": [[-73.9996, 45.77445], [-74.00001, 45.77558], [-73.99988, 45.77595], [-74.00014, 45.77629], [-74.00006, 45.77719], [-73.99988, 45.77772], [-73.99937, 45.77846], [-73.99757, 45.77974], [-73.99718, 45.7801], [-73.99672, 45.78092], [-73.99659, 45.78103], [-73.99654, 45.78149], [-73.99671, 45.78765], [-73.99685, 45.79083], [-73.99699, 45.79171], [-73.99736, 45.79245], [-73.99798, 45.79322], [-74.00019, 45.79498], [-74.00043, 45.79504], [-74.00046, 45.79539], [-74.00084, 45.79558], [-74.01031, 45.80578], [-74.01097, 45.80632], [-74.01186, 45.80686], [-74.01282, 45.80732], [-74.01416, 45.80769], [-74.01617, 45.80808], [-74.01759, 45.80845], [-74.01901, 45.80905], [-74.01998, 45.80974], [-74.02131, 45.81115], [-74.02192, 45.81166], [-74.02253, 45.81194], [-74.0232, 45.8121], [-74.02386, 45.81217], [-74.02471, 45.81214], [-74.02558, 45.81188], [-74.0261, 45.81162], [-74.02746, 45.81051], [-74.02839, 45.81015], [-74.02901, 45.81003], [-74.0332, 45.81017], [-74.03494, 45.81065], [-74.0396, 45.8122], [-74.04054, 45.81261], [-74.04147, 45.81322], [-74.04249, 45.81425], [-74.04304, 45.81469], [-74.04363, 45.81504], [-74.04584, 45.81583], [-74.04745, 45.81656], [-74.04862, 45.81745], [-74.04932, 45.81823], [-74.0551, 45.82758], [-74.0562, 45.83006], [-74.05872, 45.83666], [-74.05935, 45.83988], [-74.06002, 45.84431], [-74.06024, 45.84504], [-74.0607, 45.84574], [-74.06397, 45.84867], [-74.06434, 45.84909], [-74.0646, 45.84946], [-74.06617, 45.85283], [-74.06649, 45.85394], [-74.06649, 45.85481], [-74.06627, 45.85656], [-74.06631, 45.85714], [-74.06794, 45.86351], [-74.06993, 45.86825], [-74.07072, 45.86989], [-74.0712, 45.87046], [-74.07206, 45.87106], [-74.07402, 45.87192], [-74.07493, 45.87247], [-74.07552, 45.87308], [-74.07611, 45.87429], [-74.07642, 45.87476], [-74.07684, 45.8752], [-74.07744, 45.87561], [-74.07973, 45.87688], [-74.08065, 45.87753], [-74.08146, 45.87866], [-74.08174, 45.8795], [-74.08208, 45.88017], [-74.08239, 45.88053], [-74.0828, 45.88083], [-74.08348, 45.88118], [-74.08557, 45.88189], [-74.09042, 45.88285], [-74.09108, 45.88302], [-74.09174, 45.88332], [-74.0963, 45.88667], [-74.10058, 45.88827], [-74.10451, 45.89075], [-74.11036, 45.89326], [-74.11208, 45.89437], [-74.11227, 45.89459], [-74.11281, 45.8957], [-74.11304, 45.89598], [-74.11336, 45.89618], [-74.1142, 45.89648], [-74.11515, 45.89651], [-74.11629, 45.89614], [-74.1176, 45.89535], [-74.11858, 45.89493], [-74.11984, 45.89488], [-74.12071, 45.89512], [-74.12172, 45.89592], [-74.12415, 45.8972], [-74.12552, 45.89808], [-74.12618, 45.8986], [-74.12758, 45.89996], [-74.12913, 45.90191], [-74.1302, 45.90253], [-74.13065, 45.90318], [-74.13067, 45.90368], [-74.13012, 45.9047], [-74.13002, 45.90516], [-74.13032, 45.90578], [-74.13077, 45.90624], [-74.13113, 45.90643], [-74.13483, 45.90753], [-74.13605, 45.90778], [-74.1373, 45.90829], [-74.13802, 45.90884], [-74.13855, 45.90947], [-74.13889, 45.90969], [-74.13926, 45.90986], [-74.1407, 45.91022], [-74.1411, 45.91039], [-74.14149, 45.91068], [-74.14173, 45.91104], [-74.1422, 45.9129], [-74.1422, 45.91377], [-74.14195, 45.91475], [-74.14137, 45.91611], [-74.13957, 45.91737], [-74.1391, 45.91792], [-74.13884, 45.91845], [-74.13879, 45.91888], [-74.13884, 45.91932], [-74.13996, 45.9212], [-74.14006, 45.92158], [-74.13992, 45.92232], [-74.13948, 45.92294], [-74.13755, 45.92426], [-74.13705, 45.92448], [-74.1351, 45.92471], [-74.13418, 45.92496], [-74.13353, 45.92543], [-74.13264, 45.9265], [-74.13076, 45.92786], [-74.12844, 45.9292], [-74.12709, 45.92987], [-74.12667, 45.93], [-74.1252, 45.93013], [-74.12334, 45.93046], [-74.12274, 45.93082], [-74.12227, 45.93124], [-74.12178, 45.932], [-74.1217, 45.93275], [-74.12257, 45.9347], [-74.12342, 45.93602], [-74.12342, 45.93672], [-74.12324, 45.93705], [-74.12255, 45.93759], [-74.12057, 45.93836], [-74.11994, 45.9388], [-74.11942, 45.93939], [-74.11912, 45.93993], [-74.11902, 45.94051], [-74.11902, 45.94137], [-74.11884, 45.94185], [-74.11846, 45.94246], [-74.11798, 45.94281], [-74.1158, 45.94365], [-74.11509, 45.94429], [-74.1137, 45.94579], [-74.11321, 45.94642], [-74.11284, 45.94711], [-74.1127, 45.94758], [-74.11273, 45.9486], [-74.11318, 45.95022], [-74.11324, 45.95098], [-74.11229, 45.95305], [-74.11197, 45.95349], [-74.11139, 45.954], [-74.10759, 45.9565], [-74.10487, 45.9579], [-74.10404, 45.95858], [-74.10195, 45.96181], [-74.10115, 45.96321], [-74.10096, 45.96379], [-74.10076, 45.96554], [-74.10062, 45.96611], [-74.10043, 45.96649], [-74.09875, 45.9682], [-74.09857, 45.96876], [-74.09861, 45.96927], [-74.09879, 45.96972], [-74.09922, 45.97016], [-74.10048, 45.97113], [-74.10231, 45.97411], [-74.10482, 45.97737], [-74.1055, 45.97835], [-74.10635, 45.97993], [-74.10703, 45.98064], [-74.10761, 45.98165], [-74.10923, 45.98296], [-74.10939, 45.98321], [-74.10948, 45.98452], [-74.10965, 45.98547], [-74.1096, 45.98573], [-74.10872, 45.98691], [-74.10858, 45.98724], [-74.10849, 45.98786], [-74.10854, 45.9882], [-74.10886, 45.98893], [-74.1096, 45.98981], [-74.10993, 45.99003], [-74.11029, 45.99015], [-74.11104, 45.99028], [-74.11143, 45.99029], [-74.11226, 45.99009], [-74.11263, 45.98993], [-74.11325, 45.98936], [-74.1143, 45.98759], [-74.11494, 45.98711], [-74.11584, 45.98685], [-74.11678, 45.98689], [-74.11752, 45.98707], [-74.11782, 45.98723], [-74.11809, 45.98751], [-74.11842, 45.98821], [-74.11834, 45.98879], [-74.11776, 45.98981], [-74.11773, 45.99051], [-74.11809, 45.99284], [-74.11838, 45.99334], [-74.11868, 45.99358], [-74.11938, 45.99393], [-74.12005, 45.99407], [-74.12188, 45.99408], [-74.12363, 45.99438], [-74.1258, 45.9942], [-74.12711, 45.99425], [-74.12896, 45.99459], [-74.13292, 45.99488], [-74.1348, 45.99524], [-74.13572, 45.99531], [-74.13694, 45.99523], [-74.13767, 45.99546], [-74.13801, 45.99566], [-74.13852, 45.99621], [-74.13862, 45.9965], [-74.13867, 45.9973], [-74.13911, 45.99796], [-74.1397, 45.99839], [-74.14141, 45.99882], [-74.14202, 45.99915], [-74.14328, 46.00106], [-74.14381, 46.00156], [-74.14461, 46.00186], [-74.14666, 46.00201], [-74.14732, 46.00229], [-74.14778, 46.00262], [-74.14802, 46.00299], [-74.14858, 46.00663], [-74.14871, 46.00701], [-74.14906, 46.00745], [-74.1499, 46.00799], [-74.15078, 46.00818], [-74.15192, 46.0081], [-74.15363, 46.00747], [-74.15575, 46.00701], [-74.15611, 46.00686], [-74.15719, 46.00604], [-74.15785, 46.00569], [-74.15928, 46.00559], [-74.16005, 46.00582], [-74.16232, 46.00744], [-74.16314, 46.00783], [-74.16525, 46.00814], [-74.16583, 46.00842], [-74.16656, 46.00896], [-74.16785, 46.00947], [-74.17018, 46.00986], [-74.17282, 46.01066], [-74.17734, 46.01305], [-74.18102, 46.01444], [-74.18157, 46.01471], [-74.18218, 46.01508], [-74.18369, 46.01633], [-74.1847, 46.01686], [-74.18541, 46.01708], [-74.18732, 46.01748], [-74.18854, 46.01798], [-74.18932, 46.01865], [-74.19035, 46.01995], [-74.19161, 46.02121], [-74.1926, 46.02202], [-74.19392, 46.02297], [-74.20059, 46.0274], [-74.20258, 46.02859], [-74.20501, 46.02986], [-74.20643, 46.03055], [-74.20959, 46.03189], [-74.2102, 46.03223], [-74.21054, 46.0326], [-74.21073, 46.03294], [-74.21092, 46.03377], [-74.21121, 46.03451], [-74.21215, 46.0352], [-74.21391, 46.036], [-74.21566, 46.03766], [-74.21663, 46.0382], [-74.22444, 46.04156], [-74.22676, 46.0424], [-74.22798, 46.04276], [-74.23911, 46.04472], [-74.24021, 46.04477], [-74.24264, 46.04437], [-74.24308, 46.04436], [-74.24671, 46.04475], [-74.24739, 46.04491], [-74.25079, 46.04645], [-74.25193, 46.04706], [-74.25287, 46.04739], [-74.25437, 46.04745], [-74.25654, 46.0471], [-74.26175, 46.0472], [-74.2636, 46.04759], [-74.26525, 46.04855], [-74.26648, 46.04897], [-74.26875, 46.04894], [-74.27189, 46.05006], [-74.27226, 46.05012], [-74.27355, 46.05015], [-74.27793, 46.0498], [-74.27926, 46.04976], [-74.28039, 46.04996], [-74.28099, 46.05022], [-74.28166, 46.05069], [-74.28204, 46.05132], [-74.2842, 46.05701], [-74.28449, 46.05752], [-74.28506, 46.05801], [-74.28704, 46.05912], [-74.2887, 46.05988], [-74.28968, 46.05997], [-74.29169, 46.05983], [-74.29236, 46.05986], [-74.29319, 46.06003], [-74.29486, 46.06071], [-74.29992, 46.06147], [-74.30828, 46.06489], [-74.30902, 46.06527], [-74.31231, 46.06731], [-74.31317, 46.06792], [-74.31379, 46.06856], [-74.31649, 46.07614], [-74.31689, 46.07683], [-74.31747, 46.07736], [-74.31848, 46.07798], [-74.31967, 46.07857], [-74.32978, 46.08073], [-74.3347, 46.0834], [-74.33548, 46.08369], [-74.33628, 46.0838], [-74.33759, 46.08414], [-74.33898, 46.08472], [-74.33959, 46.08506], [-74.34036, 46.08579], [-74.34086, 46.08689], [-74.34137, 46.08753], [-74.34427, 46.08987], [-74.3449, 46.09059], [-74.34611, 46.093], [-74.34703, 46.09355], [-74.34777, 46.09383], [-74.35199, 46.09504], [-74.36129, 46.09723], [-74.36199, 46.0975], [-74.36269, 46.09799], [-74.36306, 46.09865], [-74.36384, 46.10287], [-74.36401, 46.1032], [-74.3643, 46.1035], [-74.36489, 46.10384], [-74.36559, 46.10401], [-74.36625, 46.10401], [-74.3683, 46.10346], [-74.36947, 46.10323], [-74.3709, 46.1032], [-74.38204, 46.104], [-74.38788, 46.10467], [-74.38911, 46.10463], [-74.39024, 46.10444], [-74.39211, 46.10392], [-74.39302, 46.10387], [-74.3942, 46.10403], [-74.40029, 46.10565], [-74.40185, 46.10581], [-74.40365, 46.10565], [-74.40802, 46.10449], [-74.41103, 46.1038], [-74.41228, 46.10382], [-74.41336, 46.1041], [-74.4143, 46.1046], [-74.41504, 46.10537], [-74.41683, 46.10755], [-74.41695, 46.10804], [-74.41674, 46.10919], [-74.41702, 46.10981], [-74.41727, 46.11007], [-74.41789, 46.11042], [-74.41888, 46.11062], [-74.4198, 46.11069], [-74.42039, 46.11085], [-74.42361, 46.1122], [-74.42462, 46.11278], [-74.42616, 46.11419], [-74.42743, 46.11491], [-74.42824, 46.11551], [-74.43102, 46.12042], [-74.43114, 46.12076], [-74.43121, 46.12115], [-74.43114, 46.12172], [-74.43083, 46.12264], [-74.43095, 46.12336], [-74.43161, 46.12407], [-74.43299, 46.12467], [-74.43444, 46.12498], [-74.43587, 46.12501], [-74.45731, 46.12391], [-74.45992, 46.12373], [-74.46375, 46.1232], [-74.4654, 46.12349], [-74.46624, 46.12345], [-74.46669, 46.12334], [-74.46727, 46.12305], [-74.46765, 46.1227], [-74.46789, 46.12224], [-74.46791, 46.12175], [-74.46783, 46.12152], [-74.46695, 46.1203], [-74.46682, 46.11992], [-74.46687, 46.11957], [-74.46713, 46.1191], [-74.46817, 46.11782], [-74.46855, 46.11756], [-74.46969, 46.11725], [-74.47061, 46.11728], [-74.47139, 46.11757], [-74.47194, 46.11801], [-74.47222, 46.11856], [-74.47224, 46.11894], [-74.47198, 46.11955], [-74.47147, 46.12012], [-74.47124, 46.12068], [-74.47124, 46.12103], [-74.47191, 46.12239], [-74.47185, 46.12286], [-74.47167, 46.12322], [-74.47129, 46.12362], [-74.47017, 46.12444], [-74.46999, 46.12468], [-74.46986, 46.12509], [-74.46995, 46.12567], [-74.47022, 46.12622], [-74.47033, 46.12673], [-74.46994, 46.1279], [-74.46996, 46.12824], [-74.4702, 46.12872], [-74.47039, 46.12892], [-74.47198, 46.1301], [-74.47331, 46.13067], [-74.47537, 46.13076], [-74.47596, 46.13095], [-74.47636, 46.1312], [-74.47683, 46.13168], [-74.47695, 46.13206], [-74.47698, 46.13276], [-74.47729, 46.13347], [-74.47798, 46.13405], [-74.4785, 46.13432], [-74.47958, 46.13471], [-74.48076, 46.13485], [-74.48191, 46.13466], [-74.48215, 46.13453], [-74.48319, 46.13345], [-74.48377, 46.13317], [-74.48469, 46.13301], [-74.48557, 46.13315], [-74.48721, 46.13367], [-74.48873, 46.13396], [-74.48962, 46.13379], [-74.49053, 46.1335], [-74.4916, 46.13304], [-74.49231, 46.13254], [-74.49265, 46.13184], [-74.4926, 46.1306], [-74.4928, 46.13017], [-74.49353, 46.12944], [-74.49405, 46.12837], [-74.49458, 46.12778], [-74.49547, 46.12733], [-74.49675, 46.12614], [-74.49861, 46.12476], [-74.49886, 46.12444], [-74.49901, 46.12329], [-74.49931, 46.12276], [-74.50077, 46.12189], [-74.50096, 46.12161], [-74.50161, 46.11955], [-74.50187, 46.1172], [-74.50178, 46.11665], [-74.50121, 46.1158], [-74.50093, 46.11515], [-74.50089, 46.11446], [-74.5011, 46.11388], [-74.50156, 46.11342], [-74.50215, 46.11304], [-74.50326, 46.11265], [-74.50523, 46.11174], [-74.50605, 46.11158], [-74.50703, 46.11174], [-74.50755, 46.11197], [-74.50825, 46.11246], [-74.50905, 46.11275], [-74.51041, 46.11272], [-74.51175, 46.1123], [-74.51285, 46.11225], [-74.51542, 46.11256], [-74.51605, 46.11275], [-74.51659, 46.11305], [-74.51735, 46.11363], [-74.51775, 46.11431], [-74.51783, 46.11459], [-74.51787, 46.1165], [-74.51798, 46.11717], [-74.51923, 46.12029], [-74.51991, 46.12146], [-74.52123, 46.1225], [-74.52788, 46.12571], [-74.5285, 46.12589], [-74.5315, 46.12637], [-74.53561, 46.12587], [-74.53613, 46.12564], [-74.5377, 46.12463], [-74.54025, 46.12395], [-74.54143, 46.12395], [-74.54267, 46.12412], [-74.5439, 46.12455], [-74.55087, 46.12886], [-74.55226, 46.12931], [-74.55325, 46.12933], [-74.56502, 46.12773], [-74.56781, 46.12681], [-74.5686, 46.12662], [-74.56916, 46.12659], [-74.57048, 46.12666], [-74.57223, 46.12704], [-74.573, 46.12741], [-74.57455, 46.12836], [-74.5752, 46.1286], [-74.5758, 46.12875], [-74.57797, 46.12879], [-74.58137, 46.13001], [-74.58231, 46.13001], [-74.58284, 46.12991], [-74.585, 46.12896], [-74.58562, 46.12874], [-74.58619, 46.12866], [-74.58674, 46.12868], [-74.58789, 46.12891], [-74.5893, 46.12944], [-74.59627, 46.13448], [-74.59688, 46.13522], [-74.59708, 46.13584], [-74.5969, 46.13685], [-74.59582, 46.14078], [-74.59445, 46.14332], [-74.59377, 46.14482], [-74.59367, 46.14526], [-74.5942, 46.15175], [-74.59464, 46.15259], [-74.59538, 46.15325], [-74.59598, 46.15358], [-74.59953, 46.15486], [-74.60028, 46.1554], [-74.60045, 46.15562], [-74.60058, 46.15607], [-74.60053, 46.15653], [-74.59978, 46.15759], [-74.59965, 46.15807], [-74.5998, 46.15872], [-74.60036, 46.15934], [-74.60089, 46.15959], [-74.60153, 46.15969], [-74.60478, 46.15967], [-74.60565, 46.15985], [-74.60732, 46.16043], [-74.60795, 46.16082], [-74.60886, 46.16161], [-74.61216, 46.16464], [-74.61327, 46.16503], [-74.61398, 46.16559], [-74.61649, 46.16856], [-74.61749, 46.16944], [-74.61896, 46.17013], [-74.62261, 46.1712], [-74.62297, 46.17137], [-74.62335, 46.17168], [-74.6237, 46.17222], [-74.62368, 46.17285], [-74.62225, 46.1776], [-74.62209, 46.17904], [-74.62214, 46.17987], [-74.62257, 46.18058], [-74.62941, 46.18593], [-74.63091, 46.1872], [-74.63114, 46.18771], [-74.63108, 46.18916], [-74.63113, 46.18946], [-74.63138, 46.18999], [-74.63205, 46.19094], [-74.63225, 46.19149], [-74.6322, 46.19212], [-74.63178, 46.19324], [-74.63145, 46.19486], [-74.63185, 46.1958], [-74.63332, 46.19639], [-74.63455, 46.19656], [-74.63643, 46.19708], [-74.63808, 46.19777], [-74.63851, 46.19833], [-74.63895, 46.19872], [-74.64002, 46.19946], [-74.6406, 46.19997], [-74.64127, 46.20095], [-74.64185, 46.20143], [-74.64258, 46.20192], [-74.64526, 46.2032], [-74.64597, 46.2037], [-74.64641, 46.20426], [-74.64654, 46.20463], [-74.64667, 46.20566], [-74.64681, 46.20595], [-74.64724, 46.20637], [-74.64766, 46.20662], [-74.64844, 46.20686], [-74.64958, 46.20688], [-74.65196, 46.20628], [-74.65361, 46.20606], [-74.65618, 46.20604], [-74.6587, 46.20531], [-74.66249, 46.20452], [-74.66463, 46.20368], [-74.66517, 46.20358], [-74.66605, 46.20357], [-74.66646, 46.20365], [-74.6689, 46.2046], [-74.6697, 46.2048], [-74.67036, 46.20491], [-74.67143, 46.20486], [-74.67623, 46.20354], [-74.67701, 46.20305], [-74.67752, 46.20246], [-74.67821, 46.20186], [-74.67848, 46.20172], [-74.67937, 46.20161], [-74.68026, 46.2017], [-74.6843, 46.20316], [-74.68497, 46.20352], [-74.68571, 46.20411], [-74.68601, 46.20445], [-74.6863, 46.20484], [-74.69525, 46.2208], [-74.70181, 46.23456], [-74.70259, 46.23631], [-74.70279, 46.23697], [-74.70358, 46.24078], [-74.70373, 46.24119], [-74.70537, 46.24462], [-74.7192, 46.2782], [-74.71949, 46.27882], [-74.72046, 46.28012], [-74.72164, 46.28127], [-74.72394, 46.28259], [-74.7249, 46.28301], [-74.72557, 46.28321], [-74.7275, 46.28361], [-74.72859, 46.28375], [-74.72954, 46.28382], [-74.73108, 46.28378], [-74.74229, 46.28259], [-74.74332, 46.28269], [-74.7439, 46.2829], [-74.74426, 46.28313], [-74.74459, 46.28347], [-74.74558, 46.28498], [-74.75167, 46.28985], [-74.75286, 46.29137], [-74.75449, 46.29388], [-74.75512, 46.29461], [-74.75628, 46.29574], [-74.75953, 46.29826], [-74.76052, 46.29877], [-74.76315, 46.29989], [-74.76404, 46.30037], [-74.7648, 46.30088], [-74.76531, 46.30143], [-74.76572, 46.30223], [-74.76609, 46.30371], [-74.76798, 46.31416], [-74.76816, 46.31501], [-74.76847, 46.31548], [-74.76928, 46.31622], [-74.77021, 46.31669], [-74.77617, 46.31806], [-74.77712, 46.31836], [-74.78225, 46.32105], [-74.78321, 46.32174], [-74.78436, 46.32297], [-74.78611, 46.32565], [-74.78633, 46.32608], [-74.78639, 46.32639], [-74.78635, 46.3268], [-74.78268, 46.34311], [-74.78215, 46.34517], [-74.78158, 46.34669], [-74.77975, 46.35008], [-74.7792, 46.35124], [-74.77914, 46.35151], [-74.77924, 46.35205], [-74.77948, 46.35254], [-74.7815, 46.35492], [-74.78188, 46.35526], [-74.78243, 46.3556], [-74.78362, 46.356], [-74.78686, 46.35675], [-74.78787, 46.35691], [-74.79123, 46.35721], [-74.79412, 46.35805], [-74.7952, 46.35818], [-74.8045, 46.35791], [-74.80514, 46.35794], [-74.80565, 46.35808], [-74.80808, 46.35936], [-74.81266, 46.36144], [-74.81421, 46.36305], [-74.8153, 46.36388], [-74.81847, 46.36537], [-74.81897, 46.366], [-74.81932, 46.36785], [-74.81949, 46.36825], [-74.81996, 46.36869], [-74.82076, 46.36914], [-74.82176, 46.36933], [-74.83206, 46.37038], [-74.84016, 46.37087], [-74.84624, 46.37203], [-74.84716, 46.37231], [-74.84842, 46.37288], [-74.84921, 46.3735], [-74.84973, 46.37402], [-74.85026, 46.37473], [-74.85512, 46.38198], [-74.86565, 46.40105], [-74.86597, 46.40179], [-74.86609, 46.40263], [-74.86583, 46.40597], [-74.86584, 46.40673], [-74.86593, 46.4071], [-74.86627, 46.40766], [-74.86685, 46.40817], [-74.86871, 46.40885], [-74.86918, 46.40923], [-74.86934, 46.40949], [-74.86963, 46.41102], [-74.86973, 46.41341], [-74.86991, 46.41421], [-74.87064, 46.41499], [-74.87162, 46.41563], [-74.87263, 46.41662], [-74.87305, 46.41694], [-74.87479, 46.41778], [-74.87529, 46.4181], [-74.8833, 46.42461], [-74.8839, 46.42517], [-74.88551, 46.42702], [-74.88716, 46.42809], [-74.89308, 46.43128], [-74.9018, 46.43867], [-74.90276, 46.43939], [-74.90408, 46.44022], [-74.90642, 46.44123], [-74.91742, 46.44547], [-74.91926, 46.44588], [-74.92031, 46.44599], [-74.92294, 46.44593], [-74.92432, 46.44576], [-74.92484, 46.44561], [-74.92736, 46.44456], [-74.93126, 46.44267], [-74.93224, 46.44192], [-74.94188, 46.43153], [-74.94257, 46.43064], [-74.9439, 46.42646], [-74.9448, 46.42329], [-74.94472, 46.42235], [-74.944, 46.41975], [-74.94402, 46.41879], [-74.94421, 46.41836], [-74.94456, 46.41786], [-74.94533, 46.41714], [-74.94618, 46.4166], [-74.94748, 46.41619], [-74.96686, 46.41396], [-74.96854, 46.41351], [-74.96965, 46.41299], [-74.97312, 46.41094], [-74.97386, 46.41041], [-74.98258, 46.40162], [-74.98458, 46.39978], [-74.98839, 46.39662], [-74.9929, 46.39308], [-74.99369, 46.39268], [-74.99498, 46.3923], [-74.99766, 46.39236], [-75.02866, 46.39439], [-75.03049, 46.39465], [-75.0312, 46.39485], [-75.03252, 46.39548], [-75.0436, 46.40424], [-75.04536, 46.4051], [-75.05099, 46.40725], [-75.05201, 46.40774], [-75.05353, 46.40865], [-75.05574, 46.4103], [-75.05711, 46.41148], [-75.05768, 46.41225], [-75.05796, 46.41283], [-75.05817, 46.41382], [-75.05793, 46.41936], [-75.05788, 46.42233], [-75.05798, 46.42295], [-75.05823, 46.42355], [-75.05868, 46.42421], [-75.05923, 46.42476], [-75.05996, 46.42524], [-75.06167, 46.42593], [-75.0666, 46.427], [-75.06799, 46.42764], [-75.07733, 46.43325], [-75.07878, 46.43439], [-75.08064, 46.43662], [-75.09212, 46.44415], [-75.09286, 46.44481], [-75.09406, 46.4464], [-75.09458, 46.44672], [-75.09549, 46.44704], [-75.09621, 46.4471], [-75.1002, 46.44647], [-75.10132, 46.44662], [-75.10203, 46.44692], [-75.10582, 46.4499], [-75.10664, 46.45064], [-75.10756, 46.4522], [-75.10815, 46.45285], [-75.11003, 46.45388], [-75.11082, 46.45447], [-75.11163, 46.45543], [-75.11239, 46.45754], [-75.11277, 46.45811], [-75.11741, 46.46126], [-75.11827, 46.46202], [-75.11849, 46.46232], [-75.11857, 46.46263], [-75.11853, 46.46463], [-75.11838, 46.46596], [-75.11807, 46.46678], [-75.11775, 46.46737], [-75.11657, 46.4687], [-75.11617, 46.46934], [-75.11583, 46.4707], [-75.11584, 46.47124], [-75.11604, 46.47182], [-75.11624, 46.4721], [-75.11657, 46.47239], [-75.11773, 46.47305], [-75.11818, 46.4736], [-75.11824, 46.47378], [-75.1182, 46.47415], [-75.11773, 46.47596], [-75.11773, 46.47631], [-75.11828, 46.47758], [-75.11841, 46.47831], [-75.11818, 46.47896], [-75.11519, 46.4832], [-75.1147, 46.48424], [-75.11469, 46.48466], [-75.11497, 46.48587], [-75.11522, 46.48636], [-75.11558, 46.48677], [-75.1188, 46.49], [-75.11973, 46.49067], [-75.12027, 46.49087], [-75.12133, 46.49105], [-75.12269, 46.49097], [-75.12355, 46.49069], [-75.12627, 46.4891], [-75.12739, 46.48897], [-75.12806, 46.48904], [-75.13528, 46.49107], [-75.13653, 46.49136], [-75.13715, 46.49148], [-75.13911, 46.49141], [-75.13978, 46.49156], [-75.14063, 46.49203], [-75.14479, 46.4957], [-75.14528, 46.49664], [-75.14582, 46.4985], [-75.14606, 46.49892], [-75.14648, 46.49933], [-75.14715, 46.49964], [-75.14757, 46.49974], [-75.15615, 46.49957], [-75.15747, 46.49964], [-75.15961, 46.50036], [-75.1606, 46.50057], [-75.1619, 46.50041], [-75.16994, 46.4988], [-75.17072, 46.49874], [-75.18893, 46.49898], [-75.19053, 46.49913], [-75.19126, 46.49935], [-75.19226, 46.49991], [-75.19902, 46.50559], [-75.20038, 46.50663], [-75.2017, 46.50737], [-75.20304, 46.50769], [-75.20368, 46.50774], [-75.20484, 46.50762], [-75.20615, 46.50723], [-75.21083, 46.50461], [-75.21175, 46.50413], [-75.21278, 46.50377], [-75.2225, 46.50109], [-75.22385, 46.5009], [-75.22907, 46.50086], [-75.22981, 46.50074], [-75.23238, 46.49992], [-75.23315, 46.49985], [-75.23418, 46.5], [-75.23492, 46.5004], [-75.23529, 46.50087], [-75.23774, 46.50536], [-75.2382, 46.5061], [-75.23857, 46.5065], [-75.23905, 46.5069], [-75.24018, 46.50754], [-75.24545, 46.50955], [-75.24589, 46.50979], [-75.24656, 46.51039], [-75.24683, 46.51118], [-75.24675, 46.51189], [-75.24639, 46.51345], [-75.2464, 46.51377], [-75.24655, 46.51432], [-75.2471, 46.51566], [-75.24712, 46.51642], [-75.24588, 46.51965], [-75.24549, 46.52033], [-75.24515, 46.52066], [-75.24433, 46.52108], [-75.24249, 46.52168], [-75.24217, 46.52194], [-75.24134, 46.52292], [-75.23909, 46.52627], [-75.23892, 46.52677], [-75.23901, 46.52758], [-75.23959, 46.52831], [-75.24047, 46.5288], [-75.24137, 46.52899], [-75.24255, 46.52892], [-75.24357, 46.52861], [-75.24446, 46.528], [-75.24784, 46.52485], [-75.24865, 46.52443], [-75.24925, 46.52433], [-75.25028, 46.52442], [-75.25262, 46.52515], [-75.25367, 46.52506], [-75.25432, 46.52482], [-75.25471, 46.5246], [-75.25614, 46.52324], [-75.25688, 46.52271], [-75.25762, 46.52241], [-75.25968, 46.52193], [-75.26063, 46.52146], [-75.26101, 46.52109], [-75.26141, 46.52035], [-75.26203, 46.51644], [-75.26222, 46.51601], [-75.26292, 46.51537], [-75.26325, 46.51515], [-75.26416, 46.51482], [-75.26928, 46.51382], [-75.27031, 46.51388], [-75.27097, 46.51411], [-75.27177, 46.51469], [-75.27511, 46.51832], [-75.27554, 46.51865], [-75.27665, 46.51923], [-75.279, 46.51986], [-75.27965, 46.52009], [-75.28081, 46.52068], [-75.28171, 46.5214], [-75.28299, 46.52277], [-75.2832, 46.52314], [-75.28328, 46.5235], [-75.28323, 46.52393], [-75.28283, 46.52457], [-75.2818, 46.52544], [-75.28155, 46.52599], [-75.28158, 46.5266], [-75.28282, 46.52825], [-75.2829, 46.52859], [-75.28288, 46.52959], [-75.28294, 46.52996], [-75.2831, 46.53023], [-75.28337, 46.5305], [-75.28484, 46.53154], [-75.28545, 46.53291], [-75.28574, 46.53408], [-75.28576, 46.53478], [-75.28512, 46.53627], [-75.28514, 46.53688], [-75.2853, 46.53721], [-75.28591, 46.53793], [-75.28687, 46.53853], [-75.28738, 46.53862], [-75.29199, 46.53888], [-75.29339, 46.53874], [-75.2941, 46.53851], [-75.29512, 46.53779], [-75.296, 46.53625], [-75.29685, 46.53551], [-75.29775, 46.53515], [-75.30077, 46.53469], [-75.30151, 46.53451], [-75.3024, 46.53411], [-75.3029, 46.53364], [-75.30338, 46.5324], [-75.30359, 46.53207], [-75.30617, 46.52955], [-75.30687, 46.52895], [-75.30751, 46.52855], [-75.30811, 46.5283], [-75.311, 46.52758], [-75.3124, 46.52691], [-75.31572, 46.52488], [-75.31728, 46.52413], [-75.32046, 46.52313], [-75.32131, 46.52275], [-75.32409, 46.52125], [-75.32525, 46.52087], [-75.32807, 46.52021], [-75.32907, 46.51982], [-75.3543, 46.50869], [-75.35557, 46.50806], [-75.35776, 46.50719], [-75.35988, 46.50686], [-75.36152, 46.50675], [-75.36322, 46.50685], [-75.36477, 46.50709], [-75.37649, 46.51084], [-75.3784, 46.5112], [-75.37999, 46.51133], [-75.38225, 46.51127], [-75.38326, 46.51113], [-75.39048, 46.50978], [-75.39191, 46.50933], [-75.39542, 46.50776], [-75.3967, 46.50748], [-75.39831, 46.50753], [-75.40107, 46.50826], [-75.40155, 46.50832], [-75.41715, 46.50967], [-75.41864, 46.51012], [-75.41949, 46.5107], [-75.42028, 46.51163], [-75.42151, 46.5145], [-75.42172, 46.51492], [-75.42229, 46.51569], [-75.42319, 46.51652], [-75.42407, 46.51706], [-75.42554, 46.5178], [-75.42738, 46.51844], [-75.42818, 46.51862], [-75.43003, 46.5189], [-75.43088, 46.51894], [-75.43218, 46.51894], [-75.43377, 46.51878], [-75.43626, 46.51827], [-75.43746, 46.5181], [-75.43897, 46.51816], [-75.44019, 46.51843], [-75.44353, 46.51981], [-75.44485, 46.52053], [-75.44657, 46.5221], [-75.44829, 46.5241], [-75.44892, 46.52472], [-75.44984, 46.52539], [-75.4506, 46.52581], [-75.45164, 46.52623], [-75.45689, 46.52802], [-75.45871, 46.52852], [-75.46128, 46.52885], [-75.46223, 46.52916], [-75.46283, 46.52952], [-75.46353, 46.53026], [-75.46379, 46.5308], [-75.46432, 46.53342], [-75.46444, 46.53383], [-75.46488, 46.53464], [-75.47414, 46.54549], [-75.47498, 46.54627], [-75.47571, 46.54665], [-75.47741, 46.54729], [-75.47796, 46.5474], [-75.47978, 46.54729], [-75.48284, 46.54694], [-75.48355, 46.54693], [-75.48441, 46.54704], [-75.48505, 46.54718], [-75.48643, 46.54766], [-75.4877, 46.54887], [-75.49118, 46.55289], [-75.49139, 46.5532], [-75.49162, 46.55391], [-75.49162, 46.55453], [-75.49151, 46.55505], [-75.48969, 46.55722], [-75.48934, 46.55815], [-75.48899, 46.55847]]}}, {"type": "Feature", "properties": {"id": "gpx_corridor_0", "q": "good", "t": "rail", "c": "yes", "name": "Parc du Corridor A\u00e9robique"}, "geometry": {"type": "LineString", "coordinates": [[-74.25101, 45.90065], [-74.25234, 45.89946], [-74.25301, 45.8992], [-74.25368, 45.89909], [-74.25456, 45.89916], [-74.25571, 45.89885], [-74.25641, 45.89908], [-74.2568, 45.89906], [-74.25748, 45.89921], [-74.25974, 45.89908], [-74.26035, 45.89912], [-74.26118, 45.89932], [-74.26222, 45.89992], [-74.26256, 45.90018], [-74.26271, 45.90042], [-74.26302, 45.90112], [-74.26337, 45.9025], [-74.26393, 45.9039], [-74.26407, 45.90459], [-74.26434, 45.90534], [-74.26452, 45.90571], [-74.26493, 45.90621], [-74.26595, 45.90716], [-74.26631, 45.90731], [-74.26731, 45.90797], [-74.27124, 45.90885], [-74.27254, 45.9094], [-74.27373, 45.90947], [-74.27436, 45.90942], [-74.27501, 45.90925], [-74.27678, 45.90844], [-74.27764, 45.9082], [-74.28004, 45.90821], [-74.281, 45.90803], [-74.28517, 45.90659], [-74.28608, 45.90638], [-74.28704, 45.90605], [-74.28838, 45.90529], [-74.29037, 45.90434], [-74.29349, 45.90425], [-74.29475, 45.90401], [-74.29603, 45.90366], [-74.2977, 45.90353], [-74.29818, 45.90343], [-74.29849, 45.90326], [-74.299, 45.90314], [-74.30076, 45.90248], [-74.30247, 45.90222], [-74.30428, 45.90174], [-74.30643, 45.90179], [-74.30765, 45.90206], [-74.30842, 45.90207], [-74.30904, 45.9019], [-74.31055, 45.90125], [-74.31192, 45.90103], [-74.31425, 45.90041], [-74.31547, 45.90044], [-74.31636, 45.90025], [-74.31661, 45.90011], [-74.31747, 45.89999], [-74.31838, 45.9], [-74.31959, 45.90014], [-74.32051, 45.90004], [-74.32116, 45.89978], [-74.32149, 45.89956], [-74.32175, 45.8993], [-74.32203, 45.89876], [-74.32198, 45.89821], [-74.32162, 45.89764], [-74.32138, 45.89708], [-74.32121, 45.89623], [-74.32164, 45.89515], [-74.32212, 45.89469], [-74.32259, 45.89442], [-74.32394, 45.89423], [-74.32446, 45.89428], [-74.32537, 45.89467], [-74.32556, 45.89483], [-74.32635, 45.89499], [-74.32721, 45.895], [-74.32806, 45.89469], [-74.32938, 45.89362], [-74.32972, 45.89324], [-74.33017, 45.89297], [-74.33286, 45.89216], [-74.3338, 45.8917], [-74.33425, 45.8913], [-74.33486, 45.89097], [-74.33571, 45.89032], [-74.33637, 45.88966], [-74.33777, 45.88865], [-74.33901, 45.88756], [-74.34081, 45.88645], [-74.34212, 45.88541], [-74.34277, 45.88512], [-74.34424, 45.88472], [-74.34453, 45.88455], [-74.34459, 45.88443], [-74.34464, 45.88449], [-74.34492, 45.88437], [-74.34687, 45.88294], [-74.34812, 45.88237], [-74.35162, 45.88133], [-74.35336, 45.88118], [-74.35546, 45.88064], [-74.35743, 45.88083], [-74.35807, 45.881], [-74.35953, 45.8811], [-74.36036, 45.88134], [-74.3609, 45.8816], [-74.36122, 45.88185], [-74.36181, 45.88209], [-74.36251, 45.88216], [-74.36319, 45.88211], [-74.36405, 45.88185], [-74.36563, 45.88165], [-74.36628, 45.88137], [-74.36667, 45.88105], [-74.36693, 45.88065], [-74.36808, 45.88011], [-74.36837, 45.8798], [-74.36864, 45.87934], [-74.36923, 45.87883], [-74.37048, 45.87857], [-74.37111, 45.87865], [-74.37177, 45.87883], [-74.37207, 45.87904], [-74.37315, 45.87936], [-74.37406, 45.87988], [-74.37528, 45.88038], [-74.3758, 45.88082], [-74.37638, 45.8815], [-74.37709, 45.88182], [-74.37772, 45.88194], [-74.37819, 45.88194], [-74.37955, 45.88169], [-74.38028, 45.88168], [-74.38146, 45.88203], [-74.38203, 45.88235], [-74.38258, 45.88253], [-74.38617, 45.88341], [-74.38652, 45.88339], [-74.38759, 45.88368], [-74.38808, 45.88373], [-74.38957, 45.88435], [-74.39051, 45.88502], [-74.39095, 45.88522], [-74.39204, 45.88545], [-74.39287, 45.88549], [-74.39405, 45.88576], [-74.39532, 45.88627], [-74.39632, 45.88648], [-74.39837, 45.88712], [-74.39892, 45.8876], [-74.39938, 45.88832], [-74.39973, 45.88863], [-74.40032, 45.88889], [-74.40115, 45.88908], [-74.40318, 45.88862], [-74.4034, 45.88844], [-74.40469, 45.88844], [-74.40591, 45.88887], [-74.40807, 45.8904], [-74.40862, 45.89058], [-74.40917, 45.89063], [-74.41053, 45.89049], [-74.4114, 45.89064], [-74.41294, 45.89115], [-74.41523, 45.89208], [-74.41588, 45.8927], [-74.41671, 45.89312], [-74.41757, 45.89368], [-74.41886, 45.89517], [-74.41906, 45.89536], [-74.41944, 45.89554], [-74.41999, 45.89605], [-74.42021, 45.89639], [-74.42037, 45.89695], [-74.42039, 45.8972], [-74.42016, 45.89792], [-74.42019, 45.89832], [-74.42042, 45.89868], [-74.42088, 45.89903], [-74.42204, 45.90028], [-74.42303, 45.90103], [-74.42432, 45.90167], [-74.42513, 45.90255], [-74.42691, 45.90353], [-74.42745, 45.9039], [-74.42818, 45.9046], [-74.42842, 45.90495], [-74.42877, 45.9059], [-74.4292, 45.90648], [-74.42933, 45.90712], [-74.42949, 45.90746], [-74.42999, 45.90809], [-74.43152, 45.90932], [-74.43445, 45.91076], [-74.43573, 45.91101], [-74.43646, 45.9113], [-74.43741, 45.91198], [-74.43771, 45.91241], [-74.43797, 45.91263], [-74.4385, 45.91293], [-74.4395, 45.91333], [-74.44102, 45.91368], [-74.44183, 45.91369], [-74.44271, 45.91347], [-74.44344, 45.91309], [-74.44388, 45.91295], [-74.44519, 45.91291], [-74.44704, 45.9137], [-74.44941, 45.91406], [-74.45134, 45.91478], [-74.45165, 45.91501], [-74.45243, 45.9172], [-74.45419, 45.91955], [-74.45468, 45.92004], [-74.45531, 45.9213], [-74.45602, 45.92216], [-74.45742, 45.92316], [-74.45828, 45.92429], [-74.46052, 45.92595], [-74.46146, 45.92643], [-74.46272, 45.92681], [-74.46425, 45.92691], [-74.46565, 45.92617], [-74.46598, 45.92584], [-74.46634, 45.92484], [-74.46701, 45.92379], [-74.4673, 45.92362], [-74.46786, 45.92347], [-74.46941, 45.92346], [-74.46976, 45.92333], [-74.46972, 45.92344], [-74.47063, 45.92346], [-74.47085, 45.92365], [-74.47131, 45.92371], [-74.47211, 45.9237], [-74.47211, 45.92355], [-74.47222, 45.92354], [-74.47376, 45.92351], [-74.47487, 45.92358], [-74.47687, 45.92394], [-74.47769, 45.92426], [-74.47778, 45.92416], [-74.47776, 45.92429], [-74.47844, 45.9245], [-74.47949, 45.92453], [-74.48019, 45.9244], [-74.48113, 45.92401], [-74.48173, 45.92365], [-74.48224, 45.9231], [-74.48273, 45.92281], [-74.48348, 45.92268], [-74.4845, 45.92267], [-74.48518, 45.9225], [-74.4859, 45.92243], [-74.48755, 45.92263], [-74.48816, 45.9228], [-74.48882, 45.92316], [-74.49063, 45.92386], [-74.49218, 45.92475], [-74.49292, 45.92495], [-74.49368, 45.92497], [-74.49602, 45.92475], [-74.49668, 45.9248], [-74.49749, 45.92506], [-74.49839, 45.92552], [-74.49886, 45.92612], [-74.49909, 45.92681], [-74.49963, 45.9274], [-74.50003, 45.92758], [-74.50082, 45.92776], [-74.50175, 45.92772], [-74.50301, 45.92724], [-74.50361, 45.92716], [-74.50589, 45.92753], [-74.50785, 45.9273], [-74.50915, 45.92693], [-74.50965, 45.92662], [-74.50997, 45.92623], [-74.51052, 45.92581], [-74.51139, 45.92547], [-74.51205, 45.92543], [-74.51258, 45.92554], [-74.51337, 45.92583], [-74.51425, 45.92641], [-74.51494, 45.92667], [-74.51553, 45.92674], [-74.51672, 45.9267], [-74.5176, 45.92658], [-74.51851, 45.92612], [-74.51916, 45.92592], [-74.51993, 45.92585], [-74.52033, 45.92591], [-74.5211, 45.92625], [-74.52143, 45.92667], [-74.52153, 45.92722], [-74.52143, 45.92754], [-74.52097, 45.9281], [-74.52083, 45.92853], [-74.52081, 45.92907], [-74.52097, 45.92942], [-74.52087, 45.92967], [-74.52075, 45.93091], [-74.52059, 45.93142], [-74.52062, 45.93217], [-74.52084, 45.93265], [-74.5213, 45.9331], [-74.52246, 45.93386], [-74.52539, 45.93434], [-74.52599, 45.93454], [-74.52692, 45.93499], [-74.52731, 45.93507], [-74.52942, 45.93541], [-74.53071, 45.93543], [-74.53221, 45.93597], [-74.53404, 45.93633], [-74.5368, 45.93657], [-74.5376, 45.93686], [-74.53856, 45.93746], [-74.53905, 45.93794], [-74.54005, 45.93954], [-74.54043, 45.93992], [-74.54184, 45.9408], [-74.54353, 45.94155], [-74.54469, 45.9426], [-74.54485, 45.9429], [-74.5453, 45.94308], [-74.5463, 45.94375], [-74.54777, 45.94448], [-74.54878, 45.9451], [-74.54954, 45.94539], [-74.55021, 45.94585], [-74.55047, 45.94623], [-74.55083, 45.94708], [-74.55104, 45.94734], [-74.55144, 45.94762], [-74.55224, 45.94799], [-74.55434, 45.94825], [-74.55485, 45.94823], [-74.55516, 45.94821], [-74.55807, 45.94721], [-74.55866, 45.9471], [-74.55939, 45.94719], [-74.56189, 45.94853], [-74.5621, 45.94877], [-74.56304, 45.94919], [-74.56437, 45.9504], [-74.56513, 45.95133], [-74.56547, 45.95145], [-74.56709, 45.95316], [-74.5684, 45.9544], [-74.56928, 45.95511], [-74.56941, 45.95512], [-74.5696, 45.95534], [-74.57181, 45.95685], [-74.57262, 45.95724], [-74.57333, 45.9577], [-74.57464, 45.95817], [-74.57596, 45.95881], [-74.57748, 45.95934], [-74.57822, 45.95973], [-74.57941, 45.96006], [-74.58152, 45.96095], [-74.5818, 45.96111], [-74.5818, 45.96127], [-74.58197, 45.96141], [-74.58307, 45.96193], [-74.58383, 45.96208], [-74.58426, 45.96236], [-74.5849, 45.96263], [-74.58581, 45.96286], [-74.59484, 45.96307], [-74.59618, 45.96296], [-74.597, 45.96275], [-74.59729, 45.9626], [-74.59745, 45.9624], [-74.59863, 45.962], [-74.59926, 45.96192], [-74.60062, 45.96146], [-74.60074, 45.96137], [-74.60073, 45.96117], [-74.6008, 45.96109], [-74.60187, 45.96079], [-74.60405, 45.96088], [-74.60449, 45.96094], [-74.60472, 45.96112], [-74.60524, 45.96117], [-74.60599, 45.96152], [-74.60669, 45.96195], [-74.60788, 45.96289], [-74.61053, 45.96459], [-74.61113, 45.96472], [-74.61246, 45.96526], [-74.61369, 45.96565], [-74.61431, 45.96576], [-74.61485, 45.96576], [-74.61657, 45.96612], [-74.61693, 45.96607], [-74.61746, 45.96618], [-74.61815, 45.96613], [-74.62664, 45.96393], [-74.62744, 45.96347], [-74.62748, 45.96337], [-74.62914, 45.96225], [-74.63009, 45.96176], [-74.63159, 45.96124], [-74.63318, 45.96082], [-74.63461, 45.96025], [-74.64122, 45.95825], [-74.64314, 45.95755], [-74.64617, 45.9568], [-74.64849, 45.95588], [-74.64899, 45.95557], [-74.64958, 45.95533], [-74.65346, 45.95275], [-74.65448, 45.95194], [-74.65523, 45.951], [-74.65627, 45.9494], [-74.65652, 45.94847], [-74.65654, 45.94771], [-74.65678, 45.94711], [-74.6575, 45.94652], [-74.65887, 45.94583], [-74.65987, 45.94555], [-74.66064, 45.94558], [-74.66191, 45.94588], [-74.66231, 45.94609], [-74.66264, 45.94609], [-74.66395, 45.94644], [-74.6648, 45.94651], [-74.66509, 45.94651], [-74.66581, 45.94633], [-74.66717, 45.94624], [-74.66869, 45.94574], [-74.66969, 45.94493], [-74.6708, 45.94422], [-74.6713, 45.94369], [-74.67157, 45.94312], [-74.67153, 45.94283], [-74.67098, 45.94186], [-74.67093, 45.94115], [-74.6708, 45.94079], [-74.67039, 45.94027], [-74.67023, 45.93981], [-74.67014, 45.93901], [-74.67029, 45.93841], [-74.67061, 45.93805], [-74.67092, 45.93785], [-74.67171, 45.93768], [-74.6735, 45.93794], [-74.67473, 45.93825], [-74.67518, 45.93829], [-74.67565, 45.93846], [-74.6763, 45.93913], [-74.67675, 45.94036], [-74.67692, 45.94123], [-74.67727, 45.94168], [-74.67948, 45.9436], [-74.68044, 45.94529], [-74.68183, 45.94618], [-74.68311, 45.94764], [-74.68378, 45.94803], [-74.68459, 45.94826], [-74.68581, 45.94876], [-74.6883, 45.95085], [-74.68923, 45.95132], [-74.68992, 45.95152], [-74.69055, 45.9519], [-74.69493, 45.95587], [-74.69657, 45.9577], [-74.69674, 45.95778], [-74.698, 45.95898], [-74.69917, 45.95966], [-74.70229, 45.96105], [-74.70495, 45.96303], [-74.70526, 45.96347], [-74.70528, 45.96363], [-74.70498, 45.96512], [-74.70522, 45.96594], [-74.70656, 45.96767], [-74.70712, 45.96808], [-74.70787, 45.96846], [-74.7094, 45.96904], [-74.71039, 45.96922], [-74.71137, 45.96929], [-74.71463, 45.97027], [-74.71471, 45.97019], [-74.71575, 45.97054], [-74.71813, 45.97077], [-74.71867, 45.97095], [-74.71985, 45.97169], [-74.72134, 45.97206], [-74.72234, 45.9729], [-74.72368, 45.97344], [-74.72416, 45.97395], [-74.72497, 45.97438], [-74.72565, 45.97493], [-74.7262, 45.97553], [-74.72737, 45.97599], [-74.72837, 45.97671], [-74.73236, 45.97756], [-74.73409, 45.97766], [-74.73449, 45.9779], [-74.73467, 45.97826], [-74.7348, 45.97901], [-74.73505, 45.97978], [-74.73573, 45.98086], [-74.73582, 45.98117], [-74.73599, 45.98134], [-74.73689, 45.9818], [-74.73774, 45.98215], [-74.73819, 45.98217], [-74.73872, 45.98247], [-74.73916, 45.98296], [-74.7401, 45.98362], [-74.7411, 45.98449], [-74.74146, 45.98462], [-74.74221, 45.9851], [-74.74266, 45.98524], [-74.7435, 45.98529], [-74.74411, 45.98547], [-74.74455, 45.9857], [-74.74577, 45.98667], [-74.74609, 45.98712], [-74.74701, 45.98771], [-74.74788, 45.98806], [-74.74849, 45.98866], [-74.75049, 45.98972], [-74.75185, 45.99023], [-74.75234, 45.99056], [-74.75262, 45.99092], [-74.75274, 45.99142], [-74.75279, 45.99261], [-74.7527, 45.99287], [-74.75268, 45.99499], [-74.75287, 45.99558], [-74.75301, 45.99694], [-74.75269, 45.99767], [-74.75279, 45.99831], [-74.75278, 45.99939], [-74.75288, 45.99959], [-74.753, 46.00078], [-74.75319, 46.00147], [-74.75331, 46.0018], [-74.75374, 46.00237], [-74.75386, 46.00284], [-74.7536, 46.00413], [-74.75366, 46.00444], [-74.75359, 46.00501], [-74.75342, 46.00562], [-74.75326, 46.00584], [-74.7531, 46.00646], [-74.7527, 46.00736], [-74.75248, 46.00768], [-74.75218, 46.00781], [-74.75199, 46.00806], [-74.75141, 46.00851], [-74.7513, 46.00886], [-74.75066, 46.00937], [-74.75035, 46.00991], [-74.75021, 46.00997], [-74.74983, 46.01046], [-74.74911, 46.01113], [-74.74875, 46.01169], [-74.7487, 46.01193], [-74.74875, 46.01229], [-74.74909, 46.01284], [-74.74933, 46.01307], [-74.75107, 46.0142], [-74.75168, 46.01475], [-74.75211, 46.01494], [-74.75265, 46.01514], [-74.75336, 46.01524], [-74.75576, 46.01536], [-74.75637, 46.01532], [-74.75719, 46.01514], [-74.7613, 46.01274], [-74.76158, 46.01246], [-74.76125, 46.01188]]}}, {"type": "Feature", "properties": {"id": "gpx_villageoise_0", "q": "great", "t": "ped", "c": "yes", "name": "la Villageoise de Mont-Tremblant"}, "geometry": {"type": "LineString", "coordinates": [[-74.58552, 46.20961], [-74.58494, 46.20949], [-74.58426, 46.20924], [-74.58384, 46.20866], [-74.58353, 46.20813], [-74.58344, 46.20688], [-74.58309, 46.20596], [-74.58279, 46.2057], [-74.58254, 46.20509], [-74.58221, 46.20455], [-74.58131, 46.20404], [-74.58045, 46.20326], [-74.57951, 46.20273], [-74.57929, 46.20252], [-74.57841, 46.20225], [-74.57764, 46.20181], [-74.57727, 46.20118], [-74.57693, 46.20096], [-74.5765, 46.20031], [-74.5762, 46.20004], [-74.576, 46.19955], [-74.57618, 46.19921], [-74.57618, 46.19909], [-74.57578, 46.19884], [-74.57506, 46.1982], [-74.57455, 46.1976], [-74.57414, 46.19724], [-74.57399, 46.19699], [-74.57386, 46.19655], [-74.57384, 46.19624], [-74.57394, 46.19591], [-74.57387, 46.19583], [-74.57333, 46.19566], [-74.5733, 46.19558], [-74.57336, 46.19551], [-74.57416, 46.19547], [-74.57559, 46.19497], [-74.57783, 46.19486], [-74.57893, 46.19499], [-74.57966, 46.19498], [-74.58063, 46.19506], [-74.58131, 46.19482], [-74.58168, 46.1946], [-74.58307, 46.19442], [-74.58365, 46.19442], [-74.5844, 46.19461], [-74.58514, 46.19465], [-74.58598, 46.19487], [-74.58733, 46.19478], [-74.58942, 46.19505], [-74.58973, 46.19504], [-74.59069, 46.19526], [-74.59166, 46.19534], [-74.59333, 46.1952], [-74.59379, 46.19508], [-74.59474, 46.19459], [-74.59561, 46.19431], [-74.59606, 46.1941], [-74.59645, 46.19404], [-74.59714, 46.19432], [-74.5977, 46.19441], [-74.59857, 46.19441], [-74.59913, 46.19465], [-74.59977, 46.19468], [-74.60079, 46.19444], [-74.60133, 46.19441], [-74.60204, 46.19448], [-74.60267, 46.19472], [-74.60282, 46.19486], [-74.60318, 46.19534], [-74.60329, 46.19564], [-74.60374, 46.19607], [-74.60411, 46.19619], [-74.60451, 46.1962], [-74.60484, 46.19612], [-74.60546, 46.19579], [-74.60585, 46.19569], [-74.60603, 46.19573], [-74.60609, 46.19581], [-74.60608, 46.19593], [-74.6056, 46.19611], [-74.60544, 46.19624], [-74.60537, 46.19634], [-74.60539, 46.19645], [-74.60572, 46.19673], [-74.6065, 46.19692], [-74.60659, 46.19708], [-74.60688, 46.19918], [-74.60721, 46.19984], [-74.60716, 46.20005], [-74.60682, 46.20035], [-74.60664, 46.20065], [-74.60611, 46.20111], [-74.6057, 46.20137], [-74.60561, 46.20151], [-74.60557, 46.20166], [-74.60564, 46.2019], [-74.60595, 46.20241], [-74.60611, 46.20245], [-74.60742, 46.20222], [-74.60795, 46.20188], [-74.60827, 46.20175], [-74.60898, 46.20127], [-74.6093, 46.20118], [-74.60948, 46.20118], [-74.60973, 46.20134], [-74.60987, 46.20134], [-74.61074, 46.20102], [-74.61133, 46.20121], [-74.6122, 46.20079], [-74.61335, 46.20042], [-74.61384, 46.20019], [-74.61477, 46.19942], [-74.61522, 46.19914], [-74.61522, 46.19888], [-74.61498, 46.19849], [-74.615, 46.19827], [-74.61618, 46.19793], [-74.61856, 46.19701], [-74.6192, 46.19666], [-74.61979, 46.19618], [-74.62012, 46.19606], [-74.62124, 46.19576], [-74.62211, 46.1956], [-74.6221, 46.19555], [-74.62259, 46.19537], [-74.62315, 46.19529], [-74.624, 46.19527], [-74.62507, 46.19535], [-74.62554, 46.19518], [-74.6276, 46.19472], [-74.62776, 46.19475], [-74.62784, 46.19507], [-74.62837, 46.19499], [-74.62926, 46.19501], [-74.62941, 46.19484], [-74.63056, 46.19482], [-74.63085, 46.19464], [-74.631, 46.19464], [-74.63085, 46.19464], [-74.63056, 46.19482], [-74.62941, 46.19484], [-74.62926, 46.19501], [-74.62837, 46.19499], [-74.62784, 46.19507], [-74.62776, 46.19475], [-74.6276, 46.19472], [-74.62554, 46.19518], [-74.62507, 46.19535], [-74.624, 46.19527], [-74.62315, 46.19529], [-74.62259, 46.19537], [-74.6221, 46.19555], [-74.62211, 46.1956], [-74.62124, 46.19576], [-74.62012, 46.19606], [-74.61979, 46.19618], [-74.6192, 46.19666], [-74.61856, 46.19701], [-74.61618, 46.19793], [-74.615, 46.19827], [-74.61498, 46.19849], [-74.61522, 46.19888], [-74.61522, 46.19914], [-74.61477, 46.19942], [-74.61384, 46.20019], [-74.61335, 46.20042], [-74.6122, 46.20079], [-74.61133, 46.20121], [-74.61074, 46.20102], [-74.60987, 46.20134], [-74.60973, 46.20134], [-74.60948, 46.20118], [-74.6093, 46.20118], [-74.60898, 46.20127], [-74.60827, 46.20175], [-74.60795, 46.20188], [-74.60742, 46.20222], [-74.60611, 46.20245], [-74.60595, 46.20241], [-74.60564, 46.2019], [-74.60557, 46.20166], [-74.60561, 46.20151], [-74.6057, 46.20137], [-74.60611, 46.20111], [-74.60664, 46.20065], [-74.60682, 46.20035], [-74.60716, 46.20005], [-74.60721, 46.19984], [-74.60688, 46.19918], [-74.60678, 46.19873], [-74.60666, 46.19731], [-74.60659, 46.19705], [-74.60638, 46.19686], [-74.60601, 46.19683], [-74.60572, 46.19673], [-74.60539, 46.19645], [-74.60537, 46.19634], [-74.6056, 46.19611], [-74.60608, 46.19593], [-74.60611, 46.19587], [-74.60603, 46.19573], [-74.60585, 46.19569], [-74.60546, 46.19579], [-74.60484, 46.19612], [-74.60451, 46.1962], [-74.60411, 46.19619], [-74.60364, 46.196], [-74.60329, 46.19564], [-74.60318, 46.19534], [-74.60282, 46.19486], [-74.60267, 46.19472], [-74.60226, 46.19454], [-74.60133, 46.19441], [-74.60079, 46.19444], [-74.59977, 46.19468], [-74.59987, 46.19494], [-74.59989, 46.1953], [-74.59979, 46.19548], [-74.5991, 46.19614], [-74.59934, 46.19636], [-74.5994, 46.1967], [-74.59937, 46.19695], [-74.59856, 46.19804], [-74.59826, 46.19932], [-74.59799, 46.19997], [-74.59785, 46.20131], [-74.59769, 46.20168], [-74.59764, 46.20221], [-74.59746, 46.20273], [-74.59758, 46.20329], [-74.59747, 46.20489], [-74.59731, 46.20532], [-74.5972, 46.20588], [-74.59694, 46.20604], [-74.59689, 46.20644], [-74.59573, 46.20755], [-74.59522, 46.20752], [-74.59461, 46.20724], [-74.59429, 46.20735], [-74.59408, 46.2075], [-74.59193, 46.20797], [-74.59131, 46.20799], [-74.59106, 46.20818], [-74.59084, 46.20822], [-74.59065, 46.20818], [-74.59022, 46.20788], [-74.58999, 46.20791], [-74.58977, 46.2082], [-74.58952, 46.20881], [-74.5892, 46.20919], [-74.5881, 46.20978], [-74.58771, 46.20984], [-74.58755, 46.20969], [-74.58755, 46.20961], [-74.58735, 46.20947], [-74.58657, 46.20965], [-74.58582, 46.20972], [-74.58552, 46.20961]]}}, {"type": "Feature", "properties": {"id": "844592065", "q": "good", "t": "ped", "c": "yes", "name": "West Side Trail (Yarmouth)"}, "geometry": {"type": "LineString", "coordinates": [[-70.20964, 43.79453], [-70.20981, 43.79475], [-70.20979, 43.79541], [-70.21036, 43.79567], [-70.21041, 43.79598], [-70.2115, 43.79692], [-70.21204, 43.79705], [-70.21228, 43.79738], [-70.21302, 43.79758], [-70.21334, 43.79801], [-70.21603, 43.79941]]}}, {"type": "Feature", "properties": {"id": "844592066", "q": "good", "t": "ped", "c": "yes", "name": "West Side Trail (Yarmouth)"}, "geometry": {"type": "LineString", "coordinates": [[-70.21603, 43.79941], [-70.21607, 43.79908], [-70.21583, 43.79894], [-70.21556, 43.79905]]}}, {"type": "Feature", "properties": {"id": "844592067", "q": "good", "t": "ped", "c": "yes", "name": "West Side Trail (Yarmouth)"}, "geometry": {"type": "LineString", "coordinates": [[-70.215, 43.79879], [-70.21508, 43.79842], [-70.21357, 43.79769], [-70.21311, 43.79766]]}}, {"type": "Feature", "properties": {"id": "844592068", "q": "good", "t": "ped", "c": "yes", "name": "West Side Trail (Yarmouth)"}, "geometry": {"type": "LineString", "coordinates": [[-70.21282, 43.79748], [-70.21272, 43.79725], [-70.21177, 43.79667], [-70.21131, 43.79677]]}}, {"type": "Feature", "properties": {"id": "844592871", "q": "good", "t": "ped", "c": "yes", "name": "West Side Trail (Yarmouth)"}, "geometry": {"type": "LineString", "coordinates": [[-70.19816, 43.78598], [-70.19679, 43.786], [-70.19624, 43.7862]]}}, {"type": "Feature", "properties": {"id": "844592872", "q": "good", "t": "ped", "c": "yes", "name": "West Side Trail (Yarmouth)"}, "geometry": {"type": "LineString", "coordinates": [[-70.19599, 43.78644], [-70.19519, 43.78614], [-70.19291, 43.78635], [-70.19208, 43.78617]]}}, {"type": "Feature", "properties": {"id": "984438533", "q": "good", "t": "single", "c": "yes", "name": "West Side Trail Connectors"}, "geometry": {"type": "LineString", "coordinates": [[-70.21603, 43.79941], [-70.21683, 43.80027], [-70.21526, 43.80189], [-70.21493, 43.80194], [-70.21377, 43.80152], [-70.2117, 43.80143]]}}, {"type": "Feature", "properties": {"id": "984438534", "q": "good", "t": "single", "c": "yes", "name": "West Side Trail Connectors"}, "geometry": {"type": "LineString", "coordinates": [[-70.21683, 43.80027], [-70.2173, 43.80036], [-70.2172, 43.80075], [-70.21738, 43.80106], [-70.21719, 43.80154], [-70.2157, 43.80258], [-70.21526, 43.80189]]}}, {"type": "Feature", "properties": {"id": "1189751803", "q": "good", "t": "single", "c": "yes", "name": "West Side Trail Connectors"}, "geometry": {"type": "LineString", "coordinates": [[-70.21329, 43.79797], [-70.2129, 43.7986], [-70.21357, 43.79908]]}}, {"type": "Feature", "properties": {"id": "1189751804", "q": "good", "t": "single", "c": "yes", "name": "West Side Trail Connectors"}, "geometry": {"type": "LineString", "coordinates": [[-70.21288, 43.79852], [-70.2121, 43.79834]]}}, {"type": "Feature", "properties": {"id": "1189751805", "q": "good", "t": "single", "c": "yes", "name": "West Side Trail Connectors"}, "geometry": {"type": "LineString", "coordinates": [[-70.21111, 43.79659], [-70.21067, 43.79741], [-70.20848, 43.79887], [-70.20822, 43.8], [-70.20836, 43.80064]]}}, {"type": "Feature", "properties": {"id": "1189751806", "q": "good", "t": "single", "c": "yes", "name": "West Side Trail Connectors"}, "geometry": {"type": "LineString", "coordinates": [[-70.21041, 43.79598], [-70.20797, 43.79723]]}}, {"type": "Feature", "properties": {"id": "1330283040", "q": "good", "t": "ped", "c": "yes", "name": "West Side Trail (Yarmouth)"}, "geometry": {"type": "LineString", "coordinates": [[-70.19816, 43.78598], [-70.19884, 43.78632], [-70.1998, 43.78614], [-70.20081, 43.78709], [-70.20168, 43.78725], [-70.20319, 43.78867], [-70.20325, 43.78895], [-70.20378, 43.78914], [-70.20694, 43.79223], [-70.20737, 43.79246], [-70.20756, 43.79292], [-70.20827, 43.79324], [-70.20964, 43.79453]]}}, {"type": "Feature", "properties": {"id": "gpx_amc_0", "q": "good", "t": "dirt", "c": "yes", "name": "Tour de AMC"}, "geometry": {"type": "LineString", "coordinates": [[-69.59141, 45.45947], [-69.5904, 45.46075], [-69.59033, 45.46308], [-69.59049, 45.46381], [-69.59215, 45.46769], [-69.5922, 45.46812], [-69.59193, 45.46875], [-69.58061, 45.4891], [-69.57936, 45.49342], [-69.57839, 45.49522], [-69.57799, 45.49647], [-69.57767, 45.49714], [-69.57548, 45.50007], [-69.5741, 45.50248], [-69.5714, 45.50581], [-69.5683, 45.50777], [-69.5672, 45.50815], [-69.56584, 45.50844], [-69.56512, 45.5088], [-69.56462, 45.50934], [-69.56341, 45.51169], [-69.56287, 45.51246], [-69.56196, 45.51315], [-69.55926, 45.51443], [-69.55861, 45.51496], [-69.55672, 45.51692], [-69.55293, 45.5196], [-69.55242, 45.52005], [-69.55185, 45.52096], [-69.54991, 45.52585], [-69.54802, 45.52853], [-69.54789, 45.5291], [-69.54803, 45.53007], [-69.54796, 45.53094], [-69.54744, 45.53207], [-69.54692, 45.53279], [-69.54432, 45.53439], [-69.5438, 45.53483], [-69.54338, 45.53539], [-69.5431, 45.53636], [-69.5432, 45.53707], [-69.54393, 45.53847], [-69.5444, 45.53964], [-69.5458, 45.54193], [-69.54595, 45.5423], [-69.5459, 45.54292], [-69.54556, 45.5436], [-69.54496, 45.54435], [-69.54286, 45.54655], [-69.54184, 45.54745], [-69.54112, 45.54884], [-69.53989, 45.54998], [-69.53877, 45.55071], [-69.53762, 45.55197], [-69.53709, 45.55273], [-69.53605, 45.55504], [-69.53609, 45.55532], [-69.53636, 45.55569], [-69.53848, 45.55712], [-69.53934, 45.55782], [-69.54258, 45.56057], [-69.54298, 45.56122], [-69.543, 45.56152], [-69.54285, 45.56194], [-69.54153, 45.56372], [-69.54037, 45.56586], [-69.53904, 45.5673], [-69.53857, 45.56854], [-69.5383, 45.56899], [-69.53645, 45.57069], [-69.53422, 45.57214], [-69.53229, 45.57379], [-69.53026, 45.57474], [-69.52866, 45.57573], [-69.52741, 45.5763], [-69.52648, 45.57685], [-69.5252, 45.57812], [-69.52308, 45.58078], [-69.52261, 45.58127], [-69.52204, 45.58165], [-69.52064, 45.58204], [-69.51697, 45.58203], [-69.516, 45.58184], [-69.51371, 45.5811], [-69.51295, 45.58094], [-69.51225, 45.581], [-69.51181, 45.58114], [-69.51132, 45.58145], [-69.51104, 45.58183], [-69.51095, 45.58224], [-69.51118, 45.58456], [-69.51114, 45.5854], [-69.51084, 45.58666], [-69.50921, 45.59206], [-69.50912, 45.59268], [-69.5091, 45.59481], [-69.50868, 45.6004], [-69.5085, 45.60103], [-69.50808, 45.60168], [-69.50726, 45.6024], [-69.50427, 45.60409], [-69.49966, 45.60604], [-69.49663, 45.60835], [-69.49539, 45.60886], [-69.49146, 45.60987], [-69.48787, 45.61158], [-69.48705, 45.61218], [-69.4866, 45.61281], [-69.48597, 45.61578], [-69.48639, 45.61799], [-69.4863, 45.61869], [-69.48595, 45.61935], [-69.48568, 45.61965], [-69.48417, 45.62072], [-69.48356, 45.62138], [-69.48198, 45.62388], [-69.48152, 45.62492], [-69.48141, 45.62534], [-69.48146, 45.62593], [-69.48214, 45.62718], [-69.48227, 45.62781], [-69.48223, 45.62931], [-69.48181, 45.63085], [-69.48192, 45.63222], [-69.48187, 45.63301], [-69.48068, 45.63691], [-69.48069, 45.63825], [-69.48049, 45.63924], [-69.48049, 45.6403], [-69.48029, 45.64072], [-69.47938, 45.64191], [-69.47865, 45.64309], [-69.47501, 45.64696], [-69.4736, 45.64836], [-69.47269, 45.64905], [-69.4722, 45.64924], [-69.46988, 45.64955], [-69.46875, 45.64987], [-69.45805, 45.65601], [-69.45731, 45.65635], [-69.45636, 45.65653], [-69.45339, 45.65659], [-69.45171, 45.65692], [-69.44917, 45.65783], [-69.4463, 45.65853], [-69.44459, 45.65909], [-69.44357, 45.65966], [-69.44267, 45.66051], [-69.44211, 45.66128], [-69.44198, 45.66169], [-69.44198, 45.66213], [-69.44215, 45.66254], [-69.44263, 45.6631], [-69.44344, 45.66375], [-69.44632, 45.66525], [-69.44692, 45.6657], [-69.44722, 45.66607], [-69.44867, 45.66867], [-69.44888, 45.66938], [-69.44882, 45.66991], [-69.44841, 45.67047], [-69.44778, 45.6709], [-69.44486, 45.6721], [-69.44396, 45.67226], [-69.44044, 45.67232], [-69.43999, 45.67243], [-69.4395, 45.67272], [-69.43916, 45.67309], [-69.43874, 45.6739], [-69.43838, 45.67424], [-69.43674, 45.67482], [-69.43473, 45.67579], [-69.43431, 45.6761], [-69.43325, 45.67796], [-69.43154, 45.67974], [-69.43107, 45.68075], [-69.43097, 45.68118], [-69.43102, 45.68247], [-69.43075, 45.68414], [-69.42862, 45.68816], [-69.4282, 45.68916], [-69.42723, 45.69217], [-69.42697, 45.69208], [-69.42645, 45.69212], [-69.42428, 45.69262], [-69.41969, 45.6927], [-69.41221, 45.69172], [-69.41102, 45.69165], [-69.40744, 45.69218], [-69.40378, 45.69321], [-69.40239, 45.69333], [-69.40093, 45.69313], [-69.39581, 45.6917], [-69.3937, 45.69158], [-69.39066, 45.69158], [-69.38835, 45.69103], [-69.38614, 45.69011], [-69.38464, 45.68981], [-69.38071, 45.68995], [-69.3781, 45.69042], [-69.37656, 45.69053], [-69.37231, 45.69041], [-69.36699, 45.69046], [-69.36268, 45.6903], [-69.36176, 45.69018], [-69.35971, 45.68973], [-69.3569, 45.68886], [-69.34498, 45.6845], [-69.34062, 45.68217], [-69.33488, 45.67953], [-69.3309, 45.68306], [-69.32905, 45.68482], [-69.32897, 45.68523], [-69.32924, 45.68577], [-69.32926, 45.6862], [-69.3291, 45.68676], [-69.32835, 45.68824], [-69.32834, 45.68981], [-69.32818, 45.69124], [-69.32763, 45.69183], [-69.32595, 45.69306], [-69.32498, 45.69357], [-69.32458, 45.69365], [-69.32369, 45.69363], [-69.32309, 45.69375], [-69.32225, 45.69414], [-69.32166, 45.69423], [-69.31695, 45.69415], [-69.31647, 45.69405], [-69.31505, 45.69339], [-69.31304, 45.69272], [-69.31206, 45.69253], [-69.30997, 45.69252], [-69.30861, 45.69226], [-69.30769, 45.69196], [-69.30658, 45.69186], [-69.30612, 45.69171], [-69.30533, 45.69125], [-69.30363, 45.69079], [-69.30285, 45.69087], [-69.29866, 45.69194], [-69.29765, 45.69193], [-69.29667, 45.69213], [-69.2941, 45.69172], [-69.2937, 45.69174], [-69.29297, 45.69195], [-69.29143, 45.69269], [-69.28923, 45.69352], [-69.28843, 45.69368], [-69.28772, 45.6937], [-69.28519, 45.69319], [-69.28164, 45.69297], [-69.28091, 45.69271], [-69.2793, 45.69173], [-69.27836, 45.69146], [-69.27796, 45.69146], [-69.27594, 45.69241], [-69.27394, 45.6931], [-69.27281, 45.69381], [-69.27192, 45.69459], [-69.27091, 45.69494], [-69.26896, 45.69535], [-69.26777, 45.69589], [-69.26704, 45.69639], [-69.26615, 45.69653], [-69.26431, 45.69631], [-69.26245, 45.69595], [-69.26184, 45.69593], [-69.26147, 45.69606], [-69.26094, 45.69647], [-69.25967, 45.69671], [-69.25845, 45.69709], [-69.25719, 45.69768], [-69.25562, 45.69879], [-69.25485, 45.69949], [-69.25381, 45.69992], [-69.25304, 45.70007], [-69.25168, 45.70007], [-69.24762, 45.69951], [-69.24418, 45.69871], [-69.24371, 45.69857], [-69.24337, 45.69834], [-69.24268, 45.69631], [-69.24268, 45.69557], [-69.24242, 45.6933], [-69.24242, 45.69309], [-69.24285, 45.69207], [-69.24322, 45.69039], [-69.24261, 45.68933], [-69.2419, 45.68872], [-69.24115, 45.6885], [-69.24097, 45.68826], [-69.24102, 45.68784], [-69.24147, 45.68698], [-69.24086, 45.68608], [-69.24054, 45.68467], [-69.24019, 45.68442], [-69.23936, 45.68414], [-69.23917, 45.68398], [-69.23937, 45.68301], [-69.23935, 45.68257], [-69.23951, 45.68224], [-69.23941, 45.68167], [-69.23925, 45.68138], [-69.23892, 45.68115], [-69.23822, 45.68098], [-69.2373, 45.68093], [-69.23641, 45.68103], [-69.23275, 45.6811], [-69.23126, 45.68089], [-69.22912, 45.68083], [-69.22677, 45.6805], [-69.22599, 45.68032], [-69.22585, 45.67987], [-69.22501, 45.67939], [-69.22468, 45.6788], [-69.22473, 45.67773], [-69.22521, 45.67697], [-69.22698, 45.67636], [-69.22816, 45.67624], [-69.22925, 45.67551], [-69.22938, 45.67532], [-69.22927, 45.67467], [-69.22769, 45.67234], [-69.2272, 45.67135], [-69.2273, 45.67072], [-69.2281, 45.66984], [-69.22801, 45.66962], [-69.22746, 45.66911], [-69.22743, 45.66848], [-69.22833, 45.66736], [-69.22853, 45.66681], [-69.22843, 45.66655], [-69.22779, 45.66609], [-69.22692, 45.66522], [-69.22676, 45.66475], [-69.22683, 45.66417], [-69.22744, 45.66374], [-69.22772, 45.66368], [-69.22862, 45.66385], [-69.22961, 45.66433], [-69.23114, 45.66447], [-69.23292, 45.66423], [-69.23411, 45.66356], [-69.23525, 45.66325], [-69.23553, 45.66321], [-69.2364, 45.6634], [-69.23699, 45.66333], [-69.23762, 45.66288], [-69.23859, 45.66237], [-69.23938, 45.66146], [-69.23932, 45.66138], [-69.2377, 45.66178], [-69.23681, 45.66176], [-69.23636, 45.66148], [-69.23603, 45.66087], [-69.23443, 45.65959], [-69.233, 45.65823], [-69.23226, 45.65782], [-69.23091, 45.65734], [-69.23028, 45.65689], [-69.22861, 45.65636], [-69.22677, 45.65633], [-69.22591, 45.65621], [-69.22497, 45.65567], [-69.22388, 45.65525], [-69.22281, 45.65449], [-69.22184, 45.65398], [-69.22065, 45.65391], [-69.21937, 45.65335], [-69.21833, 45.65327], [-69.2164, 45.65283], [-69.21531, 45.65271], [-69.21457, 45.65233], [-69.21391, 45.65153], [-69.21278, 45.65111], [-69.21249, 45.65043], [-69.21177, 45.64992], [-69.21152, 45.6498], [-69.21033, 45.64961], [-69.20924, 45.64912], [-69.20834, 45.64903], [-69.2082, 45.64885], [-69.20841, 45.64861], [-69.20877, 45.64785], [-69.20871, 45.64715], [-69.20887, 45.64669], [-69.20968, 45.64606], [-69.21047, 45.64528], [-69.21061, 45.64419], [-69.2103, 45.64301], [-69.21029, 45.6426], [-69.21011, 45.64227], [-69.20976, 45.6422], [-69.20854, 45.64238], [-69.20696, 45.64222], [-69.20652, 45.64197], [-69.20598, 45.64142], [-69.2062, 45.63966], [-69.20617, 45.63922], [-69.20549, 45.63812], [-69.20523, 45.637], [-69.20459, 45.63616], [-69.2046, 45.63549], [-69.20428, 45.63458], [-69.20437, 45.63411], [-69.20487, 45.63358], [-69.20529, 45.63182], [-69.20566, 45.63123], [-69.20592, 45.63098], [-69.20631, 45.63082], [-69.20716, 45.63063], [-69.20995, 45.63031], [-69.21101, 45.6299], [-69.21156, 45.63004], [-69.21265, 45.63087], [-69.21392, 45.63112], [-69.21805, 45.63076], [-69.22057, 45.63084], [-69.22238, 45.63028], [-69.22477, 45.62971], [-69.22643, 45.62888], [-69.2278, 45.62848], [-69.23036, 45.62849], [-69.23265, 45.6289], [-69.23366, 45.62928], [-69.23488, 45.62993], [-69.23596, 45.63068], [-69.23694, 45.63121], [-69.23739, 45.63133], [-69.23974, 45.6313], [-69.24031, 45.63117], [-69.24135, 45.6307], [-69.24277, 45.62982], [-69.24332, 45.62968], [-69.24427, 45.62964], [-69.24447, 45.62893], [-69.24478, 45.62857], [-69.24546, 45.62804], [-69.24644, 45.62662], [-69.24659, 45.62578], [-69.24696, 45.62482], [-69.24721, 45.62375], [-69.24698, 45.62241], [-69.24681, 45.62201], [-69.24615, 45.62113], [-69.24604, 45.62041], [-69.24662, 45.6187], [-69.24665, 45.61778], [-69.24643, 45.61723], [-69.24638, 45.61652], [-69.24605, 45.61525], [-69.24509, 45.61315], [-69.24289, 45.612], [-69.24169, 45.61172], [-69.24115, 45.61147], [-69.24031, 45.61052], [-69.24038, 45.61027], [-69.24067, 45.61001], [-69.24181, 45.60942], [-69.24359, 45.60875], [-69.2437, 45.60855], [-69.24373, 45.6076], [-69.24269, 45.60666], [-69.24217, 45.60469], [-69.24213, 45.60413], [-69.24245, 45.60308], [-69.24246, 45.60265], [-69.24229, 45.60202], [-69.24251, 45.60132], [-69.24252, 45.6004], [-69.24271, 45.59978], [-69.24277, 45.59885], [-69.2427, 45.59863], [-69.24093, 45.59658], [-69.23953, 45.59578], [-69.2389, 45.5952], [-69.23876, 45.5949], [-69.2388, 45.59451], [-69.23939, 45.59323], [-69.23972, 45.59307], [-69.24247, 45.59257], [-69.24274, 45.59235], [-69.2434, 45.59132], [-69.24359, 45.59055], [-69.24359, 45.59013], [-69.24337, 45.58915], [-69.24302, 45.58863], [-69.24299, 45.58835], [-69.24329, 45.58768], [-69.24407, 45.58686], [-69.24413, 45.58664], [-69.24393, 45.58623], [-69.24355, 45.5859], [-69.24337, 45.58558], [-69.24343, 45.585], [-69.24363, 45.58461], [-69.24491, 45.58401], [-69.24682, 45.58354], [-69.24744, 45.5833], [-69.24883, 45.58237], [-69.2501, 45.5818], [-69.25043, 45.58149], [-69.25205, 45.58166], [-69.25593, 45.58133], [-69.25765, 45.58133], [-69.25898, 45.58098], [-69.26098, 45.58065], [-69.26328, 45.58051], [-69.26445, 45.58083], [-69.2658, 45.58211], [-69.26666, 45.58331], [-69.26796, 45.58407], [-69.26825, 45.58377], [-69.26901, 45.58331], [-69.27195, 45.5819], [-69.27548, 45.58023], [-69.28122, 45.57777], [-69.28231, 45.57702], [-69.28449, 45.57495], [-69.28525, 45.57412], [-69.28583, 45.57298], [-69.28622, 45.57265], [-69.29032, 45.57125], [-69.29198, 45.57042], [-69.29431, 45.56955], [-69.29679, 45.5683], [-69.29854, 45.56756], [-69.30267, 45.56621], [-69.3038, 45.5656], [-69.30561, 45.56378], [-69.30585, 45.56365], [-69.30765, 45.563], [-69.30823, 45.56269], [-69.30906, 45.56203], [-69.31337, 45.55991], [-69.31642, 45.55881], [-69.31629, 45.5584], [-69.31503, 45.55665], [-69.31436, 45.55534], [-69.31427, 45.55457], [-69.31438, 45.55416], [-69.31475, 45.55367], [-69.31545, 45.55317], [-69.31757, 45.55234], [-69.31881, 45.55144], [-69.31986, 45.5509], [-69.32262, 45.5502], [-69.32303, 45.55017], [-69.32428, 45.55038], [-69.32511, 45.55039], [-69.3262, 45.54977], [-69.32755, 45.54863], [-69.32969, 45.54723], [-69.33002, 45.54691], [-69.33119, 45.54541], [-69.3332, 45.54212], [-69.33351, 45.54144], [-69.33415, 45.53953], [-69.33432, 45.53871], [-69.33479, 45.53757], [-69.33508, 45.53555], [-69.33556, 45.53401], [-69.33685, 45.53223], [-69.3386, 45.53042], [-69.33924, 45.52928], [-69.33955, 45.52801], [-69.34032, 45.52708], [-69.34075, 45.52616], [-69.34129, 45.52542], [-69.34171, 45.52505], [-69.34191, 45.52467], [-69.3416, 45.52335], [-69.34094, 45.52217], [-69.33984, 45.5208], [-69.33987, 45.51989], [-69.34085, 45.51887], [-69.34339, 45.51679], [-69.34407, 45.51593], [-69.34415, 45.51571], [-69.34406, 45.5144], [-69.34421, 45.51369], [-69.34426, 45.51233], [-69.3442, 45.51197], [-69.34381, 45.51121], [-69.34375, 45.51084], [-69.34491, 45.50851], [-69.34564, 45.50626], [-69.34585, 45.50514], [-69.34581, 45.50447], [-69.34597, 45.50374], [-69.34599, 45.50202], [-69.34627, 45.50087], [-69.34662, 45.50082], [-69.34821, 45.50177], [-69.34922, 45.50268], [-69.35035, 45.50413], [-69.35067, 45.50432], [-69.35108, 45.50434], [-69.35348, 45.50392], [-69.35443, 45.50352], [-69.35521, 45.50309], [-69.3567, 45.50192], [-69.35742, 45.50123], [-69.35808, 45.50018], [-69.35814, 45.49957], [-69.3576, 45.4989], [-69.35708, 45.49849], [-69.35686, 45.49798], [-69.35698, 45.49765], [-69.35847, 45.49522], [-69.3588, 45.49362], [-69.35884, 45.49287], [-69.35913, 45.49246], [-69.36008, 45.492], [-69.36179, 45.49151], [-69.36583, 45.49084], [-69.36601, 45.49077], [-69.36614, 45.49048], [-69.36568, 45.49002], [-69.36494, 45.48949], [-69.36442, 45.48924], [-69.3631, 45.4882], [-69.36127, 45.48726], [-69.36042, 45.48657], [-69.35938, 45.48549], [-69.35752, 45.48413], [-69.35709, 45.48393], [-69.35623, 45.48375], [-69.35535, 45.48374], [-69.35092, 45.48428], [-69.34962, 45.48423], [-69.33773, 45.48096], [-69.32293, 45.47661], [-69.32166, 45.47632], [-69.32059, 45.47641], [-69.31884, 45.4769], [-69.31849, 45.47691], [-69.31808, 45.47679], [-69.31704, 45.47616], [-69.31662, 45.47601], [-69.31614, 45.476], [-69.31561, 45.47612], [-69.31401, 45.47682], [-69.31337, 45.47687], [-69.31228, 45.47663], [-69.31038, 45.4765], [-69.30843, 45.47603], [-69.30573, 45.47568], [-69.30203, 45.47582], [-69.30061, 45.47568], [-69.29686, 45.47455], [-69.29414, 45.47396], [-69.29316, 45.47415], [-69.2908, 45.47547], [-69.28824, 45.47671], [-69.28506, 45.47764], [-69.27682, 45.47845], [-69.2709, 45.47835], [-69.26886, 45.47788], [-69.25076, 45.47274], [-69.24614, 45.47157], [-69.24506, 45.47149], [-69.24371, 45.47167], [-69.24225, 45.47221], [-69.23948, 45.47299], [-69.23717, 45.47263], [-69.23608, 45.47264], [-69.23561, 45.47255], [-69.23529, 45.47236], [-69.23497, 45.47185], [-69.23463, 45.47164], [-69.2341, 45.47144], [-69.2322, 45.47103], [-69.23165, 45.47107], [-69.23099, 45.47161], [-69.22999, 45.47206], [-69.22947, 45.47204], [-69.22732, 45.47112], [-69.22638, 45.46953], [-69.22525, 45.46885], [-69.22424, 45.4685], [-69.22287, 45.46823], [-69.21908, 45.46703], [-69.21739, 45.46597], [-69.21392, 45.46434], [-69.21128, 45.46395], [-69.20535, 45.46341], [-69.20239, 45.46239], [-69.20109, 45.46237], [-69.20006, 45.46222], [-69.19821, 45.46136], [-69.19616, 45.46089], [-69.195, 45.46017], [-69.19301, 45.45999], [-69.19128, 45.45964], [-69.19078, 45.45944], [-69.19024, 45.45914], [-69.18793, 45.45719], [-69.18633, 45.45619], [-69.18599, 45.45587], [-69.18539, 45.45481], [-69.18444, 45.45249], [-69.183, 45.44936], [-69.18181, 45.4477], [-69.18126, 45.4471], [-69.18012, 45.44655], [-69.17868, 45.44629], [-69.17816, 45.44595], [-69.17685, 45.44534], [-69.17596, 45.44455], [-69.17549, 45.44426], [-69.1753, 45.44421], [-69.1747, 45.44436], [-69.17402, 45.44494], [-69.17203, 45.446], [-69.16845, 45.44756], [-69.1667, 45.44811], [-69.16445, 45.44856], [-69.16211, 45.44956], [-69.16101, 45.44992], [-69.16042, 45.44998], [-69.15983, 45.44989], [-69.1571, 45.44892], [-69.14896, 45.44706], [-69.14299, 45.44544], [-69.12699, 45.43935], [-69.11933, 45.43673], [-69.11291, 45.43415], [-69.10949, 45.4329], [-69.10764, 45.4319], [-69.10524, 45.43112], [-69.09708, 45.42796], [-69.09606, 45.42749], [-69.08744, 45.42233], [-69.08612, 45.42167], [-69.07647, 45.41753], [-69.07064, 45.41539], [-69.06732, 45.41391], [-69.06623, 45.41381], [-69.06313, 45.4113], [-69.06247, 45.40981], [-69.06215, 45.40826], [-69.06189, 45.40798], [-69.06214, 45.40708], [-69.06243, 45.40008], [-69.06221, 45.39659], [-69.06185, 45.39465], [-69.05992, 45.38986], [-69.05936, 45.38897], [-69.05708, 45.38592], [-69.05656, 45.385], [-69.05545, 45.38125], [-69.05412, 45.37841], [-69.05288, 45.37451], [-69.05178, 45.37163], [-69.05155, 45.37115], [-69.05119, 45.37071], [-69.05058, 45.37024], [-69.05011, 45.37001], [-69.0491, 45.36969], [-69.04475, 45.36887], [-69.04273, 45.36831], [-69.04135, 45.36771], [-69.04056, 45.36713], [-69.03984, 45.36628], [-69.03961, 45.36582], [-69.03747, 45.35894], [-69.03731, 45.3582], [-69.03735, 45.35743], [-69.03749, 45.35695], [-69.0378, 45.3565], [-69.03863, 45.3557], [-69.04308, 45.35268], [-69.04361, 45.35241], [-69.04418, 45.35226], [-69.04787, 45.35175], [-69.0488, 45.35132], [-69.05021, 45.35046], [-69.05132, 45.34997], [-69.05156, 45.35046], [-69.05193, 45.35079], [-69.0525, 45.35087], [-69.0537, 45.35067], [-69.05461, 45.35352], [-69.05764, 45.35784], [-69.06363, 45.36596], [-69.06424, 45.36814], [-69.0646, 45.36905], [-69.06519, 45.36983], [-69.06621, 45.37059], [-69.06776, 45.37132], [-69.07169, 45.3737], [-69.07224, 45.37421], [-69.07351, 45.37595], [-69.07509, 45.37699], [-69.08081, 45.38028], [-69.08421, 45.38144], [-69.08554, 45.38237], [-69.08613, 45.38296], [-69.08728, 45.38363], [-69.09421, 45.38608], [-69.09566, 45.38667], [-69.09669, 45.38743], [-69.09878, 45.38989], [-69.10024, 45.39103], [-69.11062, 45.39646], [-69.11143, 45.39727], [-69.11433, 45.40091], [-69.11629, 45.40505], [-69.11669, 45.40556], [-69.11721, 45.406], [-69.11801, 45.40637], [-69.11989, 45.40694], [-69.12321, 45.40866], [-69.12425, 45.4091], [-69.12934, 45.41095], [-69.12994, 45.41123], [-69.13137, 45.41221], [-69.13195, 45.41268], [-69.13273, 45.41354], [-69.13551, 45.41704], [-69.13701, 45.41814], [-69.13799, 45.41907], [-69.13919, 45.42145], [-69.14227, 45.42598], [-69.14266, 45.42635], [-69.14313, 45.42663], [-69.14524, 45.42753], [-69.14667, 45.42868], [-69.14779, 45.42978], [-69.1503, 45.43149], [-69.15142, 45.43252], [-69.15263, 45.4333], [-69.15465, 45.43441], [-69.1551, 45.43484], [-69.15554, 45.43561], [-69.15568, 45.43624], [-69.15543, 45.44006], [-69.15546, 45.44035], [-69.15571, 45.44072], [-69.15647, 45.44096], [-69.15738, 45.44095], [-69.1578, 45.4407], [-69.15846, 45.43988], [-69.15898, 45.43957], [-69.15932, 45.43924], [-69.1596, 45.43913], [-69.16092, 45.43931], [-69.16157, 45.43917], [-69.16213, 45.43892], [-69.16289, 45.43888], [-69.16354, 45.43896], [-69.16459, 45.43877], [-69.16695, 45.4389], [-69.16894, 45.43952], [-69.17025, 45.44028], [-69.17051, 45.44053], [-69.17074, 45.44113], [-69.17174, 45.44219], [-69.17208, 45.44237], [-69.1733, 45.44268], [-69.17439, 45.44382], [-69.1747, 45.44436], [-69.1753, 45.44421], [-69.17549, 45.44426], [-69.17596, 45.44455], [-69.17685, 45.44534], [-69.17816, 45.44595], [-69.17868, 45.44629], [-69.18012, 45.44655], [-69.18126, 45.4471], [-69.18181, 45.4477], [-69.183, 45.44936], [-69.18444, 45.45249], [-69.18539, 45.45481], [-69.18599, 45.45587], [-69.18633, 45.45619], [-69.18793, 45.45719], [-69.19024, 45.45914], [-69.19078, 45.45944], [-69.19128, 45.45964], [-69.19301, 45.45999], [-69.195, 45.46017], [-69.19616, 45.46089], [-69.19821, 45.46136], [-69.20006, 45.46222], [-69.20109, 45.46237], [-69.20239, 45.46239], [-69.20535, 45.46341], [-69.21128, 45.46395], [-69.21392, 45.46434], [-69.21739, 45.46597], [-69.21908, 45.46703], [-69.22287, 45.46823], [-69.22424, 45.4685], [-69.22525, 45.46885], [-69.22638, 45.46953], [-69.22746, 45.47123], [-69.22967, 45.47208], [-69.22999, 45.47206], [-69.23099, 45.47161], [-69.23165, 45.47107], [-69.2322, 45.47103], [-69.2341, 45.47144], [-69.23463, 45.47164], [-69.23497, 45.47185], [-69.23529, 45.47236], [-69.23561, 45.47255], [-69.23608, 45.47264], [-69.23717, 45.47263], [-69.23948, 45.47299], [-69.24225, 45.47221], [-69.24371, 45.47167], [-69.24506, 45.47149], [-69.24614, 45.47157], [-69.25076, 45.47274], [-69.26886, 45.47788], [-69.2709, 45.47835], [-69.27682, 45.47845], [-69.28506, 45.47764], [-69.28824, 45.47671], [-69.2908, 45.47547], [-69.29316, 45.47415], [-69.29414, 45.47396], [-69.29686, 45.47455], [-69.30061, 45.47568], [-69.30203, 45.47582], [-69.30573, 45.47568], [-69.30843, 45.47603], [-69.31038, 45.4765], [-69.31228, 45.47663], [-69.31337, 45.47687], [-69.31401, 45.47682], [-69.31561, 45.47612], [-69.31614, 45.476], [-69.31662, 45.47601], [-69.31704, 45.47616], [-69.31808, 45.47679], [-69.31849, 45.47691], [-69.31884, 45.4769], [-69.32059, 45.47641], [-69.32166, 45.47632], [-69.32293, 45.47661], [-69.33773, 45.48096], [-69.34962, 45.48423], [-69.35092, 45.48428], [-69.35535, 45.48374], [-69.35671, 45.48381], [-69.35752, 45.48413], [-69.3588, 45.48505], [-69.36127, 45.48726], [-69.3631, 45.4882], [-69.36442, 45.48924], [-69.36492, 45.48948], [-69.37011, 45.48873], [-69.37356, 45.48768], [-69.37785, 45.48682], [-69.37892, 45.48642], [-69.37937, 45.48614], [-69.37996, 45.48554], [-69.38028, 45.4849], [-69.38051, 45.48375], [-69.38086, 45.48327], [-69.38136, 45.48294], [-69.38341, 45.48305], [-69.38589, 45.48341], [-69.39354, 45.48425], [-69.39627, 45.48484], [-69.39719, 45.48517], [-69.39846, 45.48524], [-69.40004, 45.48409], [-69.40301, 45.48218], [-69.40408, 45.48054], [-69.40483, 45.47988], [-69.40545, 45.47954], [-69.40727, 45.47915], [-69.40851, 45.47868], [-69.40907, 45.47838], [-69.40991, 45.47767], [-69.40963, 45.475], [-69.40928, 45.47361], [-69.40802, 45.47137], [-69.40787, 45.47067], [-69.40796, 45.47055], [-69.40905, 45.47015], [-69.41081, 45.46909], [-69.41252, 45.46791], [-69.4138, 45.46747], [-69.4181, 45.46641], [-69.42103, 45.46588], [-69.42693, 45.46461], [-69.42935, 45.46395], [-69.43017, 45.46299], [-69.43107, 45.46213], [-69.43282, 45.46085], [-69.43808, 45.45732], [-69.43909, 45.45586], [-69.44001, 45.45511], [-69.44091, 45.45416], [-69.44124, 45.454], [-69.44234, 45.45393], [-69.44727, 45.45398], [-69.45044, 45.45438], [-69.45195, 45.45448], [-69.45549, 45.45509], [-69.45691, 45.45515], [-69.4575, 45.45508], [-69.45791, 45.45478], [-69.45886, 45.45338], [-69.45953, 45.45282], [-69.46255, 45.45064], [-69.46302, 45.45037], [-69.46367, 45.45018], [-69.46525, 45.4502], [-69.47036, 45.45143], [-69.47538, 45.45203], [-69.48218, 45.45348], [-69.49169, 45.45532], [-69.49339, 45.4562], [-69.49973, 45.46029], [-69.50062, 45.46061], [-69.50181, 45.46075], [-69.50319, 45.4606], [-69.50425, 45.46018], [-69.50484, 45.45979], [-69.51247, 45.4537], [-69.51358, 45.4526], [-69.51429, 45.45231], [-69.51526, 45.45209], [-69.51675, 45.45196], [-69.52051, 45.45212], [-69.5247, 45.45289], [-69.52724, 45.45395], [-69.52772, 45.45441], [-69.52791, 45.45497], [-69.52821, 45.45533], [-69.52941, 45.456], [-69.53018, 45.45656], [-69.53073, 45.4567], [-69.5309, 45.45664], [-69.53117, 45.45629], [-69.53187, 45.45509], [-69.5332, 45.45378], [-69.53493, 45.45273], [-69.53551, 45.45217], [-69.53598, 45.45207], [-69.53628, 45.45214], [-69.53711, 45.45264], [-69.53893, 45.45341], [-69.53926, 45.45376], [-69.53949, 45.45419], [-69.54101, 45.45548], [-69.54309, 45.45695], [-69.54474, 45.45847], [-69.5457, 45.45896], [-69.54618, 45.45907], [-69.54698, 45.45904], [-69.54945, 45.45864], [-69.55194, 45.45836], [-69.55417, 45.45822], [-69.55457, 45.45829], [-69.55486, 45.4585], [-69.55495, 45.45878], [-69.55497, 45.45948], [-69.55447, 45.46129], [-69.55451, 45.46187], [-69.55461, 45.46207], [-69.55479, 45.46212], [-69.56607, 45.45962], [-69.57942, 45.45684], [-69.5811, 45.45713], [-69.585, 45.45811], [-69.59141, 45.45947]]}}, {"type": "Feature", "properties": {"id": "gpx_amc_1", "q": "good", "t": "dirt", "c": "yes", "name": "Roach Ponds Roam & Nahmakanta Trek"}, "geometry": {"type": "LineString", "coordinates": [[-69.31932, 45.67385], [-69.31985, 45.67379], [-69.32023, 45.67361], [-69.32085, 45.67361], [-69.32199, 45.67382], [-69.32242, 45.67378], [-69.32197, 45.67265], [-69.32097, 45.67216], [-69.32059, 45.67107], [-69.32082, 45.67088], [-69.32258, 45.67077], [-69.32348, 45.67092], [-69.32594, 45.67253], [-69.33171, 45.67721], [-69.33488, 45.67953], [-69.3309, 45.68306], [-69.32905, 45.68482], [-69.32897, 45.68523], [-69.32924, 45.68577], [-69.32926, 45.6862], [-69.3291, 45.68676], [-69.32835, 45.68824], [-69.32826, 45.69088], [-69.32818, 45.69124], [-69.32798, 45.69154], [-69.32595, 45.69306], [-69.32498, 45.69357], [-69.32458, 45.69365], [-69.32369, 45.69363], [-69.32309, 45.69375], [-69.32225, 45.69414], [-69.32166, 45.69423], [-69.31695, 45.69415], [-69.31647, 45.69405], [-69.31505, 45.69339], [-69.31304, 45.69272], [-69.31206, 45.69253], [-69.30997, 45.69252], [-69.30861, 45.69226], [-69.30769, 45.69196], [-69.30658, 45.69186], [-69.30612, 45.69171], [-69.30533, 45.69125], [-69.30363, 45.69079], [-69.30285, 45.69087], [-69.29866, 45.69194], [-69.29765, 45.69193], [-69.29667, 45.69213], [-69.2941, 45.69172], [-69.2937, 45.69174], [-69.29297, 45.69195], [-69.29143, 45.69269], [-69.28923, 45.69352], [-69.28843, 45.69368], [-69.28772, 45.6937], [-69.28519, 45.69319], [-69.28164, 45.69297], [-69.28064, 45.69256], [-69.2793, 45.69173], [-69.27836, 45.69146], [-69.27796, 45.69146], [-69.27594, 45.69241], [-69.27394, 45.6931], [-69.27281, 45.69381], [-69.27192, 45.69459], [-69.27091, 45.69494], [-69.26896, 45.69535], [-69.26777, 45.69589], [-69.26704, 45.69639], [-69.26615, 45.69653], [-69.26431, 45.69631], [-69.26245, 45.69595], [-69.26184, 45.69593], [-69.26147, 45.69606], [-69.26094, 45.69647], [-69.25967, 45.69671], [-69.25758, 45.69745], [-69.25562, 45.69879], [-69.25485, 45.69949], [-69.25435, 45.69973], [-69.25304, 45.70007], [-69.25098, 45.7], [-69.2471, 45.69941], [-69.24389, 45.69863], [-69.24337, 45.69834], [-69.24268, 45.69631], [-69.24268, 45.69557], [-69.24242, 45.6933], [-69.24242, 45.69309], [-69.24285, 45.69207], [-69.24322, 45.69039], [-69.24261, 45.68933], [-69.2419, 45.68872], [-69.24115, 45.6885], [-69.24097, 45.68826], [-69.24102, 45.68784], [-69.24147, 45.68698], [-69.24086, 45.68608], [-69.24054, 45.68467], [-69.24019, 45.68442], [-69.23936, 45.68414], [-69.23917, 45.68398], [-69.23937, 45.68301], [-69.23935, 45.68257], [-69.23951, 45.68217], [-69.23941, 45.68167], [-69.23915, 45.68129], [-69.23846, 45.68102], [-69.2373, 45.68093], [-69.23641, 45.68103], [-69.23275, 45.6811], [-69.23126, 45.68089], [-69.2285, 45.68076], [-69.22599, 45.68032], [-69.22487, 45.68099], [-69.22441, 45.68154], [-69.22415, 45.68165], [-69.22176, 45.68202], [-69.2212, 45.68222], [-69.22076, 45.683], [-69.22076, 45.6832], [-69.22105, 45.68357], [-69.22115, 45.68393], [-69.22056, 45.68429], [-69.21797, 45.68493], [-69.21646, 45.68497], [-69.21526, 45.68481], [-69.21375, 45.68483], [-69.21266, 45.68446], [-69.21176, 45.68437], [-69.21147, 45.68443], [-69.21061, 45.68503], [-69.20919, 45.68543], [-69.20805, 45.68568], [-69.20653, 45.68577], [-69.20555, 45.68621], [-69.2043, 45.68715], [-69.20359, 45.68786], [-69.20217, 45.68824], [-69.20002, 45.68939], [-69.19886, 45.68963], [-69.19863, 45.68976], [-69.19828, 45.69034], [-69.19783, 45.69061], [-69.19693, 45.69083], [-69.19615, 45.69055], [-69.19498, 45.6907], [-69.19344, 45.69171], [-69.19217, 45.69232], [-69.19041, 45.69267], [-69.18893, 45.69246], [-69.18801, 45.69244], [-69.18625, 45.6928], [-69.1853, 45.69333], [-69.18441, 45.69348], [-69.18334, 45.69386], [-69.18246, 45.69401], [-69.18095, 45.69403], [-69.17855, 45.69439], [-69.17736, 45.69417], [-69.17631, 45.69373], [-69.17511, 45.69359], [-69.17381, 45.69329], [-69.17232, 45.69405], [-69.17095, 45.69455], [-69.16821, 45.6948], [-69.16748, 45.69513], [-69.16651, 45.69577], [-69.16598, 45.69621], [-69.16523, 45.69713], [-69.16491, 45.69838], [-69.16513, 45.69987], [-69.16508, 45.7003], [-69.1641, 45.7021], [-69.16348, 45.70258], [-69.1613, 45.70464], [-69.16012, 45.70535], [-69.15901, 45.70572], [-69.15819, 45.70643], [-69.15741, 45.70971], [-69.15696, 45.71055], [-69.15658, 45.71087], [-69.15503, 45.71152], [-69.1526, 45.71312], [-69.15245, 45.71371], [-69.15263, 45.71411], [-69.15614, 45.71702], [-69.15495, 45.71873], [-69.15275, 45.72127], [-69.14916, 45.72419], [-69.14828, 45.72554], [-69.14779, 45.72607], [-69.14472, 45.72834], [-69.14446, 45.72844], [-69.14331, 45.72833], [-69.14271, 45.72839], [-69.14214, 45.72856], [-69.13952, 45.73004], [-69.13803, 45.73028], [-69.13587, 45.73106], [-69.13439, 45.73134], [-69.13275, 45.73189], [-69.12888, 45.73252], [-69.12523, 45.73276], [-69.12222, 45.73331], [-69.12016, 45.73313], [-69.11871, 45.73341], [-69.11569, 45.73306], [-69.11455, 45.73277], [-69.11395, 45.73273], [-69.11196, 45.73328], [-69.11148, 45.73353], [-69.11105, 45.73383], [-69.10967, 45.73523], [-69.10868, 45.73577], [-69.10809, 45.73589], [-69.10627, 45.73598], [-69.10537, 45.7359], [-69.10427, 45.73603], [-69.10361, 45.73599], [-69.10304, 45.73619], [-69.10361, 45.73599], [-69.10427, 45.73603], [-69.10537, 45.7359], [-69.10627, 45.73598], [-69.10809, 45.73589], [-69.10868, 45.73577], [-69.10967, 45.73523], [-69.11105, 45.73383], [-69.11148, 45.73353], [-69.11196, 45.73328], [-69.11395, 45.73273], [-69.11455, 45.73277], [-69.11569, 45.73306], [-69.11871, 45.73341], [-69.12016, 45.73313], [-69.12222, 45.73331], [-69.12523, 45.73276], [-69.12888, 45.73252], [-69.13275, 45.73189], [-69.13439, 45.73134], [-69.13587, 45.73106], [-69.13803, 45.73028], [-69.13952, 45.73004], [-69.14214, 45.72856], [-69.14271, 45.72839], [-69.14331, 45.72833], [-69.14446, 45.72844], [-69.14472, 45.72834], [-69.14779, 45.72607], [-69.14828, 45.72554], [-69.14916, 45.72419], [-69.15275, 45.72127], [-69.15453, 45.71929], [-69.15614, 45.71702], [-69.15263, 45.71411], [-69.15245, 45.71371], [-69.1526, 45.71312], [-69.15503, 45.71152], [-69.15678, 45.71073], [-69.15714, 45.71032], [-69.15735, 45.70991], [-69.15819, 45.70643], [-69.15901, 45.70572], [-69.16012, 45.70535], [-69.1613, 45.70464], [-69.16348, 45.70258], [-69.1641, 45.7021], [-69.16508, 45.7003], [-69.16513, 45.69987], [-69.16491, 45.69838], [-69.16523, 45.69713], [-69.16598, 45.69621], [-69.16679, 45.69557], [-69.16794, 45.69488], [-69.16851, 45.69475], [-69.17095, 45.69455], [-69.17232, 45.69405], [-69.17381, 45.69329], [-69.17511, 45.69359], [-69.17631, 45.69373], [-69.17736, 45.69417], [-69.17855, 45.69439], [-69.18095, 45.69403], [-69.18246, 45.69401], [-69.18334, 45.69386], [-69.18441, 45.69348], [-69.1853, 45.69333], [-69.18625, 45.6928], [-69.18801, 45.69244], [-69.18893, 45.69246], [-69.19041, 45.69267], [-69.19217, 45.69232], [-69.19344, 45.69171], [-69.19498, 45.6907], [-69.19615, 45.69055], [-69.19693, 45.69083], [-69.19783, 45.69061], [-69.19828, 45.69034], [-69.19863, 45.68976], [-69.19886, 45.68963], [-69.20002, 45.68939], [-69.20217, 45.68824], [-69.20359, 45.68786], [-69.2043, 45.68715], [-69.20555, 45.68621], [-69.20653, 45.68577], [-69.20805, 45.68568], [-69.20919, 45.68543], [-69.21061, 45.68503], [-69.21147, 45.68443], [-69.21176, 45.68437], [-69.21266, 45.68446], [-69.21375, 45.68483], [-69.21526, 45.68481], [-69.21646, 45.68497], [-69.21797, 45.68493], [-69.22056, 45.68429], [-69.22115, 45.68393], [-69.22105, 45.68357], [-69.22076, 45.6832], [-69.22076, 45.683], [-69.2212, 45.68222], [-69.22176, 45.68202], [-69.22415, 45.68165], [-69.22441, 45.68154], [-69.22487, 45.68099], [-69.22599, 45.68032], [-69.22585, 45.67987], [-69.22501, 45.67939], [-69.22468, 45.6788], [-69.22473, 45.67773], [-69.22521, 45.67697], [-69.22698, 45.67636], [-69.22816, 45.67624], [-69.22925, 45.67551], [-69.22938, 45.67532], [-69.22927, 45.67467], [-69.22769, 45.67234], [-69.2272, 45.67135], [-69.2273, 45.67072], [-69.2281, 45.66984], [-69.22801, 45.66962], [-69.22746, 45.66911], [-69.22743, 45.66848], [-69.22833, 45.66736], [-69.22853, 45.66681], [-69.22843, 45.66655], [-69.22779, 45.66609], [-69.22692, 45.66522], [-69.22676, 45.66475], [-69.22683, 45.66417], [-69.22744, 45.66374], [-69.22772, 45.66368], [-69.22862, 45.66385], [-69.22961, 45.66433], [-69.23114, 45.66447], [-69.23292, 45.66423], [-69.23411, 45.66356], [-69.23525, 45.66325], [-69.23553, 45.66321], [-69.2364, 45.6634], [-69.23699, 45.66333], [-69.23762, 45.66288], [-69.23859, 45.66237], [-69.23938, 45.66146], [-69.23932, 45.66138], [-69.2377, 45.66178], [-69.23681, 45.66176], [-69.23636, 45.66148], [-69.23603, 45.66087], [-69.23443, 45.65959], [-69.233, 45.65823], [-69.23226, 45.65782], [-69.23091, 45.65734], [-69.23028, 45.65689], [-69.22861, 45.65636], [-69.22677, 45.65633], [-69.22591, 45.65621], [-69.22497, 45.65567], [-69.22388, 45.65525], [-69.22281, 45.65449], [-69.22184, 45.65398], [-69.22065, 45.65391], [-69.21937, 45.65335], [-69.21833, 45.65327], [-69.2164, 45.65283], [-69.21531, 45.65271], [-69.21457, 45.65233], [-69.21391, 45.65153], [-69.21278, 45.65111], [-69.21249, 45.65043], [-69.21177, 45.64992], [-69.21152, 45.6498], [-69.21033, 45.64961], [-69.20943, 45.64917], [-69.20849, 45.64907], [-69.20825, 45.64896], [-69.2082, 45.64885], [-69.20841, 45.64861], [-69.20877, 45.64785], [-69.20871, 45.64715], [-69.20887, 45.64669], [-69.20968, 45.64606], [-69.21047, 45.64528], [-69.21061, 45.64419], [-69.2103, 45.64301], [-69.21029, 45.6426], [-69.21011, 45.64227], [-69.20976, 45.6422], [-69.20854, 45.64238], [-69.20696, 45.64222], [-69.20652, 45.64197], [-69.20598, 45.64142], [-69.2062, 45.63966], [-69.20617, 45.63922], [-69.20549, 45.63812], [-69.20523, 45.637], [-69.20459, 45.63616], [-69.2046, 45.63549], [-69.20428, 45.63458], [-69.20437, 45.63411], [-69.20487, 45.63358], [-69.20529, 45.63182], [-69.20566, 45.63123], [-69.20592, 45.63098], [-69.20631, 45.63082], [-69.20716, 45.63063], [-69.20995, 45.63031], [-69.21101, 45.6299], [-69.21156, 45.63004], [-69.21265, 45.63087], [-69.21392, 45.63112], [-69.21805, 45.63076], [-69.22057, 45.63084], [-69.22238, 45.63028], [-69.22501, 45.62963], [-69.22643, 45.62888], [-69.22732, 45.62857], [-69.22933, 45.62843], [-69.23134, 45.62862], [-69.23321, 45.62907], [-69.23488, 45.62993], [-69.23596, 45.63068], [-69.23694, 45.63121], [-69.23739, 45.63133], [-69.23974, 45.6313], [-69.24031, 45.63117], [-69.24135, 45.6307], [-69.24277, 45.62982], [-69.24332, 45.62968], [-69.2443, 45.62964], [-69.24506, 45.6297], [-69.24531, 45.62981], [-69.24659, 45.63099], [-69.2474, 45.63126], [-69.25126, 45.63169], [-69.2546, 45.6315], [-69.25547, 45.63167], [-69.2559, 45.63195], [-69.25691, 45.63303], [-69.25859, 45.63453], [-69.26146, 45.63732], [-69.26286, 45.63846], [-69.2735, 45.64608], [-69.27383, 45.64647], [-69.27385, 45.64668], [-69.27364, 45.64728], [-69.27372, 45.64751], [-69.27392, 45.64765], [-69.27489, 45.64812], [-69.2793, 45.64955], [-69.28515, 45.65321], [-69.2902, 45.65593], [-69.29171, 45.65666], [-69.29341, 45.65712], [-69.29546, 45.65807], [-69.29671, 45.65881], [-69.29752, 45.65943], [-69.29993, 45.66192], [-69.30038, 45.66219], [-69.31298, 45.66747], [-69.31944, 45.6704], [-69.32082, 45.67088], [-69.32059, 45.67107], [-69.32086, 45.67197], [-69.32108, 45.67226], [-69.32167, 45.67245], [-69.32197, 45.67265], [-69.32242, 45.67378], [-69.32199, 45.67382], [-69.32085, 45.67361], [-69.32023, 45.67361], [-69.31985, 45.67379], [-69.31932, 45.67385]]}}, {"type": "Feature", "properties": {"id": "gpx_amc_2", "q": "good", "t": "dirt", "c": "yes", "name": "AMC Rambler 75"}, "geometry": {"type": "LineString", "coordinates": [[-69.32243, 45.67379], [-69.32225, 45.67358], [-69.32203, 45.67274], [-69.32175, 45.67253], [-69.32095, 45.67219], [-69.3206, 45.67122], [-69.32065, 45.6709], [-69.32121, 45.67097], [-69.32291, 45.67081], [-69.32347, 45.67095], [-69.3259, 45.67254], [-69.33168, 45.67723], [-69.33485, 45.67953], [-69.32905, 45.68482], [-69.32896, 45.68524], [-69.32923, 45.68578], [-69.32927, 45.68606], [-69.3291, 45.68676], [-69.32835, 45.68824], [-69.32829, 45.69059], [-69.32812, 45.69137], [-69.32777, 45.69173], [-69.32595, 45.69306], [-69.32498, 45.69357], [-69.32337, 45.69367], [-69.32223, 45.69413], [-69.32163, 45.69423], [-69.31688, 45.69415], [-69.31638, 45.69405], [-69.31471, 45.6933], [-69.31272, 45.69266], [-69.31185, 45.69252], [-69.31001, 45.69254], [-69.30863, 45.6923], [-69.30751, 45.69196], [-69.30611, 45.69178], [-69.30516, 45.69124], [-69.30328, 45.69076], [-69.30257, 45.69087], [-69.29876, 45.69186], [-69.29758, 45.69189], [-69.29682, 45.69208], [-69.29593, 45.69201], [-69.2943, 45.69169], [-69.29371, 45.69169], [-69.29279, 45.69191], [-69.29125, 45.69266], [-69.28907, 45.6935], [-69.28777, 45.6937], [-69.28697, 45.69361], [-69.28505, 45.69318], [-69.28131, 45.69291], [-69.2803, 45.69243], [-69.27918, 45.69171], [-69.27804, 45.69143], [-69.27747, 45.69156], [-69.27593, 45.69235], [-69.27384, 45.69309], [-69.27271, 45.6938], [-69.27165, 45.69467], [-69.26892, 45.69536], [-69.26767, 45.6959], [-69.2669, 45.6964], [-69.26597, 45.69655], [-69.26414, 45.69633], [-69.2621, 45.69594], [-69.2615, 45.69599], [-69.26081, 45.69649], [-69.2595, 45.69673], [-69.25748, 45.69746], [-69.25637, 45.69818], [-69.25479, 45.69946], [-69.25348, 45.69995], [-69.2525, 45.70004], [-69.25117, 45.69998], [-69.24737, 45.6994], [-69.24378, 45.69853], [-69.24332, 45.69832], [-69.2427, 45.69629], [-69.24239, 45.69331], [-69.24239, 45.69294], [-69.24277, 45.69221], [-69.24293, 45.69095], [-69.24314, 45.69063], [-69.24317, 45.6904], [-69.24256, 45.68933], [-69.24185, 45.68872], [-69.24126, 45.68858], [-69.24092, 45.68826], [-69.24096, 45.68785], [-69.2414, 45.68713], [-69.2414, 45.68698], [-69.24129, 45.68671], [-69.24079, 45.68608], [-69.24047, 45.68467], [-69.24011, 45.68442], [-69.23928, 45.68414], [-69.23907, 45.68391], [-69.23928, 45.68301], [-69.23926, 45.68257], [-69.23943, 45.68217], [-69.23917, 45.68138], [-69.23883, 45.68115], [-69.23813, 45.68098], [-69.23722, 45.68093], [-69.23603, 45.68104], [-69.2327, 45.6811], [-69.23123, 45.68088], [-69.22874, 45.68081], [-69.22678, 45.68049], [-69.226, 45.68031], [-69.22582, 45.67983], [-69.22502, 45.67942], [-69.22465, 45.67868], [-69.22474, 45.67778], [-69.22522, 45.67695], [-69.22699, 45.67634], [-69.22811, 45.67624], [-69.22925, 45.6755], [-69.22939, 45.67531], [-69.22927, 45.67466], [-69.22771, 45.67238], [-69.22719, 45.67135], [-69.22729, 45.67072], [-69.22798, 45.67005], [-69.22809, 45.66983], [-69.228, 45.6696], [-69.22745, 45.66909], [-69.22741, 45.66845], [-69.22838, 45.66719], [-69.2285, 45.6667], [-69.22821, 45.66631], [-69.22776, 45.66602], [-69.22688, 45.66518], [-69.22672, 45.66473], [-69.22679, 45.66418], [-69.22717, 45.66387], [-69.22769, 45.6637], [-69.22859, 45.66387], [-69.22958, 45.66435], [-69.23111, 45.66449], [-69.2329, 45.66424], [-69.2343, 45.66348], [-69.23527, 45.66325], [-69.2367, 45.66341], [-69.23723, 45.66322], [-69.23783, 45.66274], [-69.23858, 45.66237], [-69.23931, 45.66163], [-69.23943, 45.66136], [-69.2377, 45.66178], [-69.23681, 45.66176], [-69.23636, 45.66148], [-69.23603, 45.66087], [-69.23452, 45.65967], [-69.233, 45.65823], [-69.23226, 45.65782], [-69.23091, 45.65734], [-69.23028, 45.65689], [-69.22861, 45.65636], [-69.22677, 45.65633], [-69.22591, 45.65621], [-69.22497, 45.65567], [-69.22388, 45.65525], [-69.22281, 45.65449], [-69.22184, 45.65398], [-69.22065, 45.65391], [-69.21937, 45.65335], [-69.21833, 45.65327], [-69.21651, 45.65285], [-69.21531, 45.65271], [-69.21457, 45.65233], [-69.21391, 45.65153], [-69.21299, 45.65125], [-69.21278, 45.6511], [-69.21249, 45.65043], [-69.21177, 45.64992], [-69.21006, 45.64952], [-69.20942, 45.64916], [-69.20849, 45.64907], [-69.20815, 45.64892], [-69.20868, 45.64813], [-69.20878, 45.64756], [-69.20871, 45.64715], [-69.2089, 45.6467], [-69.21049, 45.64525], [-69.21047, 45.64483], [-69.21061, 45.64419], [-69.21031, 45.64307], [-69.21029, 45.6426], [-69.21011, 45.64227], [-69.2096, 45.64222], [-69.20854, 45.64238], [-69.20696, 45.64222], [-69.20652, 45.64197], [-69.20604, 45.64152], [-69.20596, 45.64131], [-69.2062, 45.63966], [-69.20616, 45.63922], [-69.20548, 45.63812], [-69.20523, 45.637], [-69.20464, 45.63626], [-69.20462, 45.63556], [-69.20428, 45.63458], [-69.20437, 45.6341], [-69.20487, 45.63358], [-69.20529, 45.63182], [-69.20566, 45.63123], [-69.20604, 45.63092], [-69.20687, 45.63068], [-69.20995, 45.63031], [-69.21101, 45.62992], [-69.21156, 45.63004], [-69.21265, 45.63087], [-69.21392, 45.63112], [-69.21805, 45.63076], [-69.22057, 45.63084], [-69.22226, 45.63031], [-69.22477, 45.62971], [-69.22659, 45.62882], [-69.22732, 45.62857], [-69.22829, 45.62844], [-69.23036, 45.62849], [-69.23283, 45.62894], [-69.23488, 45.62993], [-69.23675, 45.63112], [-69.23717, 45.63129], [-69.23768, 45.63134], [-69.24003, 45.63125], [-69.24143, 45.63066], [-69.24277, 45.62982], [-69.24332, 45.62968], [-69.24427, 45.62964], [-69.24447, 45.62893], [-69.24478, 45.62857], [-69.24546, 45.62804], [-69.24643, 45.62663], [-69.24659, 45.62578], [-69.24696, 45.62482], [-69.24721, 45.62375], [-69.24698, 45.62241], [-69.24681, 45.62201], [-69.24624, 45.62133], [-69.24604, 45.62041], [-69.24663, 45.61862], [-69.24665, 45.61778], [-69.24643, 45.61722], [-69.24638, 45.61652], [-69.24605, 45.61525], [-69.24509, 45.61315], [-69.24289, 45.612], [-69.24193, 45.61179], [-69.24115, 45.61147], [-69.24038, 45.61065], [-69.24034, 45.61037], [-69.24067, 45.61001], [-69.24181, 45.60942], [-69.24359, 45.60875], [-69.2437, 45.60855], [-69.24373, 45.60769], [-69.24367, 45.60748], [-69.24269, 45.60666], [-69.24217, 45.60469], [-69.24215, 45.60401], [-69.24245, 45.60313], [-69.24246, 45.60264], [-69.24229, 45.60202], [-69.24251, 45.60132], [-69.24252, 45.6004], [-69.24271, 45.59978], [-69.24277, 45.59885], [-69.2427, 45.59863], [-69.24088, 45.5966], [-69.23948, 45.59578], [-69.23915, 45.59546], [-69.23885, 45.59514], [-69.23877, 45.59479], [-69.23943, 45.59319], [-69.23963, 45.59308], [-69.24183, 45.59276], [-69.24251, 45.59256], [-69.24273, 45.59241], [-69.24336, 45.59144], [-69.2436, 45.59037], [-69.24339, 45.58916], [-69.24301, 45.58854], [-69.24304, 45.58821], [-69.24347, 45.58744], [-69.24409, 45.58688], [-69.24416, 45.58666], [-69.244, 45.58629], [-69.24343, 45.58574], [-69.24338, 45.58538], [-69.24363, 45.5846], [-69.24496, 45.58399], [-69.24729, 45.58335], [-69.24903, 45.58224], [-69.25013, 45.58178], [-69.25052, 45.58148], [-69.25212, 45.58165], [-69.25447, 45.58141], [-69.25724, 45.58136], [-69.25787, 45.5813], [-69.25947, 45.58087], [-69.26092, 45.58091], [-69.2628, 45.58076], [-69.26424, 45.58111], [-69.26531, 45.58165], [-69.26582, 45.58211], [-69.26656, 45.58317], [-69.26686, 45.58345], [-69.26843, 45.58435], [-69.27071, 45.5853], [-69.27266, 45.5868], [-69.27348, 45.58726], [-69.27383, 45.58807], [-69.27442, 45.5889], [-69.27493, 45.58915], [-69.27639, 45.58945], [-69.27718, 45.58977], [-69.27748, 45.5898], [-69.27827, 45.58972], [-69.2802, 45.58892], [-69.28102, 45.58893], [-69.2822, 45.58912], [-69.28339, 45.58905], [-69.28433, 45.58862], [-69.28549, 45.58792], [-69.28786, 45.58681], [-69.28952, 45.58662], [-69.2915, 45.58658], [-69.29419, 45.5858], [-69.2975, 45.58543], [-69.29884, 45.58536], [-69.29927, 45.58544], [-69.29974, 45.58559], [-69.30165, 45.58661], [-69.30219, 45.58681], [-69.30277, 45.58688], [-69.30458, 45.5867], [-69.30679, 45.586], [-69.30868, 45.58598], [-69.30999, 45.5862], [-69.31147, 45.58682], [-69.31181, 45.58714], [-69.31195, 45.5876], [-69.31202, 45.58951], [-69.31214, 45.58993], [-69.31236, 45.59033], [-69.31437, 45.59283], [-69.31471, 45.5937], [-69.31498, 45.59507], [-69.31541, 45.59586], [-69.31668, 45.59689], [-69.32074, 45.59937], [-69.3211, 45.59972], [-69.32219, 45.60117], [-69.32436, 45.60305], [-69.32489, 45.60383], [-69.32514, 45.60632], [-69.32619, 45.60609], [-69.32776, 45.60638], [-69.32887, 45.60639], [-69.32935, 45.60629], [-69.3295, 45.6061], [-69.32956, 45.60574], [-69.3294, 45.60503], [-69.32953, 45.60397], [-69.32913, 45.60315], [-69.32914, 45.60281], [-69.32968, 45.60117], [-69.32968, 45.6002], [-69.32995, 45.59923], [-69.32989, 45.59861], [-69.33014, 45.59813], [-69.33021, 45.59763], [-69.32988, 45.59697], [-69.32901, 45.59619], [-69.32888, 45.59593], [-69.32885, 45.59557], [-69.3289, 45.595], [-69.32913, 45.59433], [-69.3295, 45.59365], [-69.32975, 45.59343], [-69.33045, 45.59317], [-69.33204, 45.59308], [-69.33402, 45.59231], [-69.33587, 45.59189], [-69.33797, 45.59173], [-69.33846, 45.59178], [-69.33888, 45.59198], [-69.34036, 45.59227], [-69.34116, 45.59253], [-69.34338, 45.59379], [-69.34532, 45.59393], [-69.34684, 45.59359], [-69.34729, 45.5934], [-69.34762, 45.59314], [-69.34829, 45.59256], [-69.34871, 45.59196], [-69.34896, 45.59176], [-69.35096, 45.59115], [-69.35138, 45.5909], [-69.3515, 45.59073], [-69.35155, 45.59002], [-69.35301, 45.58793], [-69.35372, 45.58647], [-69.35451, 45.58579], [-69.35498, 45.58477], [-69.35512, 45.58469], [-69.3556, 45.58474], [-69.35684, 45.58527], [-69.35834, 45.58527], [-69.35872, 45.58518], [-69.35905, 45.58491], [-69.35917, 45.58466], [-69.35912, 45.58351], [-69.35968, 45.58318], [-69.36101, 45.58329], [-69.36258, 45.58406], [-69.36427, 45.58435], [-69.36549, 45.58488], [-69.36652, 45.58494], [-69.36821, 45.58571], [-69.36957, 45.5861], [-69.37023, 45.58652], [-69.37051, 45.58754], [-69.37071, 45.58787], [-69.37086, 45.58792], [-69.37187, 45.58807], [-69.37338, 45.58813], [-69.37461, 45.58782], [-69.37642, 45.58784], [-69.3776, 45.58768], [-69.3781, 45.58774], [-69.37889, 45.58818], [-69.38027, 45.58858], [-69.38351, 45.58906], [-69.38482, 45.58912], [-69.38477, 45.58974], [-69.38423, 45.59041], [-69.38412, 45.59099], [-69.38416, 45.5914], [-69.38449, 45.59192], [-69.38462, 45.5924], [-69.38442, 45.5931], [-69.38359, 45.5939], [-69.38335, 45.59402], [-69.38297, 45.59403], [-69.38145, 45.59347], [-69.37928, 45.59284], [-69.37868, 45.59276], [-69.37754, 45.59304], [-69.37718, 45.59328], [-69.37717, 45.59343], [-69.37755, 45.59408], [-69.37785, 45.59517], [-69.37787, 45.59589], [-69.37813, 45.59655], [-69.38027, 45.59808], [-69.38058, 45.59894], [-69.38185, 45.60085], [-69.38143, 45.60147], [-69.38072, 45.60171], [-69.38047, 45.60161], [-69.37995, 45.60084], [-69.3796, 45.6006], [-69.37871, 45.60063], [-69.37784, 45.60093], [-69.37682, 45.60202], [-69.37656, 45.60299], [-69.37589, 45.60416], [-69.37589, 45.60511], [-69.37591, 45.60531], [-69.37603, 45.60531], [-69.37602, 45.60568], [-69.37594, 45.60602], [-69.37548, 45.60694], [-69.3754, 45.60749], [-69.37546, 45.60818], [-69.37581, 45.60918], [-69.37567, 45.60993], [-69.37535, 45.61071], [-69.37533, 45.61146], [-69.37434, 45.61261], [-69.37418, 45.61302], [-69.37424, 45.61498], [-69.3744, 45.61539], [-69.37495, 45.61616], [-69.37492, 45.61775], [-69.37545, 45.61912], [-69.37559, 45.62039], [-69.37596, 45.62112], [-69.37664, 45.62207], [-69.37741, 45.62297], [-69.37793, 45.62339], [-69.37815, 45.62378], [-69.37802, 45.62426], [-69.3774, 45.62546], [-69.37742, 45.62582], [-69.37791, 45.62712], [-69.37773, 45.62896], [-69.37792, 45.62921], [-69.37985, 45.63084], [-69.38062, 45.63166], [-69.38085, 45.63292], [-69.38082, 45.63356], [-69.38133, 45.63566], [-69.38192, 45.63663], [-69.38329, 45.63766], [-69.38343, 45.63792], [-69.38328, 45.63897], [-69.38331, 45.64024], [-69.38322, 45.64073], [-69.3828, 45.6411], [-69.38208, 45.64138], [-69.38093, 45.64206], [-69.37855, 45.64262], [-69.37747, 45.643], [-69.37426, 45.64333], [-69.37349, 45.64325], [-69.37332, 45.64332], [-69.37324, 45.64345], [-69.37329, 45.64359], [-69.37423, 45.64427], [-69.37429, 45.64476], [-69.36185, 45.64014], [-69.36085, 45.63959], [-69.35982, 45.63853], [-69.35589, 45.63505], [-69.34963, 45.63113], [-69.34894, 45.63034], [-69.34853, 45.63003], [-69.34683, 45.62944], [-69.346, 45.62892], [-69.34489, 45.62781], [-69.34415, 45.62618], [-69.34276, 45.62471], [-69.34196, 45.62405], [-69.34165, 45.62317], [-69.34129, 45.62267], [-69.33836, 45.62128], [-69.33535, 45.61877], [-69.33585, 45.61842], [-69.33756, 45.61789], [-69.33967, 45.61599], [-69.34086, 45.61421], [-69.34139, 45.61319], [-69.34267, 45.61187], [-69.34321, 45.6116], [-69.3437, 45.61116], [-69.34371, 45.61096], [-69.34316, 45.61041], [-69.34153, 45.61049], [-69.34079, 45.61062], [-69.34015, 45.61083], [-69.33927, 45.61135], [-69.33797, 45.61151], [-69.33768, 45.6115], [-69.3353, 45.61074], [-69.33453, 45.61081], [-69.33428, 45.61061], [-69.33418, 45.61], [-69.33362, 45.6095], [-69.3324, 45.60908], [-69.33185, 45.60901], [-69.33119, 45.6087], [-69.33043, 45.60744], [-69.32993, 45.60709], [-69.32923, 45.60633], [-69.32776, 45.60638], [-69.32619, 45.6061], [-69.32514, 45.60632], [-69.32546, 45.60829], [-69.32574, 45.60918], [-69.32577, 45.60968], [-69.32558, 45.61067], [-69.32508, 45.61217], [-69.32465, 45.61247], [-69.32314, 45.61287], [-69.32273, 45.61318], [-69.32258, 45.61353], [-69.32276, 45.61316], [-69.32147, 45.61362], [-69.32005, 45.61372], [-69.31926, 45.61399], [-69.31892, 45.61435], [-69.31878, 45.61491], [-69.31813, 45.61601], [-69.31784, 45.61631], [-69.31762, 45.6164], [-69.31726, 45.6164], [-69.31673, 45.61621], [-69.31559, 45.61518], [-69.31486, 45.61474], [-69.31332, 45.61462], [-69.31213, 45.61432], [-69.31107, 45.61443], [-69.3106, 45.61438], [-69.30914, 45.61382], [-69.30708, 45.61402], [-69.30594, 45.61385], [-69.30422, 45.61403], [-69.3019, 45.61393], [-69.30043, 45.6142], [-69.2967, 45.61426], [-69.2962, 45.61422], [-69.29462, 45.61374], [-69.29258, 45.61374], [-69.29047, 45.61397], [-69.28948, 45.61417], [-69.28689, 45.61441], [-69.28651, 45.61433], [-69.28571, 45.61392], [-69.28469, 45.61379], [-69.28508, 45.61553], [-69.28577, 45.6173], [-69.28624, 45.61905], [-69.2874, 45.62116], [-69.2876, 45.62204], [-69.28761, 45.62359], [-69.2877, 45.62411], [-69.28835, 45.62646], [-69.28856, 45.62692], [-69.28897, 45.6287], [-69.28951, 45.6303], [-69.28998, 45.63124], [-69.29034, 45.6329], [-69.29056, 45.6334], [-69.29099, 45.63402], [-69.29185, 45.63498], [-69.29221, 45.6359], [-69.29232, 45.63668], [-69.29227, 45.63716], [-69.29198, 45.63748], [-69.29045, 45.6383], [-69.28755, 45.63854], [-69.28706, 45.63874], [-69.28613, 45.63949], [-69.28616, 45.63991], [-69.2866, 45.64028], [-69.29191, 45.64277], [-69.29255, 45.64317], [-69.29364, 45.64486], [-69.29385, 45.64559], [-69.29513, 45.6466], [-69.29563, 45.64731], [-69.29633, 45.6478], [-69.29609, 45.64802], [-69.2961, 45.64817], [-69.29632, 45.64852], [-69.29652, 45.64926], [-69.29686, 45.64968], [-69.29696, 45.65004], [-69.2971, 45.65011], [-69.29723, 45.65003], [-69.29723, 45.64968], [-69.29757, 45.64992], [-69.29823, 45.64978], [-69.29843, 45.64988], [-69.29996, 45.65151], [-69.30119, 45.65251], [-69.3017, 45.65349], [-69.30259, 45.65597], [-69.30374, 45.65728], [-69.30349, 45.65803], [-69.30445, 45.65861], [-69.30512, 45.65876], [-69.30554, 45.65873], [-69.30615, 45.65919], [-69.30663, 45.65938], [-69.30677, 45.65964], [-69.30737, 45.65968], [-69.30826, 45.65995], [-69.30881, 45.66049], [-69.3099, 45.66126], [-69.31062, 45.66142], [-69.31112, 45.66187], [-69.31189, 45.6622], [-69.31242, 45.66216], [-69.31305, 45.66237], [-69.31363, 45.66236], [-69.31394, 45.66251], [-69.31384, 45.66277], [-69.31401, 45.663], [-69.31583, 45.66372], [-69.31638, 45.66411], [-69.31728, 45.66429], [-69.31883, 45.66484], [-69.31882, 45.66554], [-69.31853, 45.66643], [-69.31872, 45.66746], [-69.31881, 45.66766], [-69.31948, 45.66835], [-69.32025, 45.66959], [-69.32058, 45.67083], [-69.32082, 45.67088], [-69.32059, 45.67107], [-69.32097, 45.67216], [-69.32203, 45.67274], [-69.32225, 45.67358], [-69.32242, 45.67378]]}}, {"type": "Feature", "properties": {"id": "kml_erie", "q": "good", "t": "rail", "c": "yes", "name": "Erie Canal Trail"}, "geometry": {"type": "LineString", "coordinates": [[-78.87887, 42.87778], [-78.87901, 42.87781], [-78.87851, 42.87835], [-78.87831, 42.87871], [-78.87846, 42.87877], [-78.88035, 42.88091], [-78.88082, 42.88076], [-78.881, 42.88084], [-78.88137, 42.88141], [-78.88192, 42.88173], [-78.88244, 42.8822], [-78.88488, 42.88461], [-78.88573, 42.88492], [-78.8856, 42.88536], [-78.88601, 42.8858], [-78.88646, 42.88608], [-78.88686, 42.88668], [-78.88729, 42.8869], [-78.8876, 42.88724], [-78.88796, 42.88717], [-78.88818, 42.88698], [-78.88883, 42.88752], [-78.88919, 42.88753], [-78.88965, 42.88771], [-78.89025, 42.88751], [-78.89056, 42.88784], [-78.89235, 42.88809], [-78.8948, 42.89029], [-78.8998, 42.89385], [-78.89985, 42.89401], [-78.90083, 42.89494], [-78.90172, 42.89639], [-78.89981, 42.89732], [-78.89989, 42.8974], [-78.89912, 42.8978], [-78.89978, 42.89877], [-78.90046, 42.90012], [-78.90158, 42.90294], [-78.9017, 42.90398], [-78.90154, 42.90548], [-78.9007, 42.9055], [-78.90036, 42.9078], [-78.90036, 42.90858], [-78.90027, 42.90872], [-78.89928, 42.91749], [-78.89865, 42.92085], [-78.89755, 42.92936], [-78.90118, 42.93231], [-78.9056, 42.94086], [-78.90671, 42.9404], [-78.90762, 42.94204], [-78.90754, 42.94234], [-78.90822, 42.94372], [-78.90909, 42.94399], [-78.90923, 42.94413], [-78.90931, 42.94467], [-78.90916, 42.94479], [-78.90879, 42.94486], [-78.9087, 42.94504], [-78.909, 42.94518], [-78.90913, 42.94548], [-78.90941, 42.95056], [-78.90971, 42.95209], [-78.91001, 42.95293], [-78.91044, 42.95399], [-78.91105, 42.95493], [-78.91163, 42.95557], [-78.91276, 42.95647], [-78.91798, 42.95987], [-78.91849, 42.96033], [-78.91951, 42.96098], [-78.9199, 42.96154], [-78.92116, 42.96281], [-78.92258, 42.96557], [-78.92301, 42.96616], [-78.92517, 42.96807], [-78.93201, 42.97533], [-78.93317, 42.97686], [-78.93351, 42.97829], [-78.93433, 42.97978], [-78.93507, 42.98083], [-78.93515, 42.98127], [-78.93566, 42.98244], [-78.93565, 42.98293], [-78.93586, 42.98353], [-78.9358, 42.98417], [-78.93598, 42.98463], [-78.93624, 42.98604], [-78.93596, 42.9866], [-78.93591, 42.98829], [-78.93578, 42.98891], [-78.93472, 42.99175], [-78.93425, 42.99361], [-78.9337, 42.99425], [-78.93285, 42.99555], [-78.93263, 42.99613], [-78.93201, 42.99682], [-78.93045, 42.99825], [-78.9295, 42.99884], [-78.92908, 42.99926], [-78.9265, 43.00121], [-78.92643, 43.00137], [-78.92664, 43.00181], [-78.92654, 43.00215], [-78.92547, 43.00282], [-78.92385, 43.00311], [-78.92251, 43.00408], [-78.92187, 43.00467], [-78.91987, 43.00579], [-78.91283, 43.00879], [-78.90738, 43.01056], [-78.90724, 43.01069], [-78.90587, 43.01106], [-78.90078, 43.01303], [-78.90029, 43.01332], [-78.89887, 43.01388], [-78.89514, 43.01526], [-78.89354, 43.01575], [-78.89134, 43.01664], [-78.8879, 43.01907], [-78.88767, 43.01938], [-78.88698, 43.01983], [-78.8858, 43.02124], [-78.88533, 43.02164], [-78.88252, 43.0235], [-78.88232, 43.02346], [-78.88184, 43.02251], [-78.88155, 43.02222], [-78.88062, 43.02154], [-78.87993, 43.02131], [-78.87993, 43.02114], [-78.8801, 43.02087], [-78.88001, 43.02067], [-78.87836, 43.02093], [-78.87818, 43.02103], [-78.87739, 43.02083], [-78.87279, 43.02186], [-78.87035, 43.02265], [-78.86906, 43.02295], [-78.86797, 43.02302], [-78.86556, 43.02276], [-78.86222, 43.02265], [-78.86209, 43.02257], [-78.85998, 43.02236], [-78.857, 43.02177], [-78.85625, 43.02153], [-78.85514, 43.02097], [-78.85467, 43.02048], [-78.85337, 43.01944], [-78.85247, 43.01902], [-78.85246, 43.01886], [-78.85194, 43.01874], [-78.84981, 43.01867], [-78.84681, 43.01899], [-78.84502, 43.01885], [-78.84356, 43.01849], [-78.84206, 43.01841], [-78.84092, 43.01855], [-78.83918, 43.01922], [-78.83601, 43.02128], [-78.83471, 43.02247], [-78.83476, 43.02263], [-78.83452, 43.02288], [-78.8339, 43.02321], [-78.83299, 43.02333], [-78.83228, 43.02379], [-78.83209, 43.02414], [-78.83249, 43.02442], [-78.83264, 43.02465], [-78.83079, 43.02688], [-78.83105, 43.02732], [-78.83089, 43.02793], [-78.83026, 43.02857], [-78.83018, 43.02911], [-78.8299, 43.02954], [-78.82959, 43.0297], [-78.82895, 43.02983], [-78.82707, 43.02965], [-78.82586, 43.02964], [-78.82515, 43.02978], [-78.82461, 43.03004], [-78.8241, 43.03043], [-78.82355, 43.03125], [-78.82395, 43.03279], [-78.82512, 43.03483], [-78.82539, 43.03558], [-78.82562, 43.0359], [-78.82585, 43.03655], [-78.82617, 43.03807], [-78.82625, 43.03907], [-78.82645, 43.0397], [-78.8273, 43.04092], [-78.82727, 43.04106], [-78.82698, 43.04124], [-78.82669, 43.04127], [-78.82498, 43.0424], [-78.82457, 43.04255], [-78.82424, 43.04291], [-78.82204, 43.04439], [-78.82211, 43.04444], [-78.81395, 43.04989], [-78.81229, 43.05133], [-78.81169, 43.05169], [-78.80929, 43.05261], [-78.80698, 43.05325], [-78.80682, 43.0534], [-78.80611, 43.05358], [-78.80488, 43.05438], [-78.80429, 43.05501], [-78.80414, 43.05535], [-78.80419, 43.05636], [-78.80503, 43.05765], [-78.80463, 43.05786], [-78.80426, 43.05837], [-78.80413, 43.05877], [-78.80381, 43.05909], [-78.80322, 43.05947], [-78.80252, 43.05961], [-78.80192, 43.05985], [-78.80145, 43.06025], [-78.80109, 43.06079], [-78.80097, 43.06117], [-78.80097, 43.06186], [-78.80113, 43.06326], [-78.80143, 43.06413], [-78.80141, 43.06459], [-78.80155, 43.06512], [-78.80139, 43.06537], [-78.80115, 43.06522], [-78.8009, 43.06521], [-78.8009, 43.06573], [-78.80068, 43.06595], [-78.80021, 43.06604], [-78.79883, 43.06585], [-78.79867, 43.06596], [-78.79756, 43.06596], [-78.79688, 43.06545], [-78.79645, 43.06533], [-78.79382, 43.06569], [-78.7925, 43.06556], [-78.79167, 43.06588], [-78.79154, 43.06601], [-78.79063, 43.06601], [-78.78892, 43.06628], [-78.78739, 43.06634], [-78.78666, 43.06624], [-78.78611, 43.06629], [-78.78559, 43.06617], [-78.7854, 43.06608], [-78.78524, 43.06578], [-78.78413, 43.066], [-78.78151, 43.0654], [-78.77879, 43.06517], [-78.77793, 43.06519], [-78.77709, 43.06531], [-78.77576, 43.06574], [-78.7747, 43.06623], [-78.77367, 43.06686], [-78.77097, 43.06794], [-78.77104, 43.06847], [-78.77094, 43.06914], [-78.76988, 43.06959], [-78.76874, 43.06988], [-78.76769, 43.06999], [-78.76756, 43.0697], [-78.7673, 43.06964], [-78.76574, 43.06961], [-78.76447, 43.06984], [-78.76345, 43.06982], [-78.76258, 43.07001], [-78.76162, 43.07006], [-78.76027, 43.07037], [-78.75834, 43.07005], [-78.75779, 43.07014], [-78.75634, 43.06984], [-78.75592, 43.0699], [-78.75413, 43.06925], [-78.75307, 43.06902], [-78.74734, 43.06912], [-78.74503, 43.06846], [-78.74248, 43.068], [-78.741, 43.06817], [-78.74005, 43.06855], [-78.73981, 43.06881], [-78.73937, 43.06991], [-78.73969, 43.07212], [-78.73948, 43.07557], [-78.73928, 43.07586], [-78.7387, 43.07616], [-78.73866, 43.07647], [-78.73853, 43.07665], [-78.73816, 43.07696], [-78.73799, 43.07726], [-78.73763, 43.07744], [-78.73752, 43.078], [-78.73723, 43.07833], [-78.73696, 43.07843], [-78.73579, 43.08192], [-78.73515, 43.08276], [-78.73423, 43.08345], [-78.73402, 43.08346], [-78.73376, 43.08376], [-78.73313, 43.0841], [-78.73069, 43.08462], [-78.72871, 43.08556], [-78.72847, 43.08555], [-78.72805, 43.08529], [-78.72785, 43.08531], [-78.72773, 43.08545], [-78.72794, 43.08664], [-78.73201, 43.08849], [-78.73207, 43.08885], [-78.73174, 43.08957], [-78.73175, 43.09015], [-78.73114, 43.09089], [-78.73106, 43.09151], [-78.73072, 43.09173], [-78.73065, 43.09243], [-78.73084, 43.0927], [-78.73059, 43.09393], [-78.73078, 43.09454], [-78.73154, 43.09583], [-78.73163, 43.0963], [-78.73268, 43.09863], [-78.73335, 43.09973], [-78.73401, 43.10055], [-78.73795, 43.10392], [-78.73833, 43.10431], [-78.7388, 43.10502], [-78.7389, 43.1055], [-78.73948, 43.10642], [-78.73949, 43.10674], [-78.73976, 43.10754], [-78.73946, 43.10935], [-78.73912, 43.11009], [-78.73844, 43.11063], [-78.73801, 43.11141], [-78.73793, 43.11184], [-78.73716, 43.11274], [-78.73716, 43.11349], [-78.73691, 43.11435], [-78.73665, 43.11484], [-78.73619, 43.11526], [-78.73616, 43.11577], [-78.73575, 43.11602], [-78.73564, 43.11645], [-78.73451, 43.11841], [-78.73415, 43.11888], [-78.73358, 43.11998], [-78.73172, 43.1227], [-78.73152, 43.12319], [-78.73126, 43.12338], [-78.73108, 43.12382], [-78.72816, 43.12815], [-78.7265, 43.13095], [-78.72596, 43.13142], [-78.72547, 43.13237], [-78.72484, 43.13272], [-78.7247, 43.13324], [-78.72431, 43.13352], [-78.72369, 43.13423], [-78.72334, 43.1348], [-78.72277, 43.13536], [-78.72217, 43.13626], [-78.72215, 43.13714], [-78.72187, 43.13787], [-78.72134, 43.13857], [-78.72104, 43.13917], [-78.72031, 43.1398], [-78.71944, 43.14123], [-78.71937, 43.1419], [-78.718, 43.1441], [-78.71758, 43.14502], [-78.71632, 43.14631], [-78.71607, 43.14709], [-78.71522, 43.14777], [-78.71513, 43.14824], [-78.71485, 43.14883], [-78.71372, 43.15028], [-78.71153, 43.15273], [-78.71135, 43.15319], [-78.71068, 43.15339], [-78.7103, 43.15382], [-78.71058, 43.15402], [-78.71055, 43.15422], [-78.70948, 43.15518], [-78.70887, 43.15542], [-78.70862, 43.15563], [-78.70837, 43.15635], [-78.70796, 43.15712], [-78.70704, 43.15792], [-78.70654, 43.15815], [-78.70618, 43.15849], [-78.70594, 43.15922], [-78.70481, 43.16018], [-78.70433, 43.16093], [-78.70332, 43.16172], [-78.70305, 43.16225], [-78.70247, 43.16257], [-78.70196, 43.16308], [-78.69982, 43.16474], [-78.70184, 43.16477], [-78.70185, 43.17002], [-78.69599, 43.16999], [-78.69451, 43.17006], [-78.69099, 43.17281], [-78.68946, 43.17452], [-78.68938, 43.17502], [-78.68903, 43.17528], [-78.68805, 43.17687], [-78.68786, 43.1769], [-78.68735, 43.17631], [-78.68696, 43.17617], [-78.68609, 43.17675], [-78.68604, 43.17691], [-78.68515, 43.17738], [-78.67657, 43.18303], [-78.67429, 43.18413], [-78.67304, 43.18455], [-78.66645, 43.18635], [-78.66572, 43.18674], [-78.66447, 43.1877], [-78.66319, 43.18823], [-78.65523, 43.18998], [-78.64617, 43.19232], [-78.63802, 43.1931], [-78.63186, 43.19396], [-78.63022, 43.19405], [-78.61605, 43.19461], [-78.61067, 43.19403], [-78.60883, 43.194], [-78.60641, 43.19454], [-78.59812, 43.19695], [-78.59748, 43.19717], [-78.59647, 43.19779], [-78.59554, 43.19822], [-78.59194, 43.19925], [-78.59003, 43.19929], [-78.58557, 43.19847], [-78.58363, 43.19852], [-78.57985, 43.19917], [-78.57657, 43.19985], [-78.57508, 43.19995], [-78.57002, 43.20086], [-78.56811, 43.2011], [-78.56497, 43.20121], [-78.56041, 43.20163], [-78.55553, 43.2027], [-78.55374, 43.20324], [-78.54212, 43.20894], [-78.54103, 43.20926], [-78.52255, 43.21145], [-78.52103, 43.21155], [-78.51743, 43.21158], [-78.51623, 43.21172], [-78.50959, 43.21334], [-78.50482, 43.21492], [-78.50433, 43.215], [-78.49972, 43.2152], [-78.49386, 43.21499], [-78.49254, 43.2147], [-78.4907, 43.21364], [-78.48917, 43.21307], [-78.48279, 43.21229], [-78.48017, 43.2122], [-78.4788, 43.21236], [-78.47653, 43.21305], [-78.47644, 43.21315], [-78.47294, 43.21406], [-78.46244, 43.21522], [-78.46148, 43.21541], [-78.45956, 43.21611], [-78.45587, 43.21818], [-78.45477, 43.21869], [-78.45281, 43.21927], [-78.45063, 43.21951], [-78.44948, 43.21943], [-78.44831, 43.21917], [-78.4477, 43.21891], [-78.44142, 43.21471], [-78.44068, 43.21434], [-78.43903, 43.2139], [-78.43751, 43.21386], [-78.43644, 43.21403], [-78.43516, 43.21445], [-78.42876, 43.21752], [-78.42752, 43.21826], [-78.42238, 43.22179], [-78.42115, 43.22228], [-78.42031, 43.22245], [-78.40819, 43.22286], [-78.40717, 43.22304], [-78.40087, 43.22502], [-78.40008, 43.22519], [-78.39833, 43.22536], [-78.39243, 43.22562], [-78.39213, 43.22581], [-78.39191, 43.22567], [-78.39158, 43.22573], [-78.39134, 43.22563], [-78.38969, 43.22563], [-78.38851, 43.2252], [-78.38545, 43.22225], [-78.38502, 43.222], [-78.3835, 43.22184], [-78.38317, 43.2219], [-78.38187, 43.22258], [-78.38166, 43.2228], [-78.38062, 43.22451], [-78.38, 43.22637], [-78.37965, 43.22695], [-78.37912, 43.22746], [-78.37803, 43.22815], [-78.37747, 43.22838], [-78.37157, 43.23013], [-78.37146, 43.2302], [-78.37137, 43.2305], [-78.37082, 43.23062], [-78.37078, 43.23134], [-78.37058, 43.23135], [-78.37037, 43.23057], [-78.37024, 43.23054], [-78.36132, 43.23305], [-78.35003, 43.23469], [-78.33857, 43.23608], [-78.33715, 43.23643], [-78.32628, 43.24003], [-78.32454, 43.2405], [-78.31389, 43.24191], [-78.31264, 43.2422], [-78.31092, 43.24276], [-78.31064, 43.24295], [-78.30965, 43.2432], [-78.30284, 43.24596], [-78.29349, 43.24839], [-78.29227, 43.24852], [-78.29113, 43.24852], [-78.2808, 43.24778], [-78.2797, 43.24782], [-78.27861, 43.24804], [-78.27788, 43.24831], [-78.27186, 43.25085], [-78.26905, 43.25154], [-78.26659, 43.25178], [-78.25492, 43.25171], [-78.25438, 43.25178], [-78.25408, 43.25204], [-78.25314, 43.25221], [-78.25313, 43.2523], [-78.25246, 43.25234], [-78.24822, 43.25379], [-78.22743, 43.25638], [-78.22684, 43.2564], [-78.22514, 43.25622], [-78.22351, 43.25565], [-78.22237, 43.25491], [-78.21884, 43.25188], [-78.21834, 43.25155], [-78.21749, 43.25103], [-78.21497, 43.24985], [-78.21464, 43.24953], [-78.21448, 43.24953], [-78.21309, 43.24882], [-78.21217, 43.24843], [-78.21062, 43.24803], [-78.20805, 43.24774], [-78.20623, 43.2478], [-78.19722, 43.24921], [-78.19523, 43.24935], [-78.19372, 43.24932], [-78.19371, 43.24948], [-78.19357, 43.24948], [-78.19358, 43.24936], [-78.19048, 43.24879], [-78.18636, 43.24781], [-78.18382, 43.24762], [-78.18233, 43.24773], [-78.17885, 43.24825], [-78.17396, 43.24794], [-78.1711, 43.24801], [-78.16343, 43.24938], [-78.16272, 43.24944], [-78.13937, 43.24933], [-78.13686, 43.24939], [-78.1352, 43.24956], [-78.1221, 43.25168], [-78.11529, 43.25205], [-78.105, 43.25349], [-78.09514, 43.25447], [-78.09403, 43.25446], [-78.09292, 43.25429], [-78.08898, 43.25337], [-78.08726, 43.2533], [-78.08241, 43.25435], [-78.08116, 43.25452], [-78.07965, 43.25456], [-78.07817, 43.25425], [-78.07522, 43.2531], [-78.07267, 43.25278], [-78.07169, 43.25283], [-78.07078, 43.25301], [-78.06802, 43.25415], [-78.06692, 43.2545], [-78.06391, 43.25502], [-78.06251, 43.25509], [-78.06162, 43.25501], [-78.06014, 43.25467], [-78.04658, 43.25002], [-78.04543, 43.24938], [-78.03946, 43.24498], [-78.03706, 43.24226], [-78.0364, 43.2416], [-78.03586, 43.24123], [-78.03413, 43.24037], [-78.02681, 43.23757], [-78.02548, 43.23687], [-78.02483, 43.23632], [-78.02435, 43.23564], [-78.02412, 43.23479], [-78.02377, 43.23223], [-78.02357, 43.23161], [-78.02303, 43.23072], [-78.02121, 43.22851], [-78.02033, 43.22774], [-78.01774, 43.22595], [-78.01612, 43.22533], [-78.015, 43.22509], [-78.00186, 43.22353], [-78.00068, 43.22322], [-77.99702, 43.22181], [-77.99664, 43.22179], [-77.99654, 43.22165], [-77.99002, 43.21905], [-77.98881, 43.21836], [-77.98407, 43.2151], [-77.98239, 43.21435], [-77.981, 43.21401], [-77.97966, 43.21389], [-77.94992, 43.21482], [-77.9479, 43.2151], [-77.9413, 43.21703], [-77.93975, 43.21714], [-77.93831, 43.21701], [-77.93687, 43.21645], [-77.93404, 43.21496], [-77.93346, 43.21475], [-77.93236, 43.21454], [-77.93047, 43.21452], [-77.92611, 43.21541], [-77.92438, 43.21544], [-77.91137, 43.21379], [-77.90529, 43.21241], [-77.90412, 43.21223], [-77.89663, 43.21206], [-77.8952, 43.21182], [-77.89387, 43.21147], [-77.89283, 43.21105], [-77.89191, 43.2106], [-77.89069, 43.20976], [-77.88969, 43.20875], [-77.88733, 43.206], [-77.8859, 43.20483], [-77.88528, 43.2044], [-77.88451, 43.20403], [-77.8837, 43.20373], [-77.88212, 43.20341], [-77.87421, 43.2033], [-77.87275, 43.20309], [-77.8715, 43.20271], [-77.85675, 43.19642], [-77.85534, 43.1961], [-77.85409, 43.19598], [-77.8538, 43.19603], [-77.85337, 43.1959], [-77.85196, 43.1958], [-77.84996, 43.19615], [-77.8485, 43.1969], [-77.8451, 43.19941], [-77.84448, 43.19978], [-77.84284, 43.20032], [-77.83992, 43.20038], [-77.83833, 43.20012], [-77.83583, 43.19943], [-77.82936, 43.19673], [-77.82853, 43.19647], [-77.82758, 43.19632], [-77.80469, 43.19561], [-77.80374, 43.19545], [-77.80262, 43.19506], [-77.80089, 43.19397], [-77.80005, 43.19386], [-77.80016, 43.19363], [-77.79972, 43.19315], [-77.79602, 43.19077], [-77.79528, 43.19047], [-77.79393, 43.19014], [-77.79123, 43.18995], [-77.78909, 43.19], [-77.78445, 43.19068], [-77.78172, 43.1909], [-77.77835, 43.19162], [-77.77747, 43.19166], [-77.77132, 43.19084], [-77.76975, 43.19051], [-77.76657, 43.18897], [-77.76496, 43.18839], [-77.76386, 43.18813], [-77.76314, 43.18801], [-77.7554, 43.18746], [-77.73948, 43.18972], [-77.7376, 43.18991], [-77.73639, 43.18993], [-77.73471, 43.1897], [-77.73374, 43.18945], [-77.73238, 43.18891], [-77.72959, 43.18711], [-77.72923, 43.18643], [-77.72727, 43.18485], [-77.72585, 43.1842], [-77.7251, 43.18401], [-77.72072, 43.1835], [-77.71681, 43.1837], [-77.71301, 43.18451], [-77.71139, 43.18509], [-77.71094, 43.18482], [-77.70844, 43.18451], [-77.70203, 43.18296], [-77.70183, 43.1846], [-77.70178, 43.18468], [-77.70156, 43.18468], [-77.70145, 43.18447], [-77.70154, 43.18222], [-77.70148, 43.18069], [-77.70131, 43.18082], [-77.70107, 43.18211], [-77.69832, 43.18113], [-77.69735, 43.18063], [-77.69663, 43.18047], [-77.68683, 43.17531], [-77.68416, 43.17373], [-77.68364, 43.17365], [-77.68325, 43.17348], [-77.68227, 43.17281], [-77.68086, 43.17213], [-77.68029, 43.17172], [-77.67976, 43.17118], [-77.67961, 43.17093], [-77.67961, 43.17071], [-77.67839, 43.16944], [-77.67794, 43.16874], [-77.67707, 43.16614], [-77.67714, 43.16572], [-77.67689, 43.16481], [-77.67685, 43.16431], [-77.67626, 43.16344], [-77.67575, 43.16206], [-77.67464, 43.1587], [-77.67457, 43.15841], [-77.67462, 43.1581], [-77.67423, 43.15779], [-77.67384, 43.15617], [-77.67202, 43.15084], [-77.67195, 43.15061], [-77.67209, 43.1501], [-77.67207, 43.14978], [-77.67165, 43.14935], [-77.67129, 43.14774], [-77.67146, 43.14749], [-77.67223, 43.14726], [-77.67227, 43.14709], [-77.67181, 43.14667], [-77.67112, 43.1463], [-77.66988, 43.14407], [-77.66808, 43.14243], [-77.66773, 43.1419], [-77.66651, 43.14053], [-77.66643, 43.14025], [-77.66601, 43.13975], [-77.66587, 43.13939], [-77.66527, 43.13901], [-77.66441, 43.13767], [-77.66142, 43.13396], [-77.66038, 43.13287], [-77.65996, 43.13219], [-77.65947, 43.13183], [-77.65816, 43.13023], [-77.6579, 43.12975], [-77.65716, 43.12904], [-77.6553, 43.1277], [-77.65321, 43.12656], [-77.6524, 43.12625], [-77.64574, 43.12297], [-77.64526, 43.12253], [-77.64529, 43.1222], [-77.64548, 43.12201], [-77.64547, 43.12191], [-77.6449, 43.1214], [-77.64312, 43.12231], [-77.64223, 43.12251], [-77.64207, 43.12265], [-77.63985, 43.12265], [-77.63979, 43.12151], [-77.64015, 43.12115], [-77.64002, 43.12085], [-77.63838, 43.12011], [-77.63809, 43.11972], [-77.63622, 43.11869], [-77.6356, 43.11823], [-77.63382, 43.11763], [-77.6324, 43.11682], [-77.63195, 43.11645], [-77.63147, 43.11628], [-77.6291, 43.11497], [-77.62681, 43.11398], [-77.61694, 43.11091], [-77.61368, 43.11005], [-77.60895, 43.1085], [-77.60734, 43.10812], [-77.59776, 43.10509], [-77.59397, 43.10396], [-77.59141, 43.10331], [-77.58853, 43.10234], [-77.5858, 43.10155], [-77.58468, 43.10134], [-77.58221, 43.10067], [-77.58079, 43.10009], [-77.58039, 43.09975], [-77.57337, 43.09762], [-77.57154, 43.09715], [-77.56907, 43.09604], [-77.56818, 43.09629], [-77.56797, 43.09595], [-77.5672, 43.09581], [-77.56509, 43.095], [-77.56308, 43.09441], [-77.5508, 43.09244], [-77.5483, 43.09258], [-77.54599, 43.0917], [-77.5447, 43.09146], [-77.54406, 43.09121], [-77.54275, 43.09131], [-77.53918, 43.09076], [-77.53808, 43.09094], [-77.53631, 43.09059], [-77.53175, 43.09072], [-77.5304, 43.09095], [-77.52915, 43.09185], [-77.52503, 43.09373], [-77.52441, 43.09421], [-77.52362, 43.0939], [-77.52334, 43.0936], [-77.52298, 43.09343], [-77.51884, 43.09425], [-77.51756, 43.09422], [-77.51658, 43.09398], [-77.51453, 43.09297], [-77.51398, 43.09292], [-77.51299, 43.09224], [-77.51242, 43.09138], [-77.51105, 43.08983], [-77.51113, 43.0898], [-77.51108, 43.08966], [-77.51073, 43.0891], [-77.51042, 43.08886], [-77.50615, 43.08354], [-77.50491, 43.08223], [-77.49959, 43.0785], [-77.49879, 43.07813], [-77.49861, 43.07789], [-77.4942, 43.07497], [-77.49338, 43.07433], [-77.48749, 43.06614], [-77.48672, 43.06536], [-77.48603, 43.06488], [-77.4824, 43.06312], [-77.48135, 43.06296], [-77.47757, 43.06287], [-77.4744, 43.06342], [-77.47351, 43.06368], [-77.4726, 43.0641], [-77.47215, 43.06452], [-77.47174, 43.06474], [-77.47098, 43.06547], [-77.46079, 43.07943], [-77.46012, 43.08088], [-77.4597, 43.08341], [-77.45931, 43.08434], [-77.45882, 43.08504], [-77.45689, 43.08695], [-77.45604, 43.08847], [-77.4559, 43.08933], [-77.45577, 43.09676], [-77.45644, 43.09972], [-77.45633, 43.10091], [-77.45608, 43.1014], [-77.45493, 43.10265], [-77.45422, 43.10318], [-77.45358, 43.10347], [-77.45002, 43.1045], [-77.44845, 43.10475], [-77.44715, 43.1047], [-77.44588, 43.10438], [-77.44504, 43.10402], [-77.44356, 43.10298], [-77.44303, 43.10272], [-77.44232, 43.10201], [-77.43663, 43.09967], [-77.43394, 43.09808], [-77.42946, 43.09516], [-77.4226, 43.09153], [-77.42134, 43.09111], [-77.42032, 43.09096], [-77.41018, 43.09063], [-77.4087, 43.09034], [-77.37193, 43.07596], [-77.37136, 43.07588], [-77.37003, 43.07536], [-77.36918, 43.07514], [-77.3663, 43.07524], [-77.36351, 43.07558], [-77.36132, 43.07617], [-77.36121, 43.07613], [-77.36107, 43.07555], [-77.33374, 43.07881], [-77.32952, 43.07867], [-77.3256, 43.07832], [-77.30509, 43.07437], [-77.30263, 43.07373], [-77.30106, 43.07355], [-77.30073, 43.07342], [-77.29989, 43.07358], [-77.29571, 43.07267], [-77.29542, 43.07253], [-77.29367, 43.07229], [-77.29014, 43.07154], [-77.28938, 43.07153], [-77.28932, 43.07149], [-77.28955, 43.07082], [-77.28951, 43.07068], [-77.28823, 43.07057], [-77.28354, 43.06961], [-77.28227, 43.06924], [-77.28158, 43.06891], [-77.28096, 43.06879], [-77.27931, 43.06815], [-77.27639, 43.06659], [-77.27102, 43.06255], [-77.27033, 43.06214], [-77.26902, 43.06163], [-77.26685, 43.06131], [-77.26544, 43.06137], [-77.26472, 43.06151], [-77.25804, 43.06334], [-77.25732, 43.06179], [-77.25065, 43.0633], [-77.24951, 43.06338], [-77.24794, 43.06332], [-77.24801, 43.06351], [-77.24767, 43.0636], [-77.24747, 43.06387], [-77.24771, 43.06406], [-77.24683, 43.06433], [-77.24601, 43.06436], [-77.24529, 43.06425], [-77.24291, 43.06432], [-77.23887, 43.06491], [-77.23553, 43.06584], [-77.23163, 43.06607], [-77.23083, 43.06605], [-77.22976, 43.06587], [-77.2293, 43.06808], [-77.22913, 43.06764], [-77.22896, 43.06755], [-77.21471, 43.06366], [-77.213, 43.06338], [-77.19905, 43.06334], [-77.19737, 43.06346], [-77.19424, 43.06389], [-77.19205, 43.06442], [-77.19185, 43.0646], [-77.19187, 43.06485], [-77.19152, 43.06548], [-77.18507, 43.0667], [-77.18359, 43.06682], [-77.18186, 43.06673], [-77.18139, 43.06654], [-77.18009, 43.06628], [-77.17827, 43.0656], [-77.17738, 43.06504], [-77.17636, 43.06415], [-77.17585, 43.06348], [-77.17345, 43.05937], [-77.17308, 43.05911], [-77.17294, 43.05887], [-77.17221, 43.05702], [-77.17183, 43.05635], [-77.1704, 43.05444], [-77.17032, 43.05407], [-77.17003, 43.05358], [-77.16999, 43.05324], [-77.16856, 43.05076], [-77.16811, 43.05011], [-77.16783, 43.04987], [-77.16755, 43.0488], [-77.16698, 43.0478], [-77.1665, 43.04744], [-77.16626, 43.04665], [-77.1656, 43.04538], [-77.16409, 43.04369], [-77.16318, 43.04298], [-77.16236, 43.04248], [-77.16044, 43.04166], [-77.15884, 43.04124], [-77.15651, 43.04098], [-77.15509, 43.04102], [-77.1532, 43.04131], [-77.14395, 43.04413], [-77.14156, 43.04533], [-77.13176, 43.05203], [-77.13055, 43.05249], [-77.12892, 43.05274], [-77.1269, 43.05266], [-77.12564, 43.05226], [-77.12496, 43.05197], [-77.12222, 43.05035], [-77.12106, 43.04985], [-77.12003, 43.04971], [-77.1163, 43.04997], [-77.11526, 43.04992], [-77.11389, 43.0497], [-77.10856, 43.04839], [-77.10786, 43.04841], [-77.10735, 43.04812], [-77.10431, 43.04738], [-77.10231, 43.04733], [-77.10192, 43.04753], [-77.09951, 43.04744], [-77.09542, 43.04752], [-77.09526, 43.04744], [-77.09386, 43.04764], [-77.09378, 43.04775], [-77.09324, 43.04786], [-77.09292, 43.0479], [-77.09279, 43.04782], [-77.09261, 43.04788], [-77.09261, 43.04804], [-77.0873, 43.04766], [-77.08726, 43.04752], [-77.08358, 43.04729], [-77.08332, 43.0471], [-77.08143, 43.04677], [-77.08028, 43.04698], [-77.0802, 43.04713], [-77.0795, 43.04722], [-77.07899, 43.04741], [-77.07768, 43.04808], [-77.07582, 43.05017], [-77.07311, 43.05386], [-77.07224, 43.05457], [-77.07112, 43.05491], [-77.06902, 43.05505], [-77.068, 43.05525], [-77.06595, 43.05587], [-77.06035, 43.05787], [-77.05936, 43.05843], [-77.05807, 43.05986], [-77.0574, 43.06044], [-77.05544, 43.06165], [-77.0552, 43.0615], [-77.055, 43.06152], [-77.04965, 43.06401], [-77.04699, 43.06492], [-77.04406, 43.06623], [-77.03712, 43.06908], [-77.03523, 43.06958], [-77.0338, 43.06966], [-77.03179, 43.06951], [-77.03045, 43.06924], [-77.02904, 43.06877], [-77.02808, 43.06832], [-77.02692, 43.06758], [-77.02389, 43.065], [-77.02227, 43.06432], [-77.02099, 43.06353], [-77.02078, 43.06352], [-77.02061, 43.06373], [-77.01863, 43.06304], [-77.0178, 43.06296], [-77.01576, 43.06302], [-77.01223, 43.06358], [-77.00258, 43.06399], [-77.00256, 43.06383], [-77.00207, 43.06379], [-77.00171, 43.06361], [-77.00008, 43.06339], [-76.99723, 43.06271], [-76.99605, 43.06233], [-76.99565, 43.06233], [-76.99415, 43.06199], [-76.99312, 43.06161], [-76.99198, 43.06133], [-76.99177, 43.06132], [-76.99147, 43.06161], [-76.99047, 43.06126], [-76.98991, 43.0612], [-76.9845, 43.06096], [-76.98261, 43.06047], [-76.9817, 43.05998], [-76.98142, 43.05997], [-76.98113, 43.06016], [-76.97897, 43.06092], [-76.97586, 43.0613], [-76.97546, 43.06104], [-76.97508, 43.061], [-76.97369, 43.06023], [-76.96914, 43.05867], [-76.96835, 43.05845], [-76.9667, 43.05844], [-76.9646, 43.05885], [-76.96334, 43.05925], [-76.9626, 43.05963], [-76.9635, 43.06032], [-76.96152, 43.06126], [-76.96102, 43.06194], [-76.96116, 43.06219], [-76.95815, 43.06476], [-76.95766, 43.06555], [-76.95751, 43.06625], [-76.9575, 43.06686], [-76.95882, 43.07145], [-76.95897, 43.07216], [-76.95892, 43.07284], [-76.95873, 43.07351], [-76.9582, 43.07434], [-76.95727, 43.07515], [-76.95659, 43.07549], [-76.95559, 43.07586], [-76.94669, 43.07734], [-76.94692, 43.07675], [-76.93966, 43.07807], [-76.93698, 43.07842], [-76.93492, 43.07824], [-76.9281, 43.07738], [-76.92632, 43.0775], [-76.92308, 43.07834], [-76.92187, 43.07878], [-76.9205, 43.07979], [-76.92058, 43.08004], [-76.92039, 43.08025], [-76.91984, 43.08212], [-76.9196, 43.08241], [-76.91853, 43.083], [-76.91864, 43.08311], [-76.91526, 43.08498], [-76.91235, 43.08688], [-76.9106, 43.0876], [-76.90811, 43.08813], [-76.90203, 43.08882], [-76.89659, 43.08939], [-76.89348, 43.08961], [-76.89258, 43.08957], [-76.89148, 43.08927], [-76.88948, 43.08849], [-76.88963, 43.0882], [-76.88142, 43.08455], [-76.88029, 43.08416], [-76.87569, 43.08292], [-76.87482, 43.08279], [-76.87336, 43.08269], [-76.87219, 43.08279], [-76.87086, 43.08271], [-76.87068, 43.08286], [-76.87035, 43.08275], [-76.87248, 43.07991], [-76.87211, 43.07984], [-76.87169, 43.08038], [-76.87137, 43.08055], [-76.87067, 43.08052], [-76.86903, 43.07982], [-76.86833, 43.07963], [-76.8673, 43.07906], [-76.86598, 43.07823], [-76.85501, 43.06875], [-76.85394, 43.06809], [-76.85321, 43.06776], [-76.84502, 43.0647], [-76.84352, 43.06449], [-76.83773, 43.06504], [-76.83237, 43.06575], [-76.83227, 43.06666], [-76.82995, 43.06677], [-76.82617, 43.06733], [-76.8206, 43.06777], [-76.8147, 43.06848], [-76.81175, 43.06858], [-76.80444, 43.06814], [-76.80266, 43.06822], [-76.80156, 43.06845], [-76.79768, 43.0697], [-76.7918, 43.07057], [-76.79078, 43.0708], [-76.78423, 43.07276], [-76.78295, 43.07292], [-76.78161, 43.07289], [-76.78024, 43.07273], [-76.77824, 43.07223], [-76.77721, 43.07175], [-76.7709, 43.06768], [-76.76985, 43.0673], [-76.76837, 43.06705], [-76.76748, 43.06704], [-76.7594, 43.06726], [-76.75865, 43.06727], [-76.75818, 43.06717], [-76.75793, 43.0669], [-76.7579, 43.06663], [-76.75948, 43.06311], [-76.75956, 43.06246], [-76.75951, 43.06202], [-76.7557, 43.04905], [-76.75518, 43.04688], [-76.75374, 43.04397], [-76.75251, 43.0418], [-76.74877, 43.0341], [-76.74801, 43.03227], [-76.7472, 43.02915], [-76.74698, 43.02625], [-76.74662, 43.02542], [-76.74548, 43.02395], [-76.74481, 43.02336], [-76.74417, 43.02298], [-76.74292, 43.02256], [-76.7172, 43.01844], [-76.70542, 43.01634], [-76.7029, 43.01623], [-76.68845, 43.01756], [-76.68268, 43.0176], [-76.68133, 43.01778], [-76.67619, 43.01879], [-76.67121, 43.01924], [-76.66676, 43.01991], [-76.66225, 43.02008], [-76.66095, 43.02026], [-76.65957, 43.02078], [-76.65693, 43.02215], [-76.65351, 43.02325], [-76.65195, 43.02361], [-76.64682, 43.02441], [-76.64588, 43.02465], [-76.64502, 43.02501], [-76.64402, 43.02567], [-76.6436, 43.02609], [-76.64215, 43.02841], [-76.64145, 43.02925], [-76.63928, 43.03083], [-76.63778, 43.03229], [-76.63723, 43.03296], [-76.63612, 43.03468], [-76.63526, 43.03527], [-76.63449, 43.03552], [-76.63138, 43.03568], [-76.62713, 43.03517], [-76.62389, 43.03462], [-76.62376, 43.03464], [-76.62039, 43.03726], [-76.62019, 43.03718], [-76.61974, 43.03734], [-76.61968, 43.03747], [-76.61519, 43.03894], [-76.61445, 43.03905], [-76.59469, 43.03929], [-76.59243, 43.03942], [-76.57721, 43.04293], [-76.57623, 43.0432], [-76.57609, 43.04333], [-76.57535, 43.04339], [-76.57516, 43.04354], [-76.57328, 43.04354], [-76.57146, 43.04388], [-76.57048, 43.04424], [-76.5663, 43.04621], [-76.56553, 43.04665], [-76.56472, 43.0473], [-76.56404, 43.04812], [-76.56278, 43.05036], [-76.56214, 43.0513], [-76.55927, 43.05477], [-76.55884, 43.05512], [-76.55808, 43.05554], [-76.55693, 43.0557], [-76.55273, 43.05575], [-76.55305, 43.05889], [-76.55298, 43.05913], [-76.55139, 43.06005], [-76.55004, 43.06051], [-76.54539, 43.0608], [-76.54502, 43.06065], [-76.54212, 43.06072], [-76.53908, 43.06098], [-76.5309, 43.06395], [-76.5305, 43.06405], [-76.5304, 43.06399], [-76.52872, 43.06469], [-76.52353, 43.06579], [-76.52205, 43.06588], [-76.52079, 43.06581], [-76.51263, 43.06477], [-76.51101, 43.06471], [-76.50869, 43.06494], [-76.50171, 43.06628], [-76.49937, 43.06654], [-76.48448, 43.06632], [-76.48287, 43.06653], [-76.48282, 43.06644], [-76.48223, 43.06664], [-76.47708, 43.06656], [-76.47556, 43.06631], [-76.47386, 43.0659], [-76.47365, 43.066], [-76.47356, 43.0659], [-76.47202, 43.0664], [-76.47198, 43.06653], [-76.47069, 43.06696], [-76.47053, 43.06693], [-76.46959, 43.06745], [-76.46887, 43.06764], [-76.46712, 43.06788], [-76.46687, 43.0678], [-76.46625, 43.06786], [-76.44164, 43.07082], [-76.41984, 43.07694], [-76.4188, 43.07738], [-76.40944, 43.08281], [-76.40897, 43.08298], [-76.40847, 43.08337], [-76.40622, 43.08469], [-76.40492, 43.08494], [-76.38456, 43.08541], [-76.37011, 43.08539], [-76.33161, 43.07795], [-76.32942, 43.07711], [-76.32828, 43.07652], [-76.32697, 43.07618], [-76.32678, 43.07585], [-76.32695, 43.07543], [-76.32669, 43.07507], [-76.31212, 43.05643], [-76.31153, 43.05585], [-76.31047, 43.05509], [-76.30953, 43.05464], [-76.30377, 43.05262], [-76.30123, 43.05209], [-76.29996, 43.05199], [-76.29817, 43.05211], [-76.29647, 43.05254], [-76.29324, 43.05368], [-76.29016, 43.05569], [-76.28753, 43.05836], [-76.28668, 43.05883], [-76.26858, 43.06346], [-76.26833, 43.06343], [-76.26661, 43.06376], [-76.26559, 43.06404], [-76.26526, 43.06394], [-76.26456, 43.06305], [-76.26432, 43.06297], [-76.26344, 43.06303], [-76.26174, 43.06343], [-76.2611, 43.06377], [-76.26038, 43.06403], [-76.25991, 43.06407], [-76.25928, 43.06436], [-76.25688, 43.06487], [-76.25257, 43.06634], [-76.25241, 43.06629], [-76.25233, 43.06595], [-76.25203, 43.06568], [-76.25219, 43.06512], [-76.25164, 43.06425], [-76.24993, 43.06342], [-76.24857, 43.06384], [-76.24515, 43.06331], [-76.24383, 43.06335], [-76.24282, 43.06354], [-76.24186, 43.0639], [-76.24159, 43.06431], [-76.24157, 43.06459], [-76.24183, 43.06571], [-76.24112, 43.06647], [-76.24112, 43.06705], [-76.24128, 43.06787], [-76.24125, 43.06905], [-76.24101, 43.06923], [-76.23727, 43.06955], [-76.23668, 43.06956], [-76.23591, 43.0694], [-76.23439, 43.06899], [-76.22062, 43.06462], [-76.21979, 43.0645], [-76.21937, 43.0643], [-76.21769, 43.06414], [-76.21695, 43.06416], [-76.21738, 43.06745], [-76.21736, 43.06788], [-76.21715, 43.06848], [-76.21656, 43.06915], [-76.21431, 43.07036], [-76.21389, 43.07069], [-76.21358, 43.07108], [-76.21339, 43.07153], [-76.21385, 43.07163], [-76.21433, 43.07192], [-76.21632, 43.07332], [-76.2157, 43.07383], [-76.21436, 43.07319], [-76.21443, 43.07313], [-76.21507, 43.0735], [-76.21423, 43.0744], [-76.21364, 43.07424], [-76.21266, 43.0743], [-76.21119, 43.07549], [-76.21078, 43.07508], [-76.21009, 43.07461], [-76.2099, 43.07459], [-76.20969, 43.07475], [-76.20941, 43.07467], [-76.20888, 43.0743], [-76.20876, 43.0744], [-76.20792, 43.0737], [-76.20765, 43.07369], [-76.20743, 43.07391], [-76.20841, 43.07496], [-76.20986, 43.07626], [-76.21013, 43.07683], [-76.21089, 43.07761], [-76.21085, 43.07794], [-76.21068, 43.0776], [-76.20996, 43.07691], [-76.20883, 43.07593], [-76.20819, 43.07553], [-76.2069, 43.07438], [-76.20656, 43.07401], [-76.20601, 43.07272], [-76.20473, 43.07193], [-76.20449, 43.07165], [-76.20306, 43.07093], [-76.20166, 43.07003], [-76.1986, 43.06763], [-76.19826, 43.06748], [-76.19709, 43.06739], [-76.19637, 43.06695], [-76.19473, 43.06668], [-76.1939, 43.0664], [-76.19354, 43.06597], [-76.1928, 43.06553], [-76.18896, 43.06369], [-76.18876, 43.06354], [-76.18854, 43.06303], [-76.18806, 43.06265], [-76.18802, 43.06217], [-76.18793, 43.06192], [-76.18778, 43.06181], [-76.18729, 43.0617], [-76.18609, 43.06172], [-76.18395, 43.06241], [-76.18174, 43.06174], [-76.17699, 43.06206], [-76.17684, 43.06217], [-76.17672, 43.06209], [-76.17443, 43.06385], [-76.17007, 43.06113], [-76.16994, 43.06123], [-76.16978, 43.06114], [-76.16898, 43.0618], [-76.16811, 43.0613], [-76.16762, 43.06116], [-76.16597, 43.06012], [-76.16596, 43.06002], [-76.16625, 43.05968], [-76.16624, 43.05955], [-76.16586, 43.0593], [-76.16553, 43.05936], [-76.16538, 43.05929], [-76.16478, 43.05843], [-76.16419, 43.05807], [-76.16401, 43.05779], [-76.16373, 43.05765], [-76.16339, 43.05781], [-76.16283, 43.05726], [-76.16129, 43.05713], [-76.16118, 43.05699], [-76.16111, 43.05604], [-76.16079, 43.05577], [-76.15809, 43.0557], [-76.15752, 43.05555], [-76.15681, 43.05512], [-76.15656, 43.05492], [-76.15631, 43.05404], [-76.15639, 43.05372], [-76.1568, 43.05334], [-76.15641, 43.05309], [-76.15671, 43.05258], [-76.15523, 43.05192], [-76.15558, 43.05134], [-76.15562, 43.05056], [-76.12763, 43.05018], [-76.12754, 43.05018], [-76.12749, 43.05045], [-76.12414, 43.04954], [-76.12298, 43.04944], [-76.12173, 43.04958], [-76.12169, 43.04944], [-76.12157, 43.04947], [-76.12153, 43.04936], [-76.12, 43.04967], [-76.11887, 43.05001], [-76.11838, 43.05034], [-76.11674, 43.0508], [-76.11611, 43.05081], [-76.11541, 43.05121], [-76.11493, 43.05113], [-76.11371, 43.05163], [-76.11262, 43.05191], [-76.11206, 43.05224], [-76.11035, 43.05286], [-76.10912, 43.05311], [-76.10867, 43.05308], [-76.10825, 43.05321], [-76.10436, 43.05374], [-76.10419, 43.0536], [-76.10395, 43.0536], [-76.10153, 43.05401], [-76.10086, 43.05399], [-76.10058, 43.05413], [-76.0977, 43.05452], [-76.09742, 43.05454], [-76.09719, 43.05439], [-76.09666, 43.05445], [-76.09571, 43.05469], [-76.09112, 43.05521], [-76.09103, 43.05507], [-76.09054, 43.05507], [-76.08837, 43.0554], [-76.08046, 43.05563], [-76.07777, 43.05517], [-76.07626, 43.0546], [-76.0749, 43.05354], [-76.07157, 43.04988], [-76.07136, 43.04997], [-76.07061, 43.04938], [-76.06946, 43.0489], [-76.06852, 43.04872], [-76.06757, 43.04866], [-76.06629, 43.04876], [-76.0646, 43.04926], [-76.06127, 43.05083], [-76.06035, 43.05115], [-76.05903, 43.05127], [-76.05813, 43.05107], [-76.05762, 43.05084], [-76.05655, 43.05012], [-76.0521, 43.04691], [-76.05177, 43.04612], [-76.05185, 43.04494], [-76.05207, 43.0443], [-76.05258, 43.04357], [-76.05205, 43.04354], [-76.05107, 43.0433], [-76.05089, 43.0443], [-76.05003, 43.04355], [-76.04876, 43.04287], [-76.04725, 43.04242], [-76.04584, 43.04229], [-76.0439, 43.04252], [-76.03876, 43.04408], [-76.03846, 43.04425], [-76.03807, 43.04415], [-76.02334, 43.04336], [-76.02214, 43.04335], [-76.02119, 43.04351], [-76.02044, 43.04333], [-76.01464, 43.04323], [-76.01361, 43.04325], [-76.01192, 43.04358], [-76.01041, 43.04424], [-76.0094, 43.04514], [-76.00655, 43.04962], [-76.00576, 43.05039], [-76.00139, 43.0531], [-75.9933, 43.0563], [-75.98117, 43.05956], [-75.9752, 43.06065], [-75.97005, 43.06129], [-75.96924, 43.06129], [-75.96755, 43.06101], [-75.96465, 43.06027], [-75.96264, 43.06016], [-75.96059, 43.06046], [-75.95911, 43.06097], [-75.95789, 43.0616], [-75.95631, 43.06297], [-75.95004, 43.06932], [-75.94998, 43.06972], [-75.94978, 43.06993], [-75.94928, 43.07007], [-75.94873, 43.07065], [-75.9477, 43.07149], [-75.94585, 43.07244], [-75.93769, 43.07627], [-75.93665, 43.07669], [-75.93582, 43.07689], [-75.93483, 43.07696], [-75.93347, 43.07679], [-75.93286, 43.0766], [-75.92875, 43.07472], [-75.92717, 43.07424], [-75.92577, 43.07405], [-75.92498, 43.07403], [-75.92331, 43.07418], [-75.91155, 43.07545], [-75.90945, 43.07552], [-75.88953, 43.07095], [-75.88875, 43.07064], [-75.88771, 43.06995], [-75.88165, 43.06387], [-75.88024, 43.06299], [-75.87756, 43.06216], [-75.86386, 43.05844], [-75.86235, 43.05812], [-75.86067, 43.05805], [-75.85871, 43.05836], [-75.82434, 43.06704], [-75.80626, 43.06982], [-75.8046, 43.07017], [-75.8022, 43.07115], [-75.79954, 43.07271], [-75.78915, 43.07361], [-75.78583, 43.07393], [-75.78489, 43.07412], [-75.78479, 43.07406], [-75.78498, 43.07559], [-75.76744, 43.07692], [-75.7638, 43.07727], [-75.76164, 43.07785], [-75.75897, 43.07903], [-75.75712, 43.07954], [-75.75496, 43.07961], [-75.75214, 43.07949], [-75.75202, 43.07936], [-75.7486, 43.07935], [-75.73206, 43.07969], [-75.72998, 43.0799], [-75.72865, 43.08026], [-75.72595, 43.08147], [-75.70995, 43.08895], [-75.71049, 43.08963], [-75.71093, 43.08993], [-75.71075, 43.09005], [-75.70932, 43.08921], [-75.68816, 43.09911], [-75.68714, 43.09984], [-75.68648, 43.10044], [-75.68178, 43.10521], [-75.68183, 43.10526], [-75.6723, 43.11478], [-75.67061, 43.11673], [-75.67026, 43.11755], [-75.67033, 43.11797], [-75.66931, 43.11792], [-75.66927, 43.11923], [-75.66937, 43.11948], [-75.67018, 43.12012], [-75.67064, 43.12146], [-75.67212, 43.12665], [-75.67227, 43.12736], [-75.67233, 43.12854], [-75.67286, 43.13057], [-75.67417, 43.13347], [-75.67454, 43.13468], [-75.67701, 43.13998], [-75.67743, 43.1412], [-75.67743, 43.14254], [-75.67734, 43.14291], [-75.67583, 43.14586], [-75.67448, 43.14812], [-75.67445, 43.14828], [-75.67503, 43.1484], [-75.67487, 43.14884], [-75.67441, 43.14942], [-75.67054, 43.15629], [-75.6702, 43.15614], [-75.66991, 43.1566], [-75.66868, 43.15787], [-75.65296, 43.16707], [-75.65111, 43.16825], [-75.65043, 43.16884], [-75.64952, 43.16976], [-75.64792, 43.1717], [-75.64747, 43.17256], [-75.64638, 43.17676], [-75.64609, 43.1771], [-75.64605, 43.17738], [-75.64554, 43.17817], [-75.64462, 43.17898], [-75.63826, 43.18269], [-75.63624, 43.18374], [-75.63468, 43.18432], [-75.63003, 43.18561], [-75.62906, 43.18601], [-75.62735, 43.18698], [-75.62636, 43.18783], [-75.61874, 43.1957], [-75.61283, 43.20021], [-75.6118, 43.20079], [-75.61324, 43.20255], [-75.61489, 43.20542], [-75.61636, 43.20764], [-75.61706, 43.20807], [-75.61707, 43.20828], [-75.61721, 43.20843], [-75.61753, 43.20851], [-75.61877, 43.20848], [-75.61916, 43.20855], [-75.61924, 43.2086], [-75.6192, 43.20899], [-75.61864, 43.20914], [-75.61195, 43.20897], [-75.60379, 43.20865], [-75.5955, 43.20815], [-75.59302, 43.20816], [-75.59238, 43.20804], [-75.59189, 43.2081], [-75.58567, 43.20774], [-75.58114, 43.20761], [-75.57997, 43.20747], [-75.57707, 43.2074], [-75.57683, 43.20757], [-75.57561, 43.208], [-75.55633, 43.21452], [-75.55321, 43.2157], [-75.55057, 43.21729], [-75.54852, 43.21827], [-75.54366, 43.22003], [-75.54249, 43.22037], [-75.53987, 43.22085], [-75.51389, 43.2244], [-75.51017, 43.2254], [-75.50547, 43.22592], [-75.50024, 43.22707], [-75.49977, 43.2271], [-75.49867, 43.22601], [-75.49691, 43.226], [-75.49486, 43.2257], [-75.4944, 43.22571], [-75.49061, 43.2241], [-75.48992, 43.22393], [-75.48961, 43.22368], [-75.48643, 43.22226], [-75.48192, 43.21977], [-75.48112, 43.2203], [-75.48306, 43.22235], [-75.48281, 43.22249], [-75.48291, 43.22259], [-75.48255, 43.22269], [-75.4574, 43.21069], [-75.45771, 43.21033], [-75.45924, 43.20912], [-75.46622, 43.20264], [-75.46605, 43.20261], [-75.46619, 43.20234], [-75.46424, 43.20271], [-75.46068, 43.20261], [-75.45913, 43.20245], [-75.45833, 43.20211], [-75.45736, 43.20184], [-75.45529, 43.20171], [-75.45407, 43.20198], [-75.45412, 43.20205], [-75.45399, 43.20217], [-75.45268, 43.20252], [-75.44949, 43.20235], [-75.44916, 43.20236], [-75.44859, 43.20255], [-75.44827, 43.20188], [-75.44847, 43.19938], [-75.44637, 43.19928], [-75.44545, 43.1988], [-75.44429, 43.19794], [-75.44322, 43.19736], [-75.44165, 43.19674], [-75.43792, 43.19503], [-75.43683, 43.19385], [-75.43671, 43.19382], [-75.43543, 43.19391], [-75.4324, 43.1936], [-75.43244, 43.19382], [-75.4323, 43.19416], [-75.43183, 43.19446], [-75.4304, 43.19508], [-75.42432, 43.19566], [-75.41834, 43.19556], [-75.4165, 43.19535], [-75.41176, 43.19437], [-75.4079, 43.19323], [-75.39777, 43.19089], [-75.39584, 43.19036], [-75.38624, 43.18723], [-75.37669, 43.18539], [-75.37429, 43.18477], [-75.3614, 43.17925], [-75.35357, 43.17479], [-75.34829, 43.17197], [-75.34733, 43.17135], [-75.34398, 43.16869], [-75.33965, 43.1659], [-75.33479, 43.16206], [-75.3327, 43.16007], [-75.3329, 43.15994], [-75.33151, 43.15837], [-75.32736, 43.16264], [-75.32528, 43.16566], [-75.32547, 43.16582], [-75.3252, 43.16629], [-75.32433, 43.16759], [-75.32412, 43.1676], [-75.30673, 43.15281], [-75.30219, 43.14979], [-75.3017, 43.14925], [-75.30119, 43.14894], [-75.30068, 43.1488], [-75.2956, 43.14549], [-75.29457, 43.14465], [-75.29413, 43.14412], [-75.29281, 43.14349], [-75.29209, 43.14269], [-75.29137, 43.14216], [-75.2903, 43.14186], [-75.28445, 43.13793], [-75.28272, 43.13687], [-75.28181, 43.1365], [-75.28009, 43.13522], [-75.27854, 43.13457], [-75.27803, 43.13453], [-75.27754, 43.13424], [-75.27631, 43.13394], [-75.26854, 43.13132], [-75.26815, 43.13126], [-75.26647, 43.1307], [-75.26629, 43.13053], [-75.26581, 43.13036], [-75.24378, 43.12306], [-75.24275, 43.12248], [-75.24273, 43.12238], [-75.24302, 43.12197], [-75.24166, 43.12245], [-75.24116, 43.12233], [-75.23459, 43.12016], [-75.23334, 43.11988], [-75.233, 43.11969], [-75.23133, 43.11926], [-75.23083, 43.11897], [-75.22929, 43.11847], [-75.22844, 43.1179], [-75.22821, 43.11803], [-75.22771, 43.11795], [-75.22627, 43.11731], [-75.21658, 43.11218], [-75.21589, 43.11176], [-75.21598, 43.11163], [-75.21552, 43.11133], [-75.21547, 43.11115], [-75.21506, 43.11092], [-75.21474, 43.11106], [-75.21427, 43.11096], [-75.21304, 43.11033], [-75.21054, 43.10959], [-75.20944, 43.10944], [-75.20934, 43.1093], [-75.2101, 43.10913], [-75.21018, 43.10916], [-75.20897, 43.11058], [-75.20879, 43.11047], [-75.20875, 43.11017], [-75.20862, 43.11004], [-75.18816, 43.10684], [-75.18483, 43.10639], [-75.18247, 43.10589], [-75.18002, 43.10495], [-75.17349, 43.10207], [-75.16619, 43.09901], [-75.16486, 43.09833], [-75.15575, 43.09428], [-75.15497, 43.0943], [-75.15272, 43.09657], [-75.15257, 43.09651], [-75.1536, 43.09535], [-75.15534, 43.09364], [-75.16047, 43.08874], [-75.1616, 43.08779], [-75.16137, 43.08753], [-75.16136, 43.08734], [-75.16194, 43.08682], [-75.16051, 43.0856], [-75.1592, 43.08502], [-75.15361, 43.08413], [-75.14989, 43.08299], [-75.14411, 43.08072], [-75.13707, 43.0783], [-75.13308, 43.07678], [-75.12765, 43.07395], [-75.11963, 43.06881], [-75.11415, 43.06556], [-75.10557, 43.06116], [-75.0991, 43.05812], [-75.09668, 43.05682], [-75.0938, 43.05551], [-75.0891, 43.0524], [-75.08627, 43.05091], [-75.08323, 43.04961], [-75.08077, 43.04784], [-75.07823, 43.04569], [-75.06443, 43.03339], [-75.05636, 43.0257], [-75.05353, 43.02361], [-75.053, 43.02386], [-75.05244, 43.0239], [-75.05141, 43.02338], [-75.05022, 43.02294], [-75.0477, 43.02241], [-75.04504, 43.02202], [-75.04195, 43.022], [-75.0372, 43.02233], [-75.03472, 43.02203], [-75.03267, 43.02134], [-75.03145, 43.02076], [-75.0308, 43.02095], [-75.03027, 43.02069], [-75.0299, 43.02017], [-75.02936, 43.0199], [-75.02932, 43.0198], [-75.02877, 43.01951], [-75.02862, 43.01958], [-75.02828, 43.01942], [-75.02786, 43.0194], [-75.02732, 43.01909], [-75.02722, 43.019], [-75.02744, 43.01836], [-75.02742, 43.01804], [-75.02659, 43.01706], [-75.0255, 43.01654], [-75.02463, 43.01639], [-75.02423, 43.01622], [-75.01603, 43.01412], [-75.01374, 43.0136], [-75.0119, 43.01339], [-75.00966, 43.01347], [-75.00015, 43.01504], [-74.99855, 43.01506], [-74.99689, 43.01492], [-74.99661, 43.015], [-74.99595, 43.01542], [-74.99469, 43.01515], [-74.99422, 43.01477], [-74.99178, 43.01393], [-74.98885, 43.01356], [-74.9877, 43.01364], [-74.98631, 43.01396], [-74.98375, 43.01521], [-74.98079, 43.01625], [-74.97995, 43.01668], [-74.97815, 43.01728], [-74.96632, 43.01878], [-74.96401, 43.01888], [-74.96232, 43.01859], [-74.96083, 43.01866], [-74.95759, 43.01855], [-74.95584, 43.01889], [-74.95556, 43.01879], [-74.95547, 43.01844], [-74.95518, 43.01837], [-74.95381, 43.01857], [-74.95305, 43.01884], [-74.94932, 43.01895], [-74.94414, 43.01805], [-74.94354, 43.01813], [-74.94024, 43.01751], [-74.93912, 43.0176], [-74.93388, 43.01654], [-74.93177, 43.01635], [-74.93084, 43.0159], [-74.93028, 43.01537], [-74.92747, 43.01482], [-74.92656, 43.01496], [-74.92467, 43.01554], [-74.92341, 43.01582], [-74.91973, 43.01595], [-74.91783, 43.01595], [-74.91317, 43.01554], [-74.90942, 43.01542], [-74.90915, 43.01532], [-74.90879, 43.01495], [-74.90845, 43.01484], [-74.90081, 43.01581], [-74.89746, 43.0165], [-74.89551, 43.0171], [-74.87679, 43.02382], [-74.87461, 43.02496], [-74.87278, 43.02615], [-74.86859, 43.02917], [-74.86652, 43.03119], [-74.86506, 43.03275], [-74.86491, 43.03302], [-74.86357, 43.0342], [-74.86227, 43.03556], [-74.86204, 43.03593], [-74.86093, 43.03692], [-74.86075, 43.03714], [-74.86067, 43.03746], [-74.8602, 43.03741], [-74.85911, 43.03812], [-74.85763, 43.03856], [-74.85643, 43.03867], [-74.85438, 43.03859], [-74.85232, 43.03901], [-74.85098, 43.03904], [-74.84969, 43.03878], [-74.84798, 43.03805], [-74.84717, 43.03782], [-74.84584, 43.0376], [-74.84203, 43.03614], [-74.83783, 43.03527], [-74.83382, 43.03419], [-74.83231, 43.03352], [-74.83143, 43.03286], [-74.83112, 43.0331], [-74.83082, 43.03306], [-74.83116, 43.03253], [-74.82881, 43.02993], [-74.82784, 43.02929], [-74.82629, 43.02872], [-74.82574, 43.0286], [-74.8243, 43.02854], [-74.82181, 43.02884], [-74.82113, 43.02879], [-74.82056, 43.02891], [-74.81807, 43.02865], [-74.81719, 43.02902], [-74.81565, 43.02868], [-74.81553, 43.02861], [-74.81554, 43.02842], [-74.81249, 43.02748], [-74.8122, 43.02718], [-74.81213, 43.02686], [-74.81094, 43.02643], [-74.80903, 43.02554], [-74.80542, 43.02348], [-74.80375, 43.02226], [-74.80039, 43.01953], [-74.79192, 43.01314], [-74.78977, 43.01168], [-74.78814, 43.01071], [-74.78583, 43.00961], [-74.78189, 43.00835], [-74.74491, 42.99839], [-74.7396, 42.99649], [-74.73306, 42.99329], [-74.73108, 42.99257], [-74.72806, 42.99165], [-74.72708, 42.9914], [-74.72683, 42.99155], [-74.72674, 42.9918], [-74.72649, 42.99186], [-74.71752, 42.99205], [-74.70998, 42.99209], [-74.70983, 42.99204], [-74.71003, 42.992], [-74.71063, 42.99154], [-74.70951, 42.99133], [-74.70602, 42.99136], [-74.70223, 42.99103], [-74.69944, 42.99104], [-74.69399, 42.99119], [-74.68438, 42.99179], [-74.68229, 42.99202], [-74.67886, 42.99268], [-74.67714, 42.99284], [-74.67534, 42.99274], [-74.67452, 42.99259], [-74.67292, 42.99211], [-74.66119, 42.98698], [-74.65638, 42.98368], [-74.64838, 42.97602], [-74.64604, 42.97352], [-74.64527, 42.97229], [-74.64364, 42.96799], [-74.64305, 42.96699], [-74.64016, 42.96422], [-74.63713, 42.96236], [-74.63423, 42.95994], [-74.63349, 42.95913], [-74.63204, 42.9562], [-74.63184, 42.95536], [-74.63166, 42.95363], [-74.63084, 42.9515], [-74.63004, 42.9476], [-74.62625, 42.94238], [-74.6243, 42.94032], [-74.62298, 42.93848], [-74.62248, 42.93794], [-74.62273, 42.93793], [-74.62349, 42.93838], [-74.62374, 42.93833], [-74.61772, 42.92916], [-74.61705, 42.92801], [-74.61682, 42.92702], [-74.61683, 42.92431], [-74.61657, 42.9235], [-74.61617, 42.92279], [-74.61581, 42.92241], [-74.61266, 42.91989], [-74.60799, 42.91542], [-74.60686, 42.91454], [-74.60559, 42.91381], [-74.59808, 42.91025], [-74.59446, 42.90828], [-74.58915, 42.90601], [-74.58703, 42.90529], [-74.58477, 42.9048], [-74.5832, 42.9047], [-74.58125, 42.90478], [-74.57969, 42.90502], [-74.5771, 42.90521], [-74.57521, 42.90575], [-74.57419, 42.90579], [-74.57232, 42.90533], [-74.57142, 42.9055], [-74.57076, 42.90551], [-74.57052, 42.9057], [-74.56941, 42.90542], [-74.56122, 42.90447], [-74.559, 42.90406], [-74.55275, 42.90258], [-74.55025, 42.90187], [-74.54405, 42.89923], [-74.53996, 42.89717], [-74.53434, 42.89476], [-74.5322, 42.89387], [-74.5265, 42.89183], [-74.52517, 42.89144], [-74.51742, 42.8904], [-74.51583, 42.89033], [-74.51398, 42.89039], [-74.50821, 42.89076], [-74.505, 42.89112], [-74.50194, 42.89165], [-74.4959, 42.893], [-74.49098, 42.89447], [-74.48332, 42.89543], [-74.48202, 42.89543], [-74.48067, 42.89526], [-74.47815, 42.89468], [-74.47586, 42.89434], [-74.47055, 42.89438], [-74.4704, 42.89443], [-74.47042, 42.89483], [-74.47021, 42.89495], [-74.46884, 42.89508], [-74.46724, 42.89493], [-74.46456, 42.89561], [-74.46304, 42.89616], [-74.46193, 42.89684], [-74.46114, 42.89754], [-74.46028, 42.89859], [-74.45973, 42.89952], [-74.45738, 42.90494], [-74.45691, 42.90575], [-74.45599, 42.90668], [-74.45002, 42.91039], [-74.44993, 42.91057], [-74.44941, 42.91093], [-74.44699, 42.9123], [-74.43688, 42.91872], [-74.41314, 42.93256], [-74.40402, 42.93908], [-74.40154, 42.94048], [-74.39996, 42.94123], [-74.39512, 42.94259], [-74.3895, 42.9451], [-74.38274, 42.94729], [-74.38052, 42.94767], [-74.37904, 42.94773], [-74.37372, 42.94712], [-74.3714, 42.94639], [-74.36661, 42.94519], [-74.36349, 42.94402], [-74.36161, 42.94344], [-74.35197, 42.9417], [-74.34459, 42.94105], [-74.344, 42.94093], [-74.3424, 42.94044], [-74.33761, 42.93826], [-74.33448, 42.9373], [-74.33031, 42.93565], [-74.32858, 42.93487], [-74.32669, 42.93376], [-74.32572, 42.93338], [-74.31756, 42.93071], [-74.31628, 42.93037], [-74.31139, 42.92946], [-74.30193, 42.92806], [-74.3007, 42.92798], [-74.29922, 42.92805], [-74.29271, 42.92896], [-74.2912, 42.92943], [-74.28976, 42.93019], [-74.28343, 42.93529], [-74.28302, 42.9352], [-74.27954, 42.93797], [-74.2788, 42.93843], [-74.27883, 42.93897], [-74.27745, 42.9401], [-74.26563, 42.94955], [-74.26427, 42.95027], [-74.26286, 42.95071], [-74.26195, 42.95082], [-74.2433, 42.95207], [-74.23576, 42.95226], [-74.22617, 42.95209], [-74.22094, 42.95094], [-74.21897, 42.95013], [-74.21791, 42.94948], [-74.21048, 42.9437], [-74.20854, 42.94232], [-74.20326, 42.93962], [-74.20162, 42.93857], [-74.20085, 42.93764], [-74.20011, 42.93583], [-74.19923, 42.93456], [-74.19899, 42.93435], [-74.19785, 42.93373], [-74.19731, 42.93366], [-74.19554, 42.93308], [-74.19384, 42.93233], [-74.19163, 42.93031], [-74.19091, 42.92977], [-74.18705, 42.92785], [-74.18205, 42.92473], [-74.17976, 42.9237], [-74.16187, 42.91639], [-74.15985, 42.916], [-74.15775, 42.91587], [-74.15156, 42.91612], [-74.14633, 42.91651], [-74.14323, 42.91629], [-74.14147, 42.91594], [-74.13935, 42.91531], [-74.11625, 42.90659], [-74.1152, 42.90627], [-74.11416, 42.90596], [-74.11181, 42.90551], [-74.1056, 42.9047], [-74.10084, 42.90381], [-74.09821, 42.90316], [-74.09746, 42.90279], [-74.0966, 42.90228], [-74.09327, 42.89988], [-74.08225, 42.89135], [-74.08146, 42.89106], [-74.08142, 42.89096], [-74.08152, 42.89083], [-74.08128, 42.89048], [-74.06903, 42.88234], [-74.06897, 42.88224], [-74.06904, 42.88182], [-74.06888, 42.8816], [-74.06778, 42.88105], [-74.06685, 42.88029], [-74.06604, 42.87987], [-74.06117, 42.87664], [-74.06036, 42.87627], [-74.05891, 42.87754], [-74.05179, 42.8744], [-74.05041, 42.87403], [-74.04752, 42.87385], [-74.04668, 42.87361], [-74.04653, 42.87333], [-74.04602, 42.8731], [-74.04513, 42.87244], [-74.04494, 42.87257], [-74.04328, 42.87039], [-74.04301, 42.87017], [-74.04245, 42.86995], [-74.04242, 42.86936], [-74.0422, 42.86882], [-74.04142, 42.86782], [-74.03517, 42.86265], [-74.03419, 42.86167], [-74.03193, 42.85863], [-74.03101, 42.85764], [-74.03005, 42.85684], [-74.02914, 42.85626], [-74.02531, 42.85406], [-74.02508, 42.85404], [-74.02281, 42.85186], [-74.02162, 42.85086], [-74.01672, 42.84759], [-74.01531, 42.84689], [-74.01488, 42.84677], [-74.01215, 42.84634], [-74.01195, 42.84604], [-74.00867, 42.84554], [-74.00803, 42.84573], [-74.00769, 42.84596], [-74.00641, 42.84873], [-74.00582, 42.84871], [-74.00554, 42.84846], [-74.00491, 42.84854], [-74.00459, 42.8485], [-74.00439, 42.84837], [-74.00404, 42.84739], [-74.00365, 42.84709], [-74.00336, 42.84661], [-74.00334, 42.84632], [-74.00364, 42.84508], [-74.00342, 42.84423], [-74.00242, 42.84283], [-74.00141, 42.8424], [-74.00115, 42.84218], [-74.00092, 42.84172], [-74.00118, 42.8406], [-74.00145, 42.84017], [-74.00133, 42.83974], [-74.00059, 42.83847], [-73.99979, 42.83743], [-73.99614, 42.83402], [-73.99112, 42.82843], [-73.98838, 42.8246], [-73.98776, 42.82322], [-73.98758, 42.82302], [-73.98737, 42.82233], [-73.98634, 42.82018], [-73.98595, 42.81958], [-73.98463, 42.81792], [-73.98428, 42.81765], [-73.98374, 42.81741], [-73.98098, 42.81706], [-73.9803, 42.81626], [-73.97989, 42.81546], [-73.978, 42.81463], [-73.97551, 42.81394], [-73.97335, 42.81347], [-73.97127, 42.81317], [-73.97034, 42.8131], [-73.97007, 42.8132], [-73.96868, 42.81323], [-73.96718, 42.8134], [-73.96438, 42.81404], [-73.96338, 42.81476], [-73.96248, 42.81517], [-73.96196, 42.81519], [-73.96062, 42.81501], [-73.9602, 42.81532], [-73.96027, 42.81629], [-73.95994, 42.81653], [-73.95943, 42.81658], [-73.95767, 42.81641], [-73.95675, 42.81678], [-73.95554, 42.81695], [-73.95522, 42.81712], [-73.95483, 42.81754], [-73.95452, 42.81769], [-73.95304, 42.81791], [-73.95227, 42.81764], [-73.95194, 42.81728], [-73.95186, 42.81694], [-73.95212, 42.81631], [-73.95206, 42.81618], [-73.95096, 42.81563], [-73.94993, 42.81542], [-73.9493, 42.81543], [-73.94919, 42.81658], [-73.93885, 42.81614], [-73.93753, 42.81838], [-73.93734, 42.81852], [-73.93426, 42.8198], [-73.93218, 42.82082], [-73.93153, 42.82072], [-73.93148, 42.82084], [-73.9317, 42.8211], [-73.92988, 42.82269], [-73.92927, 42.82349], [-73.9231, 42.83398], [-73.92231, 42.83499], [-73.92108, 42.83608], [-73.92031, 42.8366], [-73.90495, 42.84477], [-73.90336, 42.84548], [-73.89618, 42.84777], [-73.89459, 42.84817], [-73.89264, 42.84843], [-73.89217, 42.84828], [-73.89083, 42.84835], [-73.88846, 42.84793], [-73.88704, 42.84754], [-73.88566, 42.84699], [-73.88451, 42.8463], [-73.88361, 42.84548], [-73.88295, 42.8445], [-73.88191, 42.84147], [-73.88092, 42.8383], [-73.88125, 42.83812], [-73.88136, 42.83788], [-73.88128, 42.8366], [-73.88108, 42.83639], [-73.88112, 42.83627], [-73.88125, 42.83623], [-73.88173, 42.83641], [-73.8819, 42.83636], [-73.88362, 42.83504], [-73.88404, 42.83407], [-73.88426, 42.83383], [-73.88461, 42.83364], [-73.88507, 42.83354], [-73.88512, 42.83337], [-73.88536, 42.83142], [-73.88511, 42.82985], [-73.88513, 42.82929], [-73.88405, 42.82787], [-73.88164, 42.82757], [-73.88068, 42.82717], [-73.87932, 42.82641], [-73.8788, 42.82649], [-73.8786, 42.82662], [-73.87837, 42.82655], [-73.87826, 42.82585], [-73.87787, 42.82542], [-73.87461, 42.82414], [-73.87395, 42.82371], [-73.87307, 42.82272], [-73.87011, 42.81985], [-73.86973, 42.81961], [-73.86891, 42.81944], [-73.86856, 42.81924], [-73.86797, 42.81858], [-73.86778, 42.81781], [-73.86754, 42.81737], [-73.86566, 42.8157], [-73.86544, 42.81568], [-73.86045, 42.81694], [-73.85973, 42.81661], [-73.8593, 42.81603], [-73.8576, 42.81444], [-73.85594, 42.81102], [-73.8551, 42.80959], [-73.8518, 42.80495], [-73.85108, 42.80418], [-73.84607, 42.79987], [-73.83241, 42.78334], [-73.83139, 42.78214], [-73.83061, 42.78139], [-73.82915, 42.78033], [-73.82846, 42.77996], [-73.81315, 42.77264], [-73.81072, 42.77168], [-73.80799, 42.7711], [-73.80613, 42.77096], [-73.8044, 42.77102], [-73.80234, 42.77126], [-73.80143, 42.77148], [-73.79974, 42.77201], [-73.79819, 42.77268], [-73.79683, 42.77348], [-73.79607, 42.77404], [-73.79477, 42.77523], [-73.78837, 42.7834], [-73.78774, 42.784], [-73.78697, 42.78453], [-73.78563, 42.78516], [-73.78439, 42.78552], [-73.78357, 42.78564], [-73.78245, 42.7857], [-73.78124, 42.78563], [-73.77161, 42.7832], [-73.76999, 42.78299], [-73.76802, 42.78295], [-73.76504, 42.78344], [-73.76419, 42.78371], [-73.75976, 42.7856], [-73.75978, 42.78575], [-73.76184, 42.78702], [-73.76109, 42.78758], [-73.76011, 42.78916], [-73.7602, 42.78944], [-73.76083, 42.7899], [-73.761, 42.79018], [-73.76103, 42.7905], [-73.76095, 42.79068], [-73.76064, 42.79092], [-73.76007, 42.79107], [-73.75741, 42.79039], [-73.75595, 42.7904], [-73.75566, 42.78988], [-73.7558, 42.78958], [-73.75577, 42.78915], [-73.75551, 42.78803], [-73.75521, 42.78759], [-73.75185, 42.78903], [-73.75075, 42.78958], [-73.74999, 42.79008], [-73.7487, 42.79118], [-73.7431, 42.79654], [-73.74211, 42.79723], [-73.74086, 42.79783], [-73.7385, 42.79847], [-73.73641, 42.79857], [-73.73498, 42.79845], [-73.73219, 42.79776], [-73.73019, 42.79701], [-73.72862, 42.79629], [-73.7265, 42.79507], [-73.72542, 42.79431], [-73.71528, 42.78575], [-73.71433, 42.78485], [-73.7131, 42.78341], [-73.71237, 42.78241], [-73.7117, 42.78126], [-73.71106, 42.77907], [-73.71022, 42.77702], [-73.70979, 42.77647], [-73.70869, 42.7755], [-73.70626, 42.77381], [-73.7054, 42.77276], [-73.70505, 42.77182], [-73.705, 42.77103], [-73.70515, 42.76698], [-73.70482, 42.76585], [-73.70389, 42.76388], [-73.70358, 42.76297], [-73.70366, 42.76183], [-73.70403, 42.76091], [-73.70105, 42.76096], [-73.70095, 42.76217], [-73.6996, 42.76205], [-73.69911, 42.7618], [-73.69826, 42.76117], [-73.69348, 42.75654], [-73.6932, 42.75586], [-73.69351, 42.75476], [-73.69145, 42.75423], [-73.68972, 42.75394], [-73.69171, 42.7484], [-73.69022, 42.7481], [-73.6937, 42.73847], [-73.69444, 42.73714], [-73.69817, 42.73552], [-73.6993, 42.73531], [-73.70021, 42.72864], [-73.69991, 42.72551], [-73.70329, 42.71675], [-73.70655, 42.70979], [-73.70502, 42.7095], [-73.70553, 42.70783], [-73.70572, 42.70565], [-73.70649, 42.70417], [-73.70639, 42.70359], [-73.70515, 42.70252], [-73.70507, 42.70232], [-73.70484, 42.70055], [-73.70491, 42.69923], [-73.7051, 42.69862], [-73.70552, 42.69798], [-73.7092, 42.69389], [-73.71028, 42.69323], [-73.71078, 42.69209], [-73.71109, 42.69165], [-73.71329, 42.68907], [-73.71485, 42.68767], [-73.7158, 42.68631], [-73.71675, 42.68528], [-73.71957, 42.68182], [-73.72012, 42.6814], [-73.72025, 42.68088], [-73.7209, 42.68], [-73.72129, 42.67976], [-73.72207, 42.67968], [-73.72226, 42.67958], [-73.72227, 42.67937], [-73.72182, 42.67894], [-73.72181, 42.67876], [-73.7238, 42.67601], [-73.72448, 42.67523], [-73.72474, 42.67411], [-73.72554, 42.67168], [-73.72931, 42.66677], [-73.73055, 42.66558], [-73.73359, 42.66366], [-73.7347, 42.66249], [-73.73593, 42.66231], [-73.73789, 42.66017], [-73.74121, 42.65727], [-73.74237, 42.65649], [-73.74255, 42.6561], [-73.74301, 42.65571]]}}, {"type": "Feature", "properties": {"id": "osm_nym_0", "q": "great", "t": "rail", "name": "Shoreline Trail", "c": "yes"}, "geometry": {"type": "LineString", "coordinates": [[-78.91803, 42.95993], [-78.91951, 42.96098], [-78.92116, 42.96281], [-78.92273, 42.96577], [-78.92278, 42.96584], [-78.92344, 42.96652], [-78.92352, 42.96659], [-78.92517, 42.96807], [-78.92839, 42.97153], [-78.92879, 42.97197], [-78.93201, 42.97533], [-78.93317, 42.97686], [-78.93351, 42.97829], [-78.93507, 42.98083], [-78.93566, 42.98244], [-78.93579, 42.98417], [-78.93614, 42.98532], [-78.93622, 42.98618], [-78.93596, 42.9866], [-78.93578, 42.98891], [-78.93472, 42.99175], [-78.93437, 42.99337], [-78.93263, 42.99613], [-78.93181, 42.99694], [-78.93175, 42.99698], [-78.93028, 42.99836], [-78.93022, 42.9984], [-78.92657, 43.00114], [-78.92643, 43.00137], [-78.92661, 43.00206], [-78.92547, 43.00282], [-78.92385, 43.00311], [-78.92187, 43.00467], [-78.91839, 43.00647], [-78.91283, 43.00879], [-78.91039, 43.00956], [-78.91007, 43.00966], [-78.90656, 43.01087], [-78.90626, 43.01096], [-78.89139, 43.01661], [-78.88698, 43.01983], [-78.88533, 43.02164], [-78.88252, 43.0235], [-78.88232, 43.02346], [-78.88155, 43.02222], [-78.88063, 43.02154], [-78.87995, 43.02134], [-78.88004, 43.02072], [-78.87826, 43.02103]]}}, {"type": "Feature", "properties": {"id": "osm_nym_1", "q": "great", "t": "rail", "name": "Shoreline Trail", "c": "yes"}, "geometry": {"type": "LineString", "coordinates": [[-78.90077, 42.9055], [-78.90056, 42.90658], [-78.90036, 42.90858], [-78.89963, 42.91453], [-78.89962, 42.9146], [-78.89955, 42.91516], [-78.89955, 42.91521]]}}, {"type": "Feature", "properties": {"id": "osm_nym_2", "q": "great", "t": "rail", "name": "Shoreline Trail", "c": "yes"}, "geometry": {"type": "LineString", "coordinates": [[-78.9087, 42.94504], [-78.90931, 42.94467], [-78.90923, 42.94413], [-78.90822, 42.94372], [-78.90754, 42.94234], [-78.9076, 42.94199], [-78.90671, 42.94041], [-78.90671, 42.9404], [-78.9056, 42.94086], [-78.90158, 42.93303], [-78.90112, 42.93215], [-78.90128, 42.93198], [-78.90254, 42.93121], [-78.90459, 42.93032], [-78.9066, 42.93005], [-78.90691, 42.92978], [-78.90634, 42.9293], [-78.90661, 42.92856], [-78.90617, 42.92699]]}}, {"type": "Feature", "properties": {"id": "osm_nym_3", "q": "great", "t": "rail", "name": "Shoreline Trail", "c": "yes"}, "geometry": {"type": "LineString", "coordinates": [[-78.89214, 43.04825], [-78.89219, 43.04835]]}}, {"type": "Feature", "properties": {"id": "osm_nym_4", "q": "great", "t": "rail", "name": "Shoreline Trail", "c": "yes"}, "geometry": {"type": "LineString", "coordinates": [[-78.94531, 43.07342], [-78.94498, 43.07329], [-78.94508, 43.0731], [-78.94046, 43.07109], [-78.94019, 43.07128], [-78.94023, 43.07253], [-78.93778, 43.0721], [-78.93309, 43.0705], [-78.9326, 43.07009], [-78.93127, 43.06966], [-78.93051, 43.06974], [-78.92941, 43.0694], [-78.92798, 43.06863], [-78.92153, 43.06643], [-78.9165, 43.06385], [-78.90527, 43.05882], [-78.90075, 43.05638], [-78.9012, 43.05553], [-78.89876, 43.05385], [-78.89788, 43.05223], [-78.89596, 43.05117], [-78.8928, 43.04897], [-78.89223, 43.04836], [-78.8913, 43.04856], [-78.89089, 43.04831], [-78.89082, 43.04819], [-78.89002, 43.04697], [-78.88995, 43.04686], [-78.88988, 43.04674], [-78.88979, 43.04661], [-78.88931, 43.04555], [-78.88928, 43.04545], [-78.88918, 43.04502], [-78.88917, 43.04494], [-78.88893, 43.04383], [-78.8889, 43.0437], [-78.88873, 43.04304], [-78.88868, 43.04291], [-78.88806, 43.04132], [-78.88799, 43.04115], [-78.88769, 43.04041], [-78.88765, 43.04031], [-78.88746, 43.03997], [-78.88742, 43.0399], [-78.88735, 43.03978], [-78.88731, 43.03972], [-78.886, 43.03758], [-78.88597, 43.03753], [-78.88551, 43.03683], [-78.88545, 43.03672], [-78.8853, 43.03647], [-78.88526, 43.03639], [-78.88484, 43.03566], [-78.88476, 43.03553], [-78.88465, 43.03533], [-78.88458, 43.0352], [-78.8843, 43.03473], [-78.88427, 43.03468], [-78.88422, 43.03459], [-78.88418, 43.03454], [-78.88408, 43.0344], [-78.88402, 43.03431], [-78.88383, 43.03407], [-78.88368, 43.0339], [-78.88273, 43.03284], [-78.88264, 43.03275], [-78.8825, 43.03259], [-78.88244, 43.03252], [-78.88182, 43.03178], [-78.88176, 43.0317], [-78.8817, 43.03163], [-78.88159, 43.03149], [-78.88154, 43.03143], [-78.88143, 43.03129], [-78.88116, 43.03094], [-78.88107, 43.03081], [-78.88101, 43.03074], [-78.88096, 43.03067], [-78.8809, 43.03061], [-78.88085, 43.03051], [-78.88079, 43.0304], [-78.88075, 43.03032], [-78.88032, 43.02933], [-78.88027, 43.02915], [-78.88019, 43.02856], [-78.88018, 43.02848], [-78.88014, 43.02797], [-78.88013, 43.02787], [-78.88005, 43.02744], [-78.88003, 43.02734], [-78.88002, 43.02722], [-78.88001, 43.02714], [-78.87998, 43.02692], [-78.87998, 43.02685], [-78.87999, 43.0266], [-78.87998, 43.0265], [-78.87992, 43.02628]]}}, {"type": "Feature", "properties": {"id": "osm_nym_5", "q": "great", "t": "rail", "name": "Shoreline Trail", "c": "yes"}, "geometry": {"type": "LineString", "coordinates": [[-78.87981, 43.02542], [-78.87981, 43.02537], [-78.87981, 43.02529], [-78.87971, 43.02487], [-78.87967, 43.0247], [-78.87982, 43.02348]]}}, {"type": "Feature", "properties": {"id": "osm_nym_6", "q": "great", "t": "rail", "name": "Shoreline Trail", "c": "yes"}, "geometry": {"type": "LineString", "coordinates": [[-78.91105, 42.95493], [-78.91044, 42.95387]]}}, {"type": "Feature", "properties": {"id": "osm_nym_7", "q": "great", "t": "rail", "name": "Shoreline Trail", "c": "yes"}, "geometry": {"type": "LineString", "coordinates": [[-78.98752, 43.07512], [-78.98781, 43.07465], [-78.98867, 43.07416], [-79.0004, 43.07379], [-79.00279, 43.07398], [-79.00561, 43.07455], [-79.01121, 43.07649], [-79.014, 43.07696], [-79.01707, 43.07741], [-79.0188, 43.07798], [-79.01953, 43.07848], [-79.02028, 43.07852], [-79.03438, 43.07808], [-79.04272, 43.07807], [-79.0445, 43.07839], [-79.04575, 43.07958], [-79.04668, 43.07989], [-79.04837, 43.07921], [-79.0519, 43.0801], [-79.05319, 43.08058], [-79.05377, 43.08098], [-79.055, 43.08069], [-79.0579, 43.08076], [-79.06134, 43.08153], [-79.06285, 43.08311], [-79.0637, 43.08349], [-79.06535, 43.08471]]}}, {"type": "Feature", "properties": {"id": "osm_nym_8", "q": "great", "t": "rail", "name": "Shoreline Trail", "c": "yes"}, "geometry": {"type": "LineString", "coordinates": [[-78.87733, 42.87716], [-78.87771, 42.87603], [-78.87771, 42.87602], [-78.87771, 42.87595], [-78.87772, 42.87594], [-78.87789, 42.87515], [-78.87801, 42.87481], [-78.87798, 42.87457]]}}, {"type": "Feature", "properties": {"id": "osm_nym_9", "q": "great", "t": "rail", "name": "Shoreline Trail", "c": "yes"}, "geometry": {"type": "LineString", "coordinates": [[-78.90944, 42.95006], [-78.90927, 42.94791], [-78.90928, 42.94772]]}}, {"type": "Feature", "properties": {"id": "osm_nym_10", "q": "great", "t": "rail", "name": "Shoreline Trail", "c": "yes"}, "geometry": {"type": "LineString", "coordinates": [[-79.03967, 42.67711], [-79.03578, 42.68325]]}}, {"type": "Feature", "properties": {"id": "osm_nym_11", "q": "great", "t": "rail", "name": "Shoreline Trail", "c": "yes"}, "geometry": {"type": "LineString", "coordinates": [[-79.05131, 42.6739], [-79.05759, 42.66722], [-79.05777, 42.667], [-79.05805, 42.66618], [-79.05812, 42.66], [-79.05829, 42.65977]]}}, {"type": "Feature", "properties": {"id": "osm_nym_12", "q": "great", "t": "rail", "name": "Shoreline Trail", "c": "yes"}, "geometry": {"type": "LineString", "coordinates": [[-79.0682, 43.08548], [-79.06798, 43.08539], [-79.06658, 43.08505], [-79.06551, 43.08482]]}}, {"type": "Feature", "properties": {"id": "osm_nym_13", "q": "great", "t": "rail", "name": "Shoreline Trail", "c": "yes"}, "geometry": {"type": "LineString", "coordinates": [[-78.88075, 42.88066], [-78.88076, 42.88068], [-78.88082, 42.88076]]}}, {"type": "Feature", "properties": {"id": "osm_nym_14", "q": "great", "t": "rail", "name": "Shoreline Trail", "c": "yes"}, "geometry": {"type": "LineString", "coordinates": [[-78.89746, 42.92803], [-78.8975, 42.92803]]}}, {"type": "Feature", "properties": {"id": "osm_nym_15", "q": "great", "t": "rail", "name": "Shoreline Trail", "c": "yes"}, "geometry": {"type": "LineString", "coordinates": [[-79.04869, 43.20957], [-79.04854, 43.20879], [-79.04814, 43.20817], [-79.0434, 43.20409], [-79.04217, 43.202]]}}, {"type": "Feature", "properties": {"id": "osm_nym_16", "q": "great", "t": "rail", "name": "Shoreline Trail", "c": "yes"}, "geometry": {"type": "LineString", "coordinates": [[-78.98748, 43.07533], [-78.98698, 43.07534]]}}, {"type": "Feature", "properties": {"id": "osm_nym_17", "q": "great", "t": "rail", "name": "Harlem Valley Rail Trail", "c": "yes"}, "geometry": {"type": "LineString", "coordinates": [[-73.52197, 42.11202], [-73.52201, 42.11235], [-73.5193, 42.11646], [-73.51903, 42.11804], [-73.51936, 42.11934], [-73.51942, 42.11949], [-73.51991, 42.12072], [-73.52045, 42.122], [-73.5207, 42.12334], [-73.52079, 42.12874], [-73.52104, 42.13066], [-73.51993, 42.13161], [-73.5207, 42.13463], [-73.52059, 42.1352], [-73.52122, 42.13635], [-73.52113, 42.13691], [-73.52081, 42.13701]]}}, {"type": "Feature", "properties": {"id": "osm_nym_18", "q": "great", "t": "rail", "name": "Harlem Valley Rail Trail", "c": "yes"}, "geometry": {"type": "LineString", "coordinates": [[-73.52573, 42.10707], [-73.52808, 42.10345], [-73.5295, 42.10033], [-73.53041, 42.09769], [-73.53221, 42.08694], [-73.53229, 42.08334], [-73.53107, 42.07837], [-73.52959, 42.07335], [-73.52895, 42.07192], [-73.52682, 42.06978], [-73.52373, 42.06734], [-73.52184, 42.06575], [-73.52085, 42.06457], [-73.5204, 42.06349], [-73.52037, 42.06341], [-73.52006, 42.06215], [-73.52008, 42.06044], [-73.52079, 42.05767], [-73.52115, 42.05427], [-73.52049, 42.05255], [-73.51957, 42.05097], [-73.51921, 42.04985], [-73.51919, 42.04868], [-73.52007, 42.02793], [-73.51468, 42.00528], [-73.51464, 42.00294], [-73.51543, 42.00017], [-73.51738, 41.99397], [-73.52327, 41.97566], [-73.52334, 41.97544], [-73.52466, 41.9712], [-73.52462, 41.96887], [-73.5246, 41.96879], [-73.5245, 41.96839], [-73.52445, 41.96826], [-73.52207, 41.96497], [-73.52162, 41.96447], [-73.52153, 41.96433], [-73.52108, 41.96384], [-73.52099, 41.96375], [-73.51382, 41.95574], [-73.51374, 41.95565], [-73.51155, 41.95322], [-73.51047, 41.95156], [-73.51044, 41.95147], [-73.51039, 41.95004], [-73.51092, 41.94863], [-73.51096, 41.94852], [-73.51169, 41.94664], [-73.51163, 41.94478], [-73.50993, 41.94061], [-73.50987, 41.9393], [-73.51213, 41.93246], [-73.51671, 41.92239], [-73.51752, 41.91789], [-73.51756, 41.91772], [-73.51803, 41.91347], [-73.51804, 41.91334], [-73.51818, 41.90533], [-73.52015, 41.88377], [-73.52145, 41.87659], [-73.52274, 41.87295], [-73.52663, 41.86574], [-73.52746, 41.86495], [-73.53076, 41.86263], [-73.54085, 41.85278], [-73.54199, 41.85198], [-73.54559, 41.85044], [-73.54963, 41.84805], [-73.56357, 41.83961], [-73.56523, 41.83808], [-73.56595, 41.83675], [-73.56632, 41.83127], [-73.56586, 41.82889], [-73.56422, 41.82383], [-73.56297, 41.81773], [-73.56245, 41.81408], [-73.56242, 41.81142], [-73.56177, 41.81074], [-73.56026, 41.80523]]}}, {"type": "Feature", "properties": {"id": "osm_nym_19", "q": "great", "t": "rail", "name": "Harlem Valley Rail Trail", "c": "yes"}, "geometry": {"type": "LineString", "coordinates": [[-73.5203, 42.15536], [-73.52259, 42.16143], [-73.52294, 42.16422], [-73.52326, 42.17116], [-73.52411, 42.17464], [-73.52443, 42.17477], [-73.52468, 42.17558], [-73.5258, 42.17684]]}}, {"type": "Feature", "properties": {"id": "osm_nym_20", "q": "great", "t": "dirt", "name": "Genesee Valley Greenway"}, "geometry": {"type": "LineString", "coordinates": [[-77.91845, 42.60884], [-77.89889, 42.61572], [-77.89692, 42.61668], [-77.89473, 42.61808], [-77.89105, 42.62092]]}}, {"type": "Feature", "properties": {"id": "osm_nym_21", "q": "great", "t": "dirt", "name": "Genesee Valley Greenway"}, "geometry": {"type": "LineString", "coordinates": [[-77.67469, 43.10884], [-77.67423, 43.10852], [-77.67396, 43.10858], [-77.6638, 43.11248], [-77.66367, 43.11253], [-77.65388, 43.11649], [-77.65306, 43.11709], [-77.65302, 43.11712], [-77.65243, 43.11775], [-77.65238, 43.11784], [-77.65188, 43.1184], [-77.64703, 43.12118], [-77.64512, 43.12129], [-77.6449, 43.1214], [-77.64382, 43.12193], [-77.64328, 43.12223], [-77.64207, 43.12265], [-77.64199, 43.12289]]}}, {"type": "Feature", "properties": {"id": "osm_nym_22", "q": "great", "t": "dirt", "name": "Genesee Valley Greenway"}, "geometry": {"type": "LineString", "coordinates": [[-78.03044, 42.58493], [-78.02809, 42.58314], [-78.02686, 42.58152], [-78.02525, 42.58044], [-78.02356, 42.57842], [-78.02232, 42.57793], [-78.0214, 42.578], [-78.0153, 42.5796], [-78.01371, 42.58077], [-78.01264, 42.58114], [-78.00866, 42.58083], [-78.00723, 42.58117], [-78.00562, 42.58162], [-78.00249, 42.58318], [-77.99752, 42.58348], [-77.99557, 42.58296], [-77.99418, 42.582], [-77.99235, 42.58035], [-77.98995, 42.57894], [-77.98752, 42.57796], [-77.98618, 42.57691], [-77.98528, 42.57679], [-77.9838, 42.577], [-77.98014, 42.57865], [-77.97571, 42.57899], [-77.9739, 42.57989], [-77.97192, 42.58045], [-77.96909, 42.58027], [-77.96324, 42.58069], [-77.96205, 42.58063], [-77.95939, 42.57961], [-77.95748, 42.57975], [-77.95619, 42.58067], [-77.94501, 42.59198], [-77.92828, 42.60342]]}}, {"type": "Feature", "properties": {"id": "osm_nym_23", "q": "great", "t": "dirt", "name": "Genesee Valley Greenway"}, "geometry": {"type": "LineString", "coordinates": [[-78.04829, 42.5587], [-78.04797, 42.55888], [-78.03969, 42.56522], [-78.03843, 42.56653], [-78.03812, 42.56759], [-78.03828, 42.5682], [-78.03903, 42.56886], [-78.03973, 42.56902]]}}, {"type": "Feature", "properties": {"id": "osm_nym_24", "q": "great", "t": "dirt", "name": "Genesee Valley Greenway"}, "geometry": {"type": "LineString", "coordinates": [[-78.3848, 42.16967], [-78.38361, 42.17026], [-78.37421, 42.1768]]}}, {"type": "Feature", "properties": {"id": "osm_nym_25", "q": "great", "t": "dirt", "name": "Genesee Valley Greenway"}, "geometry": {"type": "LineString", "coordinates": [[-77.74683, 43.01915], [-77.74715, 43.01841], [-77.7472, 43.0174], [-77.74422, 43.01077], [-77.74348, 43.00958], [-77.7407, 43.00685], [-77.74016, 43.00082], [-77.73979, 42.9996], [-77.73282, 42.98772], [-77.73245, 42.986], [-77.73266, 42.98497], [-77.73329, 42.98354], [-77.73584, 42.9804], [-77.73709, 42.97734], [-77.74114, 42.9726], [-77.74207, 42.97211], [-77.74791, 42.97084], [-77.74932, 42.96992], [-77.75028, 42.9687], [-77.75166, 42.96468], [-77.75227, 42.96346], [-77.75327, 42.96223], [-77.75447, 42.96117], [-77.75625, 42.96036], [-77.7577, 42.9594], [-77.75997, 42.95736], [-77.76078, 42.95601], [-77.76244, 42.95395], [-77.76525, 42.94947], [-77.76572, 42.94439], [-77.76638, 42.94286], [-77.77584, 42.93334], [-77.77613, 42.93193], [-77.77662, 42.92593], [-77.776, 42.92389], [-77.77594, 42.92244], [-77.77736, 42.92142], [-77.77875, 42.92074], [-77.78233, 42.91977], [-77.7836, 42.91895], [-77.78487, 42.91642], [-77.78689, 42.91401], [-77.7879, 42.91004], [-77.78884, 42.90875], [-77.78983, 42.90605], [-77.79095, 42.90425], [-77.79298, 42.90287], [-77.79579, 42.90163], [-77.80634, 42.89958], [-77.80812, 42.89979], [-77.81237, 42.9017], [-77.81334, 42.90195], [-77.8177, 42.90162], [-77.82, 42.90054], [-77.82168, 42.89888], [-77.82319, 42.89359], [-77.82366, 42.89171], [-77.82425, 42.88719], [-77.82454, 42.88668], [-77.82697, 42.88494], [-77.83414, 42.88074], [-77.83541, 42.87948], [-77.83667, 42.87454], [-77.83775, 42.87348], [-77.84132, 42.8704], [-77.84205, 42.87002], [-77.84278, 42.86985], [-77.84618, 42.87008], [-77.8481, 42.86962], [-77.84938, 42.86903], [-77.85029, 42.86832], [-77.85068, 42.86764], [-77.85103, 42.86307], [-77.85079, 42.86236], [-77.84823, 42.85763], [-77.84763, 42.85705], [-77.8451, 42.85549], [-77.84368, 42.85371], [-77.84233, 42.85097], [-77.84195, 42.8493], [-77.84225, 42.84818], [-77.84286, 42.84747], [-77.84742, 42.84513], [-77.84791, 42.8446], [-77.84856, 42.84167], [-77.85164, 42.82329], [-77.85176, 42.82204], [-77.85157, 42.8179], [-77.85444, 42.81092], [-77.85515, 42.80893], [-77.85557, 42.80693], [-77.85733, 42.8034], [-77.8573, 42.80121], [-77.85754, 42.79911], [-77.85849, 42.79723], [-77.85984, 42.79561], [-77.86183, 42.79376], [-77.86187, 42.79372], [-77.8656, 42.7906], [-77.86639, 42.78932], [-77.86762, 42.78502], [-77.86909, 42.78152], [-77.87102, 42.77448], [-77.87103, 42.77442], [-77.87282, 42.76778], [-77.87286, 42.76762], [-77.87411, 42.76385], [-77.87413, 42.76377], [-77.88043, 42.74593]]}}, {"type": "Feature", "properties": {"id": "osm_nym_26", "q": "great", "t": "dirt", "name": "Genesee Valley Greenway"}, "geometry": {"type": "LineString", "coordinates": [[-77.68628, 43.09848], [-77.68709, 43.09771], [-77.68733, 43.09748], [-77.69138, 43.09347], [-77.72351, 43.0622], [-77.72387, 43.06159], [-77.72398, 43.06074], [-77.72414, 43.05494], [-77.7244, 43.0542], [-77.73, 43.04879], [-77.73136, 43.04699], [-77.73427, 43.03953], [-77.73471, 43.03902], [-77.73455, 43.0389], [-77.73479, 43.03871], [-77.73474, 43.03825], [-77.7388, 43.0331], [-77.73898, 43.03259], [-77.73882, 43.03155], [-77.73776, 43.02877], [-77.73793, 43.02787], [-77.73882, 43.02645], [-77.74146, 43.02369], [-77.74361, 43.02168], [-77.74598, 43.0203], [-77.74671, 43.01934]]}}, {"type": "Feature", "properties": {"id": "osm_nym_27", "q": "great", "t": "dirt", "name": "Genesee Valley Greenway"}, "geometry": {"type": "LineString", "coordinates": [[-78.15308, 42.37945], [-78.14827, 42.3768], [-78.14333, 42.37331], [-78.14169, 42.37267], [-78.14158, 42.37261], [-78.14106, 42.37217], [-78.14032, 42.37099], [-78.14001, 42.37046], [-78.14025, 42.37038], [-78.13443, 42.36089], [-78.1319, 42.35856], [-78.12717, 42.35555], [-78.12615, 42.35441], [-78.12566, 42.35353], [-78.12531, 42.35178], [-78.12573, 42.34563], [-78.12324, 42.33093], [-78.12328, 42.33015], [-78.12368, 42.32942], [-78.12619, 42.326], [-78.12643, 42.32327], [-78.12881, 42.32036], [-78.13069, 42.31753], [-78.13519, 42.31592], [-78.14517, 42.3104], [-78.14718, 42.30995], [-78.14736, 42.30993], [-78.14881, 42.30959], [-78.1495, 42.30922], [-78.15133, 42.30694], [-78.15226, 42.3065], [-78.15306, 42.30646], [-78.15525, 42.30694], [-78.15748, 42.30668], [-78.15943, 42.30606], [-78.1623, 42.30462], [-78.16268, 42.30471], [-78.16296, 42.30457], [-78.16347, 42.3042], [-78.16343, 42.30404], [-78.16448, 42.30347], [-78.16781, 42.30172], [-78.16792, 42.30167], [-78.17553, 42.29774], [-78.17569, 42.29764], [-78.17653, 42.29682], [-78.17814, 42.29386], [-78.1791, 42.29305], [-78.18431, 42.29097], [-78.18832, 42.28895], [-78.1946, 42.28722], [-78.1965, 42.28636], [-78.20374, 42.28158], [-78.20792, 42.28071], [-78.21027, 42.27995], [-78.21674, 42.2768]]}}, {"type": "Feature", "properties": {"id": "osm_nym_28", "q": "great", "t": "dirt", "name": "Genesee Valley Greenway"}, "geometry": {"type": "LineString", "coordinates": [[-77.88173, 42.74318], [-77.88154, 42.74284], [-77.88211, 42.74103], [-77.88219, 42.74031], [-77.88243, 42.74019], [-77.88243, 42.7388], [-77.88238, 42.73751], [-77.88235, 42.73615], [-77.88054, 42.73102], [-77.8795, 42.72998], [-77.87739, 42.72917], [-77.87571, 42.72802], [-77.8756, 42.72806], [-77.87543, 42.72812], [-77.87506, 42.72752], [-77.87363, 42.72685], [-77.87234, 42.72612], [-77.86988, 42.72337], [-77.86951, 42.72227], [-77.86916, 42.71877], [-77.86916, 42.71872], [-77.86911, 42.71826], [-77.86656, 42.71379], [-77.86651, 42.71371], [-77.86418, 42.71035], [-77.86074, 42.70662], [-77.85967, 42.70515], [-77.85759, 42.69993], [-77.85701, 42.69901], [-77.85437, 42.69662], [-77.85167, 42.69471], [-77.85098, 42.69357], [-77.85008, 42.69262], [-77.84704, 42.69075], [-77.83989, 42.68868], [-77.83619, 42.68736], [-77.82701, 42.68277]]}}, {"type": "Feature", "properties": {"id": "osm_nym_29", "q": "great", "t": "dirt", "name": "Genesee Valley Greenway"}, "geometry": {"type": "LineString", "coordinates": [[-77.67836, 43.10575], [-77.67882, 43.1061], [-77.67871, 43.1063], [-77.67795, 43.10713], [-77.67662, 43.1074], [-77.67597, 43.10787], [-77.67495, 43.10898]]}}, {"type": "Feature", "properties": {"id": "osm_nym_30", "q": "great", "t": "dirt", "name": "Genesee Valley Greenway"}, "geometry": {"type": "LineString", "coordinates": [[-78.05162, 42.52488], [-78.05141, 42.52797], [-78.05171, 42.52925], [-78.05279, 42.53013], [-78.05437, 42.53082], [-78.0601, 42.53186], [-78.06109, 42.53288], [-78.0613, 42.53415], [-78.06125, 42.53672], [-78.05998, 42.53881], [-78.05903, 42.53983], [-78.05661, 42.54112], [-78.05577, 42.54191], [-78.05567, 42.54317]]}}, {"type": "Feature", "properties": {"id": "osm_nym_31", "q": "great", "t": "dirt", "name": "Genesee Valley Greenway"}, "geometry": {"type": "LineString", "coordinates": [[-78.11982, 42.44731], [-78.1193, 42.44727], [-78.11498, 42.44973], [-78.11364, 42.45081], [-78.11292, 42.45215], [-78.11327, 42.45809], [-78.11411, 42.46017], [-78.1148, 42.46286]]}}, {"type": "Feature", "properties": {"id": "osm_nym_32", "q": "great", "t": "dirt", "name": "Genesee Valley Greenway"}, "geometry": {"type": "LineString", "coordinates": [[-78.15485, 42.38408], [-78.1541, 42.38581], [-78.15395, 42.38661], [-78.15467, 42.38791], [-78.15954, 42.39254], [-78.1601, 42.39329], [-78.16028, 42.39414], [-78.16017, 42.3957], [-78.16089, 42.39678], [-78.16443, 42.39847], [-78.16804, 42.40102], [-78.16895, 42.40196]]}}, {"type": "Feature", "properties": {"id": "osm_nym_33", "q": "great", "t": "dirt", "name": "Genesee Valley Greenway"}, "geometry": {"type": "LineString", "coordinates": [[-78.1704, 42.40788], [-78.16897, 42.40984], [-78.16185, 42.41763], [-78.16137, 42.4174], [-78.16119, 42.41777], [-78.16146, 42.41798], [-78.15858, 42.42052], [-78.15019, 42.4265], [-78.14909, 42.42778], [-78.14814, 42.42934], [-78.14696, 42.43055], [-78.13461, 42.439]]}}, {"type": "Feature", "properties": {"id": "osm_nym_34", "q": "great", "t": "dirt", "name": "Genesee Valley Greenway"}, "geometry": {"type": "LineString", "coordinates": [[-77.97102, 42.57852], [-77.97294, 42.57831], [-77.97681, 42.57883]]}}, {"type": "Feature", "properties": {"id": "osm_nym_35", "q": "great", "t": "dirt", "name": "Genesee Valley Greenway"}, "geometry": {"type": "LineString", "coordinates": [[-77.67703, 43.10547], [-77.67738, 43.10048], [-77.67827, 43.09784]]}}, {"type": "Feature", "properties": {"id": "osm_nym_36", "q": "great", "t": "dirt", "name": "Genesee Valley Greenway"}, "geometry": {"type": "LineString", "coordinates": [[-78.10825, 42.47146], [-78.1109, 42.46937], [-78.11266, 42.46862], [-78.11373, 42.46791], [-78.11474, 42.46622]]}}, {"type": "Feature", "properties": {"id": "osm_nym_37", "q": "great", "t": "rail", "name": "Hudson Valley Rail Trail", "c": "yes"}, "geometry": {"type": "LineString", "coordinates": [[-74.00138, 41.73648], [-74.00111, 41.73658], [-74.0022, 41.73657], [-74.00244, 41.73665], [-74.00599, 41.7368], [-74.00637, 41.73682], [-74.00828, 41.73693], [-74.0156, 41.73724], [-74.02358, 41.73708], [-74.02476, 41.73733], [-74.02921, 41.73713], [-74.02983, 41.7369], [-74.03038, 41.73714], [-74.03235, 41.73713], [-74.0355, 41.73767], [-74.05053, 41.73948], [-74.0562, 41.74044], [-74.05615, 41.74064], [-74.05647, 41.74069], [-74.06203, 41.7413], [-74.06212, 41.7413], [-74.06258, 41.74135], [-74.06271, 41.74136], [-74.06377, 41.74142], [-74.06436, 41.74148], [-74.06526, 41.74155], [-74.06578, 41.74163], [-74.06693, 41.74187]]}}, {"type": "Feature", "properties": {"id": "osm_nym_38", "q": "great", "t": "rail", "name": "Hudson Valley Rail Trail", "c": "yes"}, "geometry": {"type": "LineString", "coordinates": [[-74.00111, 41.73658], [-73.98601, 41.73568], [-73.98097, 41.73523], [-73.98062, 41.7352], [-73.97956, 41.73511], [-73.97714, 41.73479], [-73.97531, 41.73412], [-73.97363, 41.73286], [-73.97196, 41.73067], [-73.97129, 41.72926], [-73.96827, 41.71738], [-73.96819, 41.71703], [-73.96779, 41.71586], [-73.96719, 41.71504], [-73.96491, 41.71294], [-73.9621, 41.71078], [-73.96012, 41.71029], [-73.95643, 41.71067], [-73.95427, 41.71067]]}}, {"type": "Feature", "properties": {"id": "osm_nym_39", "q": "great", "t": "rail", "name": "North County Trailway", "c": "yes"}, "geometry": {"type": "LineString", "coordinates": [[-73.75456, 41.34525], [-73.75476, 41.34385], [-73.75373, 41.33591], [-73.75431, 41.33445], [-73.7569, 41.33165], [-73.75757, 41.33047], [-73.75809, 41.32623], [-73.75789, 41.32373], [-73.75771, 41.32239], [-73.75794, 41.32116], [-73.76212, 41.31455], [-73.76434, 41.30743], [-73.76506, 41.30643], [-73.76656, 41.30507], [-73.76712, 41.30416], [-73.76818, 41.29837], [-73.77036, 41.29249], [-73.7703, 41.29121], [-73.76937, 41.28902], [-73.76942, 41.28772], [-73.76998, 41.28654], [-73.77157, 41.28464], [-73.77168, 41.28452], [-73.77364, 41.28195], [-73.77389, 41.28101], [-73.77391, 41.27924], [-73.77432, 41.27801], [-73.77493, 41.27727], [-73.77598, 41.27656], [-73.77612, 41.27649], [-73.77829, 41.27536], [-73.77965, 41.27372], [-73.78046, 41.26885], [-73.78076, 41.26814], [-73.78072, 41.26739], [-73.78153, 41.26295], [-73.7822, 41.26185], [-73.78423, 41.25981], [-73.78433, 41.25971], [-73.78671, 41.25669], [-73.78819, 41.25359], [-73.78862, 41.25111], [-73.78825, 41.24683], [-73.78823, 41.24669], [-73.78798, 41.24423], [-73.78743, 41.24181], [-73.78753, 41.23879], [-73.78726, 41.2378], [-73.7867, 41.23695], [-73.78474, 41.23501], [-73.78383, 41.23449], [-73.7828, 41.23423], [-73.78271, 41.23422], [-73.78118, 41.23393], [-73.78009, 41.23332], [-73.77953, 41.23264], [-73.77899, 41.23135], [-73.77803, 41.23029], [-73.77806, 41.23017], [-73.77813, 41.23011], [-73.77722, 41.2295], [-73.77681, 41.22863], [-73.77684, 41.22765], [-73.77703, 41.22613], [-73.77741, 41.22335], [-73.77803, 41.22192], [-73.77904, 41.22079], [-73.78095, 41.21917], [-73.78266, 41.21704], [-73.78274, 41.21693], [-73.78355, 41.21565], [-73.78368, 41.21476], [-73.78375, 41.21464], [-73.78392, 41.21441], [-73.78429, 41.21364], [-73.78591, 41.21141], [-73.78622, 41.20931], [-73.78613, 41.20799], [-73.78618, 41.20764], [-73.78629, 41.20724], [-73.78656, 41.20661], [-73.78806, 41.20432], [-73.7911, 41.19704], [-73.79161, 41.19461], [-73.79221, 41.19354], [-73.79666, 41.18996], [-73.80054, 41.1869], [-73.80303, 41.18695], [-73.80457, 41.18594], [-73.80495, 41.18594], [-73.80556, 41.18631], [-73.80797, 41.18416], [-73.81116, 41.17985], [-73.8116, 41.17872], [-73.81189, 41.17595], [-73.81148, 41.17531], [-73.81205, 41.17452], [-73.81234, 41.17363], [-73.81668, 41.16467], [-73.81788, 41.1635], [-73.8184, 41.16263], [-73.82451, 41.15535], [-73.82466, 41.15538], [-73.82587, 41.15204], [-73.82591, 41.1519], [-73.82608, 41.15106], [-73.82505, 41.14856], [-73.82478, 41.14803], [-73.8247, 41.14788], [-73.82358, 41.14488], [-73.81919, 41.13512], [-73.8184, 41.13332], [-73.8183, 41.13315], [-73.8168, 41.13026], [-73.81323, 41.12735], [-73.81194, 41.12584], [-73.81095, 41.12418], [-73.81067, 41.12322], [-73.80752, 41.11758], [-73.807, 41.11412], [-73.8059, 41.11244], [-73.80565, 41.11129], [-73.80609, 41.11051], [-73.81086, 41.10574], [-73.81187, 41.10413], [-73.8125, 41.10175], [-73.81208, 41.09852], [-73.81237, 41.0974], [-73.81309, 41.0967], [-73.81799, 41.09442], [-73.8194, 41.0934], [-73.82231, 41.08827], [-73.8274, 41.08241], [-73.82754, 41.08225], [-73.82787, 41.08186]]}}, {"type": "Feature", "properties": {"id": "osm_nym_40", "q": "great", "t": "rail", "name": "Dutchess Rail Trail", "c": "yes"}, "geometry": {"type": "LineString", "coordinates": [[-73.92936, 41.71082], [-73.92657, 41.71187], [-73.92469, 41.71272], [-73.92301, 41.71337], [-73.92277, 41.71347], [-73.92023, 41.71459], [-73.91998, 41.7147], [-73.91978, 41.71477], [-73.91957, 41.71483], [-73.91781, 41.71536], [-73.91652, 41.71568], [-73.91578, 41.71585], [-73.90688, 41.71779], [-73.90498, 41.71786], [-73.90307, 41.71753], [-73.90298, 41.7175], [-73.90079, 41.71648], [-73.90071, 41.71643], [-73.88924, 41.70945], [-73.88911, 41.70937], [-73.88702, 41.70771], [-73.88627, 41.70675], [-73.88549, 41.70516], [-73.8852, 41.70347], [-73.88571, 41.6984], [-73.88418, 41.6933], [-73.88289, 41.69181], [-73.88116, 41.69043], [-73.87965, 41.68966], [-73.87486, 41.68789], [-73.87412, 41.68788], [-73.87306, 41.68727], [-73.86781, 41.68491], [-73.86589, 41.68343], [-73.86448, 41.68203], [-73.86263, 41.67972], [-73.85538, 41.66767], [-73.85468, 41.66596], [-73.85415, 41.66342], [-73.85411, 41.66114], [-73.85454, 41.65898], [-73.85486, 41.65832], [-73.85482, 41.65797], [-73.85533, 41.65677], [-73.86011, 41.64419], [-73.86038, 41.64234], [-73.86003, 41.64042], [-73.85996, 41.64022], [-73.85633, 41.62938], [-73.85477, 41.62663], [-73.85253, 41.62397], [-73.85143, 41.62272], [-73.84575, 41.61623], [-73.84198, 41.6108], [-73.84169, 41.61039], [-73.84021, 41.6082], [-73.83997, 41.60766], [-73.83982, 41.60732], [-73.83905, 41.60651], [-73.8313, 41.59517], [-73.82977, 41.59348], [-73.81919, 41.58674], [-73.8173, 41.58614], [-73.81486, 41.58606], [-73.81467, 41.58607], [-73.81121, 41.58631], [-73.81112, 41.58636], [-73.8088, 41.58622], [-73.80714, 41.5857], [-73.80663, 41.58533], [-73.80591, 41.58473], [-73.80372, 41.5833], [-73.80356, 41.58347], [-73.8032, 41.58378], [-73.80298, 41.58369]]}}, {"type": "Feature", "properties": {"id": "osm_nym_41", "q": "great", "t": "rail", "name": "Dutchess Rail Trail", "c": "yes"}, "geometry": {"type": "LineString", "coordinates": [[-73.80527, 41.58435], [-73.80497, 41.58429]]}}, {"type": "Feature", "properties": {"id": "osm_nym_42", "q": "great", "t": "rail", "name": "Dutchess Rail Trail", "c": "yes"}, "geometry": {"type": "LineString", "coordinates": [[-73.92023, 41.71459], [-73.91996, 41.71467], [-73.91977, 41.71475], [-73.91957, 41.71483]]}}, {"type": "Feature", "properties": {"id": "osm_nym_43", "q": "great", "t": "rail", "name": "Walkway Over the Hudson", "c": "yes"}, "geometry": {"type": "LineString", "coordinates": [[-73.95427, 41.71067], [-73.93193, 41.71051], [-73.92936, 41.71082]]}}, {"type": "Feature", "properties": {"id": "osm_nym_44", "q": "great", "t": "rail", "name": "Orange Heritage Trail", "c": "yes"}, "geometry": {"type": "LineString", "coordinates": [[-74.33338, 41.40034], [-74.33544, 41.39995], [-74.33816, 41.40011], [-74.33977, 41.40072], [-74.34146, 41.40188]]}}, {"type": "Feature", "properties": {"id": "osm_nym_45", "q": "great", "t": "rail", "name": "Orange Heritage Trail", "c": "yes"}, "geometry": {"type": "LineString", "coordinates": [[-74.39324, 41.41129], [-74.39468, 41.41163], [-74.39473, 41.41166], [-74.39479, 41.41168], [-74.39564, 41.41212], [-74.39678, 41.41322], [-74.39962, 41.4175], [-74.40198, 41.41971], [-74.40205, 41.41977], [-74.40486, 41.42157], [-74.40591, 41.42198]]}}, {"type": "Feature", "properties": {"id": "osm_nym_46", "q": "great", "t": "rail", "name": "Orange Heritage Trail", "c": "yes"}, "geometry": {"type": "LineString", "coordinates": [[-74.3738, 41.41046], [-74.37513, 41.4111], [-74.37758, 41.41183]]}}, {"type": "Feature", "properties": {"id": "osm_nym_47", "q": "great", "t": "rail", "name": "Orange Heritage Trail", "c": "yes"}, "geometry": {"type": "LineString", "coordinates": [[-74.37809, 41.41198], [-74.38105, 41.4128], [-74.38295, 41.41294], [-74.38521, 41.41258], [-74.38912, 41.41118], [-74.39061, 41.41102], [-74.39243, 41.41116]]}}, {"type": "Feature", "properties": {"id": "osm_nym_48", "q": "great", "t": "rail", "name": "Orange Heritage Trail", "c": "yes"}, "geometry": {"type": "LineString", "coordinates": [[-74.21396, 41.34905], [-74.21309, 41.34675], [-74.21251, 41.34589], [-74.21133, 41.34503], [-74.20984, 41.34453], [-74.20853, 41.34442], [-74.20736, 41.34457], [-74.20174, 41.34663], [-74.19886, 41.34661]]}}, {"type": "Feature", "properties": {"id": "osm_nym_49", "q": "great", "t": "rail", "name": "Orange Heritage Trail", "c": "yes"}, "geometry": {"type": "LineString", "coordinates": [[-74.22367, 41.35637], [-74.21575, 41.35091]]}}, {"type": "Feature", "properties": {"id": "osm_nym_50", "q": "great", "t": "rail", "name": "Orange Heritage Trail", "c": "yes"}, "geometry": {"type": "LineString", "coordinates": [[-74.34159, 41.40196], [-74.3434, 41.40273], [-74.3455, 41.40306], [-74.35875, 41.40121], [-74.36214, 41.40163], [-74.36407, 41.40237], [-74.36547, 41.40328], [-74.37046, 41.4078], [-74.37364, 41.41038]]}}, {"type": "Feature", "properties": {"id": "osm_nym_51", "q": "great", "t": "rail", "name": "Orange Heritage Trail", "c": "yes"}, "geometry": {"type": "LineString", "coordinates": [[-74.40607, 41.42206], [-74.40968, 41.42404], [-74.40989, 41.42415], [-74.4148, 41.4268], [-74.41599, 41.42798], [-74.41647, 41.4289], [-74.41748, 41.43353], [-74.41749, 41.4336], [-74.41784, 41.43537], [-74.41757, 41.43727], [-74.41752, 41.43741], [-74.41696, 41.43847], [-74.41525, 41.44043], [-74.41518, 41.4405]]}}, {"type": "Feature", "properties": {"id": "osm_nym_52", "q": "great", "t": "rail", "name": "Orange Heritage Trail", "c": "yes"}, "geometry": {"type": "LineString", "coordinates": [[-74.41517, 41.4405], [-74.41384, 41.44192], [-74.41366, 41.44203], [-74.41287, 41.44303], [-74.41261, 41.44397], [-74.41283, 41.44504], [-74.41334, 41.44607]]}}, {"type": "Feature", "properties": {"id": "osm_nym_53", "q": "great", "t": "rail", "name": "Orange Heritage Trail", "c": "yes"}, "geometry": {"type": "LineString", "coordinates": [[-74.21569, 41.35086], [-74.21555, 41.35076], [-74.21401, 41.34913]]}}, {"type": "Feature", "properties": {"id": "osm_nym_54", "q": "great", "t": "rail", "name": "Putnam Trailway", "c": "yes"}, "geometry": {"type": "LineString", "coordinates": [[-73.62453, 41.40131], [-73.63194, 41.39917], [-73.63355, 41.39943], [-73.63367, 41.39947], [-73.63464, 41.40025], [-73.63532, 41.40156], [-73.63642, 41.40559], [-73.63805, 41.41062], [-73.63865, 41.4119], [-73.63891, 41.41223], [-73.63986, 41.41315], [-73.64126, 41.41391], [-73.64519, 41.41501], [-73.64682, 41.41495], [-73.64714, 41.41491], [-73.64875, 41.41458], [-73.65083, 41.41348], [-73.65244, 41.41192], [-73.65365, 41.41161], [-73.65486, 41.41177], [-73.65499, 41.41187], [-73.65852, 41.41319], [-73.65897, 41.41331], [-73.66374, 41.41444], [-73.66467, 41.41489], [-73.66515, 41.41535], [-73.66725, 41.41873], [-73.66834, 41.41951], [-73.67019, 41.4197], [-73.67377, 41.41897], [-73.67404, 41.41887], [-73.67555, 41.41862], [-73.67783, 41.41882], [-73.67886, 41.41872], [-73.67908, 41.41869], [-73.67923, 41.41864], [-73.68014, 41.41791], [-73.6808, 41.41673], [-73.68176, 41.41567], [-73.68378, 41.41506], [-73.6839, 41.41503], [-73.68531, 41.41472], [-73.68797, 41.41454], [-73.68922, 41.41384], [-73.68976, 41.41308], [-73.68991, 41.41247], [-73.6898, 41.41167], [-73.68928, 41.41043], [-73.68925, 41.40975], [-73.69023, 41.40814], [-73.69044, 41.40783], [-73.69093, 41.40658], [-73.69036, 41.40244], [-73.69062, 41.40165], [-73.69152, 41.40088], [-73.69368, 41.40032], [-73.69461, 41.39973], [-73.69506, 41.399], [-73.69521, 41.39684], [-73.69568, 41.39596], [-73.69857, 41.39402], [-73.69894, 41.39355], [-73.69932, 41.39254], [-73.69917, 41.39122], [-73.69896, 41.39068], [-73.6977, 41.38914], [-73.69753, 41.38825], [-73.69806, 41.38668], [-73.69835, 41.38468], [-73.69873, 41.38384], [-73.69954, 41.38307], [-73.70125, 41.38261], [-73.70413, 41.38326], [-73.71383, 41.38291], [-73.71508, 41.38253], [-73.72276, 41.37891], [-73.72309, 41.37794], [-73.7233, 41.37796], [-73.72501, 41.37776], [-73.72534, 41.37692], [-73.72667, 41.37487], [-73.72671, 41.37446], [-73.72806, 41.37332], [-73.7286, 41.37315], [-73.72979, 41.37281], [-73.73267, 41.37247], [-73.7344, 41.37173], [-73.73743, 41.36919], [-73.73986, 41.36756], [-73.74122, 41.36523], [-73.7439, 41.36358], [-73.74507, 41.36164], [-73.74497, 41.36083], [-73.74633, 41.35898], [-73.74665, 41.358], [-73.74697, 41.35314], [-73.74726, 41.35243], [-73.74941, 41.35049], [-73.75215, 41.34851], [-73.75319, 41.34734], [-73.75456, 41.34525]]}}, {"type": "Feature", "properties": {"id": "osm_nym_55", "q": "great", "t": "rail", "name": "High Line"}, "geometry": {"type": "LineString", "coordinates": [[-74.00812, 40.7404], [-74.00807, 40.74079], [-74.00805, 40.74088], [-74.00807, 40.74099], [-74.0079, 40.74136], [-74.00802, 40.74094], [-74.00805, 40.74088], [-74.00797, 40.74072], [-74.00812, 40.7404], [-74.00814, 40.74033], [-74.00824, 40.73984], [-74.00818, 40.73982]]}}, {"type": "Feature", "properties": {"id": "osm_nym_56", "q": "great", "t": "rail", "name": "High Line"}, "geometry": {"type": "LineString", "coordinates": [[-74.00704, 40.74325], [-74.00744, 40.74282], [-74.00778, 40.74208]]}}, {"type": "Feature", "properties": {"id": "osm_nym_57", "q": "great", "t": "rail", "name": "High Line"}, "geometry": {"type": "LineString", "coordinates": [[-74.00783, 40.74186], [-74.00781, 40.74194]]}}, {"type": "Feature", "properties": {"id": "osm_nym_58", "q": "great", "t": "rail", "name": "High Line"}, "geometry": {"type": "LineString", "coordinates": [[-74.00792, 40.74192], [-74.00775, 40.74184], [-74.00785, 40.74152], [-74.0079, 40.74136]]}}, {"type": "Feature", "properties": {"id": "osm_nym_59", "q": "great", "t": "rail", "name": "High Line"}, "geometry": {"type": "LineString", "coordinates": [[-74.00779, 40.74205], [-74.00776, 40.74207]]}}, {"type": "Feature", "properties": {"id": "osm_nym_60", "q": "great", "t": "rail", "name": "High Line"}, "geometry": {"type": "LineString", "coordinates": [[-74.00363, 40.75632], [-74.00404, 40.75643], [-74.00517, 40.75616], [-74.00595, 40.75494], [-74.00563, 40.75425], [-74.00446, 40.75373], [-74.00387, 40.75349], [-74.00371, 40.75342], [-74.00355, 40.75335], [-74.00234, 40.75282], [-74.00217, 40.75261], [-74.00216, 40.75259], [-74.00213, 40.75253], [-74.00204, 40.7524], [-74.00201, 40.75172], [-74.00295, 40.75041], [-74.00336, 40.74983], [-74.00384, 40.74907], [-74.00663, 40.74518], [-74.007, 40.74459], [-74.00702, 40.74329], [-74.00739, 40.74279], [-74.00775, 40.74184]]}}, {"type": "Feature", "properties": {"id": "osm_nym_61", "q": "great", "t": "rail", "name": "High Line"}, "geometry": {"type": "LineString", "coordinates": [[-74.00504, 40.74755], [-74.00518, 40.74728]]}}, {"type": "Feature", "properties": {"id": "osm_nym_62", "q": "great", "t": "rail", "name": "High Line"}, "geometry": {"type": "LineString", "coordinates": [[-74.00456, 40.74816], [-74.0045, 40.74816]]}}, {"type": "Feature", "properties": {"id": "osm_nym_63", "q": "great", "t": "rail", "name": "High Line"}, "geometry": {"type": "LineString", "coordinates": [[-74.00318, 40.75003], [-74.00317, 40.75011]]}}, {"type": "Feature", "properties": {"id": "osm_nym_64", "q": "great", "t": "rail", "name": "High Line"}, "geometry": {"type": "LineString", "coordinates": [[-74.00185, 40.75233], [-74.00199, 40.7523]]}}, {"type": "Feature", "properties": {"id": "osm_nym_65", "q": "great", "t": "rail", "name": "High Line"}, "geometry": {"type": "LineString", "coordinates": [[-74.00334, 40.74987], [-74.00337, 40.74982]]}}, {"type": "Feature", "properties": {"id": "osm_nym_66", "q": "great", "t": "rail", "name": "High Line"}, "geometry": {"type": "LineString", "coordinates": [[-74.0034, 40.74972], [-74.00345, 40.74971]]}}, {"type": "Feature", "properties": {"id": "osm_nym_67", "q": "great", "t": "rail", "name": "High Line"}, "geometry": {"type": "LineString", "coordinates": [[-74.00824, 40.73984], [-74.00819, 40.73944]]}}, {"type": "Feature", "properties": {"id": "osm_nym_68", "q": "great", "t": "rail", "name": "High Line"}, "geometry": {"type": "LineString", "coordinates": [[-74.00359, 40.74941], [-74.00367, 40.7493]]}}, {"type": "Feature", "properties": {"id": "osm_nym_69", "q": "great", "t": "rail", "name": "High Line"}, "geometry": {"type": "LineString", "coordinates": [[-74.00356, 40.74956], [-74.00352, 40.7495]]}}, {"type": "Feature", "properties": {"id": "osm_nym_70", "q": "great", "t": "rail", "name": "High Line"}, "geometry": {"type": "LineString", "coordinates": [[-74.00363, 40.74943], [-74.00364, 40.74945]]}}, {"type": "Feature", "properties": {"id": "osm_nym_71", "q": "great", "t": "rail", "name": "High Line"}, "geometry": {"type": "LineString", "coordinates": [[-74.00367, 40.74931], [-74.00374, 40.74928]]}}, {"type": "Feature", "properties": {"id": "osm_nym_72", "q": "great", "t": "rail", "name": "High Line"}, "geometry": {"type": "LineString", "coordinates": [[-73.44654, 40.83771], [-73.44905, 40.8374]]}}, {"type": "Feature", "properties": {"id": "osm_nym_73", "q": "great", "t": "rail", "name": "High Line"}, "geometry": {"type": "LineString", "coordinates": [[-74.00346, 40.75617], [-74.00367, 40.75632]]}}, {"type": "Feature", "properties": {"id": "osm_nym_74", "q": "great", "t": "rail", "name": "High Line"}, "geometry": {"type": "LineString", "coordinates": [[-74.00706, 40.74421], [-74.00695, 40.74418]]}}, {"type": "Feature", "properties": {"id": "osm_nym_75", "q": "great", "t": "rail", "name": "High Line"}, "geometry": {"type": "LineString", "coordinates": [[-74.00829, 40.73967], [-74.00833, 40.73967], [-74.00836, 40.73967]]}}, {"type": "Feature", "properties": {"id": "osm_nym_76", "q": "great", "t": "rail", "name": "Keuka Lake Outlet Trail", "c": "yes"}, "geometry": {"type": "LineString", "coordinates": [[-77.06314, 42.65915], [-77.06246, 42.6589], [-77.0604, 42.65913], [-77.05977, 42.65913], [-77.05923, 42.65875], [-77.05869, 42.65884], [-77.05792, 42.65859], [-77.05796, 42.65853], [-77.057, 42.65813], [-77.05596, 42.65802], [-77.05586, 42.65767], [-77.05585, 42.65765], [-77.05431, 42.65802], [-77.05332, 42.65923], [-77.05206, 42.65971], [-77.05185, 42.6599], [-77.0512, 42.65977], [-77.04991, 42.65987], [-77.04756, 42.66094], [-77.04567, 42.66075]]}}, {"type": "Feature", "properties": {"id": "osm_nym_77", "q": "great", "t": "rail", "name": "Keuka Lake Outlet Trail", "c": "yes"}, "geometry": {"type": "LineString", "coordinates": [[-77.04514, 42.66073], [-77.04506, 42.66072], [-77.04426, 42.66108], [-77.04358, 42.6622], [-77.04261, 42.66251], [-77.03801, 42.66082], [-77.03693, 42.66011], [-77.03588, 42.65899], [-77.03527, 42.65874], [-77.03456, 42.65877], [-77.03215, 42.65954], [-77.02881, 42.66104], [-77.02781, 42.66098], [-77.02634, 42.66038], [-77.02622, 42.66032], [-77.02444, 42.65943], [-77.02368, 42.65929], [-77.0203, 42.66066], [-77.01833, 42.6602], [-77.01597, 42.66049], [-77.01362, 42.65973], [-77.00899, 42.66055], [-77.00727, 42.66], [-77.00642, 42.65998], [-77.00485, 42.6603], [-77.00449, 42.66084], [-77.00276, 42.662], [-77.00249, 42.66252], [-77.00247, 42.66317], [-77.00248, 42.66324], [-77.00258, 42.66403], [-77.00207, 42.66476], [-77.00013, 42.6657], [-76.99831, 42.66696], [-76.99755, 42.66715], [-76.99469, 42.66713], [-76.99443, 42.66724]]}}, {"type": "Feature", "properties": {"id": "osm_nym_78", "q": "great", "t": "rail", "name": "Keuka Lake Outlet Trail", "c": "yes"}, "geometry": {"type": "LineString", "coordinates": [[-76.98691, 42.6643], [-76.98558, 42.66417], [-76.9854, 42.66452], [-76.98235, 42.66397], [-76.98164, 42.66419], [-76.98003, 42.66523], [-76.97815, 42.66544], [-76.97727, 42.66574], [-76.97671, 42.66625], [-76.97546, 42.66889], [-76.97124, 42.67172], [-76.9698, 42.67423], [-76.96618, 42.67529], [-76.96534, 42.67573], [-76.96386, 42.67735], [-76.96265, 42.67969], [-76.96169, 42.68009], [-76.96127, 42.68072], [-76.95956, 42.6811], [-76.95882, 42.68098], [-76.95861, 42.68103]]}}, {"type": "Feature", "properties": {"id": "osm_nym_79", "q": "great", "t": "rail", "name": "Keuka Lake Outlet Trail", "c": "yes"}, "geometry": {"type": "LineString", "coordinates": [[-77.05389, 42.65838], [-77.05392, 42.65839], [-77.05426, 42.65856], [-77.05474, 42.65895]]}}, {"type": "Feature", "properties": {"id": "osm_nym_80", "q": "great", "t": "rail", "name": "Keuka Lake Outlet Trail", "c": "yes"}, "geometry": {"type": "LineString", "coordinates": [[-76.99413, 42.66711], [-76.99216, 42.66642], [-76.9893, 42.66591], [-76.98844, 42.66545]]}}, {"type": "Feature", "properties": {"id": "kml_veloroute", "q": "good", "t": "roadbike", "name": "La V\u00e9loroute Gourmande"}, "geometry": {"type": "LineString", "coordinates": [[-73.55225, 45.49595], [-73.55243, 45.49584], [-73.5526, 45.49519], [-73.55279, 45.49521], [-73.55266, 45.49588], [-73.55234, 45.49593], [-73.5522, 45.49616], [-73.55234, 45.49627], [-73.55269, 45.49631], [-73.55115, 45.49552], [-73.55098, 45.49558], [-73.55139, 45.49578], [-73.55159, 45.49564], [-73.55222, 45.49185], [-73.55231, 45.49082], [-73.5512, 45.4908], [-73.54956, 45.49023], [-73.54897, 45.48992], [-73.54877, 45.49001], [-73.54735, 45.48991], [-73.54685, 45.49], [-73.54463, 45.48963], [-73.54436, 45.48969], [-73.54432, 45.48976], [-73.54516, 45.49201], [-73.54527, 45.49244], [-73.54529, 45.49323], [-73.54414, 45.50384], [-73.54397, 45.50425], [-73.54349, 45.50461], [-73.53329, 45.50836], [-73.53261, 45.50846], [-73.52916, 45.50801], [-73.52889, 45.50814], [-73.52889, 45.50835], [-73.52903, 45.50812], [-73.52899, 45.50802], [-73.52857, 45.50787], [-73.52892, 45.50622], [-73.52904, 45.50476], [-73.52823, 45.50474], [-73.52826, 45.50374], [-73.52813, 45.50355], [-73.52782, 45.5035], [-73.52755, 45.50296], [-73.52778, 45.50262], [-73.52895, 45.50244], [-73.52928, 45.50222], [-73.52894, 45.50157], [-73.52807, 45.50039], [-73.52698, 45.49923], [-73.5259, 45.49843], [-73.52344, 45.49698], [-73.52135, 45.49625], [-73.52006, 45.49613], [-73.51958, 45.49581], [-73.51868, 45.49455], [-73.51806, 45.49238], [-73.51763, 45.49167], [-73.51744, 45.49175], [-73.51756, 45.49226], [-73.51529, 45.49256], [-73.51489, 45.4925], [-73.51389, 45.49264], [-73.51394, 45.49307], [-73.51336, 45.4933], [-73.51304, 45.49324], [-73.51258, 45.49254], [-73.5136, 45.49481], [-73.51412, 45.49673], [-73.51452, 45.49726], [-73.51586, 45.49955], [-73.51686, 45.50215], [-73.51772, 45.5042], [-73.51794, 45.50451], [-73.51785, 45.50469], [-73.51771, 45.50468], [-73.51764, 45.50496], [-73.51737, 45.50655], [-73.51734, 45.50742], [-73.51747, 45.50784], [-73.51741, 45.50807], [-73.51747, 45.50841], [-73.5176, 45.50892], [-73.51774, 45.50907], [-73.5177, 45.50936], [-73.51795, 45.50968], [-73.51813, 45.51054], [-73.51788, 45.51231], [-73.51787, 45.51332], [-73.51837, 45.51488], [-73.51838, 45.51526], [-73.51884, 45.5162], [-73.51907, 45.51627], [-73.51924, 45.51658], [-73.51925, 45.51669], [-73.51902, 45.51676], [-73.52006, 45.51872], [-73.52013, 45.51983], [-73.5203, 45.52073], [-73.52025, 45.52084], [-73.52012, 45.52084], [-73.51895, 45.52065], [-73.50604, 45.51641], [-73.50418, 45.51582], [-73.50299, 45.51559], [-73.49584, 45.51331], [-73.49528, 45.51418], [-73.48605, 45.51123], [-73.48788, 45.50853], [-73.48473, 45.50752], [-73.48477, 45.50696], [-73.48463, 45.50607], [-73.47905, 45.50642], [-73.47904, 45.50633], [-73.47504, 45.5066], [-73.47421, 45.50673], [-73.47268, 45.50739], [-73.47194, 45.50786], [-73.47101, 45.50881], [-73.47089, 45.50878], [-73.46994, 45.51009], [-73.46944, 45.51028], [-73.46882, 45.51022], [-73.46807, 45.50991], [-73.46631, 45.50851], [-73.46491, 45.50786], [-73.46309, 45.50754], [-73.46173, 45.50759], [-73.46157, 45.50689], [-73.46167, 45.50682], [-73.46179, 45.50687], [-73.46174, 45.50696], [-73.46159, 45.50694], [-73.46126, 45.50533], [-73.45918, 45.5041], [-73.45877, 45.50345], [-73.45297, 45.50027], [-73.45247, 45.49989], [-73.44785, 45.49759], [-73.44722, 45.49712], [-73.4443, 45.49563], [-73.43686, 45.49152], [-73.43662, 45.49125], [-73.4365, 45.4908], [-73.43658, 45.48999], [-73.43676, 45.48972], [-73.43668, 45.48958], [-73.43642, 45.48964], [-73.43491, 45.49055], [-73.43471, 45.49058], [-73.43232, 45.48924], [-73.43207, 45.48954], [-73.43184, 45.48944], [-73.41828, 45.48204], [-73.41819, 45.48212], [-73.41749, 45.48192], [-73.41645, 45.48142], [-73.41574, 45.48122], [-73.41476, 45.48105], [-73.41376, 45.48121], [-73.41328, 45.48109], [-73.41273, 45.48078], [-73.41196, 45.48058], [-73.40967, 45.4802], [-73.40872, 45.48022], [-73.40835, 45.47995], [-73.40732, 45.4796], [-73.40651, 45.47975], [-73.40607, 45.47964], [-73.40556, 45.47905], [-73.40553, 45.47875], [-73.40545, 45.47872], [-73.4074, 45.47609], [-73.40281, 45.47356], [-73.40303, 45.47331], [-73.40017, 45.47173], [-73.39971, 45.47149], [-73.39933, 45.47159], [-73.39905, 45.47153], [-73.3845, 45.46356], [-73.38009, 45.46083], [-73.37929, 45.46044], [-73.37927, 45.46033], [-73.37771, 45.45957], [-73.37614, 45.45855], [-73.36491, 45.45186], [-73.36296, 45.45056], [-73.36049, 45.44918], [-73.35707, 45.44703], [-73.35466, 45.44595], [-73.34712, 45.44709], [-73.34632, 45.44704], [-73.3334, 45.44912], [-73.33074, 45.44947], [-73.33035, 45.44823], [-73.30812, 45.45173], [-73.30597, 45.45201], [-73.30452, 45.45202], [-73.30345, 45.45189], [-73.30173, 45.45144], [-73.29418, 45.44833], [-73.29094, 45.44889], [-73.2905, 45.44884], [-73.29039, 45.44893], [-73.29048, 45.44914], [-73.29017, 45.44913], [-73.28973, 45.4489], [-73.28907, 45.44873], [-73.28889, 45.44881], [-73.28783, 45.44851], [-73.28728, 45.44849], [-73.28669, 45.44828], [-73.28523, 45.44805], [-73.28434, 45.44801], [-73.28437, 45.44795], [-73.28411, 45.44788], [-73.28405, 45.44771], [-73.28415, 45.44723], [-73.2837, 45.44706], [-73.28263, 45.44704], [-73.2828, 45.44678], [-73.28273, 45.4466], [-73.28204, 45.44618], [-73.28019, 45.44595], [-73.27825, 45.44537], [-73.26074, 45.43984], [-73.25962, 45.43944], [-73.25847, 45.43889], [-73.25772, 45.43832], [-73.25572, 45.43646], [-73.25517, 45.43543], [-73.25402, 45.43406], [-73.25346, 45.4327], [-73.25278, 45.43171], [-73.25229, 45.42929], [-73.25184, 45.42787], [-73.2498, 45.4239], [-73.24886, 45.42149], [-73.24899, 45.41732], [-73.24937, 45.41381], [-73.24956, 45.41309], [-73.24991, 45.41265], [-73.25108, 45.41171], [-73.25284, 45.40909], [-73.25407, 45.40802], [-73.2549, 45.407], [-73.25498, 45.40686], [-73.25496, 45.40656], [-73.25595, 45.40538], [-73.25673, 45.40424], [-73.25703, 45.40405], [-73.25777, 45.40268], [-73.25852, 45.40174], [-73.25903, 45.40046], [-73.2591, 45.39974], [-73.25874, 45.39858], [-73.2589, 45.39746], [-73.25865, 45.39715], [-73.25777, 45.39659], [-73.25746, 45.39605], [-73.25708, 45.39468], [-73.25823, 45.3941], [-73.25931, 45.3933], [-73.25875, 45.39202], [-73.25894, 45.38836], [-73.25889, 45.38784], [-73.25844, 45.38703], [-73.25736, 45.38605], [-73.25715, 45.38555], [-73.25705, 45.38401], [-73.25727, 45.38255], [-73.25735, 45.38031], [-73.25753, 45.37959], [-73.25789, 45.37894], [-73.25792, 45.37854], [-73.25781, 45.37828], [-73.25748, 45.37803], [-73.25584, 45.37734], [-73.25566, 45.37691], [-73.25564, 45.37554], [-73.25571, 45.3752], [-73.25606, 45.3746], [-73.2576, 45.37286], [-73.25886, 45.37048], [-73.25966, 45.36946], [-73.26112, 45.36821], [-73.26492, 45.36573], [-73.26516, 45.3655], [-73.26543, 45.36501], [-73.26591, 45.36121], [-73.26605, 45.35677], [-73.26623, 45.35441], [-73.26608, 45.3537], [-73.26558, 45.35266], [-73.26518, 45.35207], [-73.26381, 45.3505], [-73.26338, 45.34964], [-73.26333, 45.34924], [-73.2637, 45.34878], [-73.26437, 45.34831], [-73.26542, 45.34829], [-73.26515, 45.34737], [-73.26514, 45.34666], [-73.26535, 45.34595], [-73.26619, 45.34428], [-73.26649, 45.34346], [-73.2667, 45.34147], [-73.26671, 45.34], [-73.26638, 45.3392], [-73.26545, 45.33762], [-73.26511, 45.33659], [-73.26501, 45.33581], [-73.26502, 45.33322], [-73.2638, 45.32906], [-73.26353, 45.32713], [-73.26318, 45.32258], [-73.26276, 45.32084], [-73.26207, 45.32023], [-73.26068, 45.31975], [-73.25534, 45.31877], [-73.25409, 45.31803], [-73.25389, 45.31779], [-73.25344, 45.31703], [-73.25302, 45.31598], [-73.25213, 45.31092], [-73.25164, 45.30972], [-73.25106, 45.3088], [-73.25087, 45.30817], [-73.25076, 45.30559], [-73.25213, 45.30563], [-73.25214, 45.30614], [-73.25077, 45.30616], [-73.24886, 45.30634], [-73.24316, 45.30625], [-73.24209, 45.30634], [-73.24099, 45.30658], [-73.24067, 45.30585], [-73.24342, 45.30518], [-73.24347, 45.30419], [-73.24355, 45.30419], [-73.24361, 45.30396], [-73.24385, 45.30214], [-73.24076, 45.30184], [-73.23863, 45.30181], [-73.23318, 45.30148], [-73.23031, 45.30127], [-73.22993, 45.30113], [-73.22611, 45.30101], [-73.22533, 45.30206], [-73.2232, 45.30352], [-73.22302, 45.30376], [-73.22293, 45.30407], [-73.22294, 45.30483], [-73.22276, 45.30531], [-73.22284, 45.31032], [-73.22302, 45.31156], [-73.22285, 45.31173], [-73.22257, 45.31176], [-73.22208, 45.31164], [-73.22185, 45.31124], [-73.22207, 45.3102], [-73.22201, 45.30222], [-73.22185, 45.30185], [-73.22184, 45.30107], [-73.22168, 45.30077], [-73.22145, 45.30065], [-73.07485, 45.29039], [-73.07473, 45.29045], [-73.07455, 45.29158], [-73.07437, 45.29208], [-73.07414, 45.29231], [-73.07305, 45.29297], [-73.0685, 45.28995], [-73.01512, 45.28614], [-73.01445, 45.28602], [-73.01428, 45.28551], [-73.01163, 45.2853], [-73.01149, 45.28536], [-73.0114, 45.2856], [-73.01129, 45.28562], [-72.99813, 45.28468], [-72.99607, 45.28479], [-72.99468, 45.28465], [-72.99441, 45.28475], [-72.98901, 45.28432], [-72.98894, 45.28272], [-72.98168, 45.28277], [-72.98156, 45.28307], [-72.98073, 45.28285], [-72.9797, 45.28238], [-72.97954, 45.28249], [-72.97803, 45.28467], [-72.9772, 45.28549], [-72.97707, 45.28543], [-72.97511, 45.28628], [-72.97468, 45.28599], [-72.97318, 45.28529], [-72.97188, 45.28498], [-72.96881, 45.28445], [-72.96787, 45.28451], [-72.96603, 45.28418], [-72.96358, 45.28303], [-72.96258, 45.28291], [-72.95918, 45.28294], [-72.95868, 45.28616], [-72.95787, 45.28713], [-72.95784, 45.28755], [-72.95798, 45.28798], [-72.94801, 45.29391], [-72.94514, 45.29545], [-72.91438, 45.31078], [-72.89987, 45.31789], [-72.86358, 45.33604], [-72.77813, 45.37842], [-72.77795, 45.37858], [-72.77785, 45.37913], [-72.77674, 45.37912], [-72.76551, 45.38473], [-72.76468, 45.38507], [-72.76147, 45.38587], [-72.74373, 45.38767], [-72.74227, 45.38797], [-72.74071, 45.38859], [-72.74033, 45.38864], [-72.74028, 45.38884], [-72.73848, 45.38988], [-72.73817, 45.38992], [-72.73427, 45.39226], [-72.72875, 45.39469], [-72.72675, 45.39533], [-72.72523, 45.39617], [-72.72425, 45.39654], [-72.72322, 45.39669], [-72.72101, 45.39653], [-72.71843, 45.39695], [-72.71662, 45.39707], [-72.71503, 45.39685], [-72.71437, 45.39651], [-72.70993, 45.39532], [-72.7087, 45.39516], [-72.70744, 45.3952], [-72.70619, 45.39537], [-72.70539, 45.39558], [-72.70486, 45.39603], [-72.69124, 45.40039], [-72.68848, 45.40086], [-72.68808, 45.40072], [-72.68643, 45.40079], [-72.68331, 45.40059], [-72.68093, 45.40014], [-72.6784, 45.39919], [-72.67696, 45.39818], [-72.67101, 45.39277], [-72.66999, 45.39156], [-72.6694, 45.39049], [-72.6691, 45.38953], [-72.66892, 45.38938], [-72.66909, 45.38916], [-72.669, 45.38901], [-72.66897, 45.38774], [-72.66952, 45.38488], [-72.66954, 45.38386], [-72.66532, 45.36146], [-72.66479, 45.35936], [-72.66411, 45.35809], [-72.6558, 45.34673], [-72.65477, 45.34542], [-72.65417, 45.34489], [-72.65346, 45.34442], [-72.65256, 45.344], [-72.6516, 45.3437], [-72.64404, 45.34249], [-72.64293, 45.34215], [-72.63621, 45.33878], [-72.63403, 45.33831], [-72.63162, 45.33803], [-72.63025, 45.33767], [-72.62909, 45.33718], [-72.62153, 45.33335], [-72.62031, 45.33281], [-72.61806, 45.33222], [-72.61319, 45.3315], [-72.61226, 45.33129], [-72.61065, 45.33064], [-72.60739, 45.32845], [-72.60658, 45.32801], [-72.59598, 45.32436], [-72.59467, 45.32398], [-72.59348, 45.32381], [-72.5913, 45.32389], [-72.58903, 45.32445], [-72.58527, 45.32629], [-72.58347, 45.32684], [-72.58152, 45.327], [-72.57469, 45.32678], [-72.5726, 45.32703], [-72.57122, 45.32736], [-72.56921, 45.32813], [-72.55636, 45.33491], [-72.55355, 45.3358], [-72.55083, 45.33616], [-72.53424, 45.33774], [-72.52942, 45.33798], [-72.52343, 45.33925], [-72.52255, 45.34271], [-72.52173, 45.34298], [-72.5216, 45.3439], [-72.52066, 45.34396], [-72.52086, 45.34443], [-72.52083, 45.34467], [-72.52095, 45.34493], [-72.52099, 45.34544], [-72.52133, 45.34619], [-72.52126, 45.34643], [-72.52028, 45.34794], [-72.51666, 45.34719], [-72.51671, 45.34701], [-72.5164, 45.34677], [-72.51491, 45.3446], [-72.51374, 45.34279], [-72.51384, 45.34113], [-72.51377, 45.33896], [-72.51453, 45.33907], [-72.51451, 45.33851], [-72.51483, 45.33839], [-72.51494, 45.33818], [-72.51429, 45.33785], [-72.51394, 45.33679], [-72.51352, 45.33638], [-72.51295, 45.33614], [-72.51177, 45.33603], [-72.51099, 45.33566], [-72.50902, 45.33425], [-72.50829, 45.33439], [-72.50792, 45.33403], [-72.50761, 45.33349], [-72.50747, 45.33295], [-72.50738, 45.32994], [-72.50723, 45.32893], [-72.50675, 45.32811], [-72.50428, 45.32558], [-72.50369, 45.32484], [-72.50328, 45.32384], [-72.50301, 45.32205], [-72.50294, 45.32201], [-72.50115, 45.32201], [-72.50055, 45.32174], [-72.50016, 45.32171], [-72.4999, 45.32175], [-72.49956, 45.32204], [-72.49924, 45.32209], [-72.49907, 45.32222], [-72.49741, 45.32238], [-72.49635, 45.3228], [-72.48419, 45.32393], [-72.48342, 45.32394], [-72.48286, 45.32378], [-72.48127, 45.32394], [-72.47972, 45.32078], [-72.47777, 45.32085], [-72.47577, 45.32077], [-72.47355, 45.32039], [-72.47124, 45.32035], [-72.46786, 45.32067], [-72.46612, 45.32059], [-72.46321, 45.32075], [-72.46122, 45.32066], [-72.4587, 45.32098], [-72.45241, 45.32118], [-72.43444, 45.32138], [-72.43211, 45.32153], [-72.43138, 45.32146], [-72.42943, 45.32094], [-72.42892, 45.3209], [-72.42787, 45.32125], [-72.42676, 45.32144], [-72.42331, 45.32138], [-72.41945, 45.32155], [-72.3851, 45.32148], [-72.34372, 45.32123], [-72.34314, 45.32128], [-72.33884, 45.32322], [-72.33814, 45.32329], [-72.33604, 45.32313], [-72.33518, 45.32338], [-72.33471, 45.32342], [-72.33111, 45.32292], [-72.32916, 45.32224], [-72.32784, 45.32167], [-72.32664, 45.32131], [-72.32474, 45.3212], [-72.32242, 45.32077], [-72.322, 45.32082], [-72.32087, 45.32123], [-72.32015, 45.32121], [-72.31648, 45.32081], [-72.31291, 45.32021], [-72.31199, 45.3197], [-72.31095, 45.31845], [-72.30905, 45.3169], [-72.30824, 45.31654], [-72.30687, 45.3163], [-72.30683, 45.31661], [-72.3042, 45.321], [-72.30372, 45.32279], [-72.30243, 45.32573], [-72.30084, 45.32901], [-72.29985, 45.33143], [-72.29872, 45.33324], [-72.29379, 45.34043], [-72.29286, 45.34127], [-72.28258, 45.3409], [-72.2824, 45.34101], [-72.28185, 45.34602], [-72.28168, 45.34634], [-72.28132, 45.34648], [-72.27696, 45.34642], [-72.27681, 45.34652], [-72.27664, 45.34714], [-72.27633, 45.34734], [-72.27595, 45.34816], [-72.27577, 45.3483], [-72.27508, 45.34834], [-72.27243, 45.3483], [-72.25616, 45.34755], [-72.25615, 45.34764], [-72.25587, 45.34764], [-72.25095, 45.34743], [-72.25067, 45.34755], [-72.25017, 45.34801], [-72.2494, 45.3484], [-72.24814, 45.34875], [-72.24788, 45.34904], [-72.24718, 45.34946], [-72.24647, 45.35034], [-72.24637, 45.35107], [-72.24581, 45.35143], [-72.24381, 45.35174], [-72.24345, 45.35171], [-72.24219, 45.35188], [-72.24049, 45.35224], [-72.23876, 45.35232], [-72.23728, 45.35197], [-72.23658, 45.35213], [-72.23513, 45.35175], [-72.23345, 45.35159], [-72.23314, 45.35142], [-72.23284, 45.35105], [-72.23185, 45.35099], [-72.2317, 45.35087], [-72.23166, 45.35056], [-72.23054, 45.35027], [-72.22976, 45.35041], [-72.22888, 45.35098], [-72.22765, 45.35032], [-72.2271, 45.35028], [-72.22567, 45.3498], [-72.22493, 45.34973], [-72.22018, 45.34671], [-72.21982, 45.34636], [-72.21931, 45.3453], [-72.21818, 45.34433], [-72.21773, 45.34325], [-72.21706, 45.34248], [-72.21616, 45.34088], [-72.21587, 45.3401], [-72.21562, 45.33997], [-72.21547, 45.33971], [-72.21487, 45.33924], [-72.21429, 45.33837], [-72.21391, 45.33858], [-72.2134, 45.33859], [-72.21274, 45.33847], [-72.21234, 45.3382], [-72.21176, 45.33851], [-72.21082, 45.3374], [-72.21052, 45.33714], [-72.21004, 45.33692], [-72.20582, 45.33614], [-72.20535, 45.33595], [-72.20435, 45.33493], [-72.2026, 45.33359], [-72.20229, 45.33292], [-72.2019, 45.33151], [-72.20155, 45.33117], [-72.20034, 45.33046], [-72.19843, 45.33], [-72.1966, 45.3293], [-72.19577, 45.32882], [-72.19563, 45.3286], [-72.19536, 45.32846], [-72.19223, 45.3254], [-72.1918, 45.32378], [-72.19149, 45.32333], [-72.19087, 45.32303], [-72.18921, 45.32276], [-72.18862, 45.32276], [-72.18855, 45.32272], [-72.1886, 45.32251], [-72.18435, 45.32218], [-72.18343, 45.32194], [-72.18297, 45.3215], [-72.18218, 45.32023], [-72.18031, 45.31634], [-72.1799, 45.3159], [-72.17901, 45.31531], [-72.17803, 45.31494], [-72.17703, 45.31477], [-72.1708, 45.31442], [-72.16817, 45.31399], [-72.16634, 45.31297], [-72.16488, 45.31292], [-72.16435, 45.31281], [-72.16362, 45.31231], [-72.16329, 45.31219], [-72.16324, 45.31148], [-72.16231, 45.31147], [-72.16201, 45.31114], [-72.16193, 45.30959], [-72.16314, 45.30894], [-72.1637, 45.30892], [-72.16397, 45.30927], [-72.166, 45.30917], [-72.16616, 45.30905], [-72.1662, 45.30877], [-72.16783, 45.30874], [-72.16874, 45.30812], [-72.17099, 45.30754], [-72.17109, 45.30757], [-72.17109, 45.30776], [-72.17073, 45.30848], [-72.17107, 45.30911], [-72.17169, 45.30927], [-72.17247, 45.30923], [-72.1737, 45.30934], [-72.17409, 45.30966], [-72.1745, 45.30976], [-72.17467, 45.31002], [-72.17506, 45.31024], [-72.17564, 45.3104], [-72.17601, 45.3115], [-72.1766, 45.31253], [-72.17806, 45.3127], [-72.17825, 45.31285], [-72.17857, 45.31349], [-72.18047, 45.31362], [-72.18052, 45.31432], [-72.18066, 45.31448], [-72.18045, 45.31455], [-72.18666, 45.31473], [-72.19116, 45.31463], [-72.19257, 45.31482], [-72.1938, 45.31486], [-72.19532, 45.31477], [-72.19669, 45.31493], [-72.19882, 45.31471], [-72.20026, 45.31446], [-72.20079, 45.31427], [-72.20089, 45.31435], [-72.20214, 45.31414], [-72.2024, 45.3138], [-72.2036, 45.3111], [-72.20433, 45.31036], [-72.20422, 45.31016], [-72.20456, 45.30946], [-72.20444, 45.30927], [-72.20449, 45.30889], [-72.20471, 45.30855], [-72.20491, 45.30768], [-72.20461, 45.30677], [-72.20451, 45.3068], [-72.20461, 45.30677], [-72.20428, 45.30629], [-72.20453, 45.30618], [-72.2045, 45.30574], [-72.20348, 45.30568], [-72.20355, 45.3051], [-72.20336, 45.30413], [-72.20309, 45.30394], [-72.20243, 45.30395], [-72.20215, 45.30361], [-72.20213, 45.30122], [-72.20232, 45.3008], [-72.20299, 45.30055], [-72.20335, 45.30008], [-72.20366, 45.29901], [-72.2042, 45.29793], [-72.20425, 45.29732], [-72.2054, 45.29583], [-72.20603, 45.29527], [-72.20619, 45.29443], [-72.20652, 45.29378], [-72.2033, 45.29299], [-72.20028, 45.29312], [-72.20028, 45.29338], [-72.19382, 45.2936], [-72.19262, 45.29349], [-72.1903, 45.29356], [-72.18753, 45.29383], [-72.18454, 45.29377], [-72.17853, 45.29392], [-72.17837, 45.29411], [-72.17803, 45.2941], [-72.17821, 45.293], [-72.1781, 45.29254], [-72.17842, 45.2893], [-72.17826, 45.28667], [-72.17837, 45.2857], [-72.17851, 45.28518], [-72.18124, 45.27976], [-72.18134, 45.27937], [-72.17635, 45.27707], [-72.17592, 45.27697], [-72.17318, 45.27582], [-72.17246, 45.27535], [-72.17254, 45.27521], [-72.17241, 45.27512], [-72.16547, 45.27205], [-72.16126, 45.27007], [-72.16068, 45.26957], [-72.16026, 45.26868], [-72.16029, 45.26817], [-72.15983, 45.26766], [-72.15946, 45.26694], [-72.15917, 45.26665], [-72.15878, 45.26652], [-72.15855, 45.26609], [-72.15788, 45.26575], [-72.15633, 45.26594], [-72.1557, 45.26589], [-72.15587, 45.26486], [-72.15603, 45.26445], [-72.15546, 45.2642], [-72.15275, 45.26216], [-72.15176, 45.26322], [-72.1508, 45.26363], [-72.14948, 45.26354], [-72.14879, 45.2633], [-72.1481, 45.26319], [-72.14773, 45.26324], [-72.14515, 45.26302], [-72.14402, 45.26248], [-72.14384, 45.26219], [-72.14282, 45.2614], [-72.14141, 45.26073], [-72.13952, 45.25887], [-72.13812, 45.25812], [-72.13645, 45.2578], [-72.1364, 45.25752], [-72.13652, 45.2573], [-72.13692, 45.25706], [-72.13682, 45.25678], [-72.13447, 45.25637], [-72.13201, 45.25615], [-72.13194, 45.26028], [-72.13379, 45.26041], [-72.13464, 45.26061], [-72.13429, 45.26175], [-72.13461, 45.26192], [-72.13521, 45.26204], [-72.13533, 45.26199], [-72.13528, 45.26238], [-72.13536, 45.2629], [-72.1355, 45.26296], [-72.13537, 45.26354], [-72.13509, 45.2637], [-72.13502, 45.26386], [-72.13502, 45.26418], [-72.13351, 45.26431], [-72.1331, 45.26443], [-72.13064, 45.26591], [-72.12889, 45.26654], [-72.12651, 45.26766], [-72.12412, 45.26858], [-72.12286, 45.2693], [-72.12221, 45.2698], [-72.12009, 45.27218], [-72.11892, 45.27325], [-72.11829, 45.27365], [-72.11739, 45.27399], [-72.11673, 45.2742], [-72.11536, 45.27433], [-72.11518, 45.27457], [-72.11392, 45.27496], [-72.11408, 45.27554], [-72.11391, 45.27563], [-72.11174, 45.27615], [-72.1037, 45.27856], [-72.09514, 45.28046], [-72.09513, 45.28567], [-72.09534, 45.29387], [-72.09527, 45.29446], [-72.08601, 45.29507], [-72.0857, 45.29517], [-72.07627, 45.29562], [-72.0762, 45.30077], [-72.07425, 45.30081], [-72.07445, 45.30119], [-72.07431, 45.30149], [-72.07435, 45.30166], [-72.07421, 45.30187], [-72.07424, 45.30219], [-72.07409, 45.30277], [-72.07432, 45.30352], [-72.07419, 45.30369], [-72.07431, 45.30436], [-72.07416, 45.30446], [-72.0742, 45.30458], [-72.07408, 45.30466], [-72.07409, 45.3048], [-72.07113, 45.30538], [-72.07062, 45.30807], [-72.07043, 45.31055], [-72.07018, 45.31233], [-72.07006, 45.31248], [-72.06989, 45.31331], [-72.06981, 45.31424], [-72.06918, 45.31775], [-72.06884, 45.31794], [-72.06658, 45.31777], [-72.06596, 45.31782], [-72.06425, 45.31895], [-72.06367, 45.31898], [-72.06354, 45.31916], [-72.06363, 45.32035], [-72.06351, 45.32136], [-72.0634, 45.32159], [-72.06115, 45.32148], [-72.06061, 45.32158], [-72.059, 45.32268], [-72.05876, 45.32336], [-72.05711, 45.32335], [-72.05699, 45.32346], [-72.05687, 45.32436], [-72.0565, 45.32468], [-72.05533, 45.32535], [-72.05269, 45.32655], [-72.05266, 45.32747], [-72.05334, 45.32817], [-72.05298, 45.32863], [-72.05303, 45.32879], [-72.0533, 45.32893], [-72.05445, 45.32895], [-72.05488, 45.32909], [-72.05386, 45.33012], [-72.05072, 45.33217], [-72.05005, 45.33279], [-72.0497, 45.33341], [-72.0493, 45.33459], [-72.04909, 45.33468], [-72.04913, 45.33492], [-72.04902, 45.33534], [-72.04799, 45.33829], [-72.04739, 45.33818], [-72.04666, 45.3386], [-72.04582, 45.33891], [-72.04669, 45.34], [-72.04651, 45.34034], [-72.04513, 45.34087], [-72.04455, 45.34096], [-72.04409, 45.34089], [-72.04367, 45.341], [-72.04336, 45.34084], [-72.04134, 45.34149], [-72.04067, 45.33984], [-72.04049, 45.33963], [-72.03718, 45.33798], [-72.03591, 45.33759], [-72.03401, 45.33725], [-72.02937, 45.33612], [-72.02877, 45.33606], [-72.02774, 45.33614], [-72.02308, 45.33714], [-72.01684, 45.34015], [-72.016, 45.34025], [-72.01438, 45.34024], [-72.01348, 45.34041], [-72.01174, 45.34129], [-72.01003, 45.34241], [-72.00919, 45.34264], [-72.00827, 45.34271], [-72.00742, 45.34262], [-72.00615, 45.3423], [-72.00391, 45.34148], [-72.00254, 45.34119], [-71.99861, 45.34121], [-71.99645, 45.34158], [-71.99608, 45.34187], [-71.99603, 45.34253], [-71.99579, 45.34328], [-71.99526, 45.3438], [-71.99514, 45.34405], [-71.99529, 45.34526], [-71.99492, 45.34638], [-71.99439, 45.34686], [-71.99177, 45.34857], [-71.98981, 45.34836], [-71.9886, 45.34805], [-71.98742, 45.3474], [-71.98471, 45.34549], [-71.98354, 45.34488], [-71.98104, 45.34384], [-71.9804, 45.34337], [-71.97982, 45.34257], [-71.9797, 45.34217], [-71.97955, 45.34075], [-71.96999, 45.3406], [-71.97139, 45.33971], [-71.9723, 45.33898], [-71.97717, 45.33461], [-71.99137, 45.33443], [-71.99149, 45.33396], [-71.99245, 45.33403], [-71.99253, 45.33393], [-71.99269, 45.33408], [-71.99323, 45.33414], [-71.9941, 45.33395], [-71.99403, 45.33322], [-71.99468, 45.33311], [-71.99481, 45.33298], [-71.99484, 45.33274], [-71.99504, 45.33264], [-71.99566, 45.3328], [-71.99617, 45.33321], [-71.99649, 45.33295], [-71.99631, 45.33263], [-71.99669, 45.332], [-71.99664, 45.33139], [-71.99627, 45.33074], [-71.99639, 45.33032], [-71.9958, 45.32997], [-71.99556, 45.32952], [-71.99556, 45.32891], [-71.99539, 45.32847], [-71.99572, 45.3281], [-71.99543, 45.32779], [-71.99509, 45.32717], [-71.99529, 45.32644], [-71.99577, 45.32593], [-71.99582, 45.32576], [-71.99561, 45.32528], [-71.99586, 45.32488], [-71.99605, 45.32431], [-71.99532, 45.32325], [-71.99502, 45.32264], [-71.99508, 45.32201], [-71.99535, 45.32177], [-71.99539, 45.32159], [-71.99515, 45.32054], [-71.99366, 45.31941], [-71.99071, 45.31746], [-71.99093, 45.31721], [-71.99126, 45.31703], [-71.99196, 45.3161], [-71.9924, 45.31576], [-71.99223, 45.31545], [-71.99169, 45.30989], [-71.99144, 45.30604], [-71.99161, 45.30406], [-71.99162, 45.30337], [-71.99151, 45.30273], [-71.99001, 45.29975], [-71.98883, 45.29518], [-71.98865, 45.29499], [-71.98632, 45.29382], [-71.9843, 45.29203], [-71.98608, 45.28915], [-71.98635, 45.28821], [-71.98646, 45.28707], [-71.9867, 45.28654], [-71.99127, 45.2819], [-71.99313, 45.27822], [-71.99318, 45.27785], [-71.99292, 45.27717], [-71.993, 45.27695], [-71.9933, 45.27664], [-71.99336, 45.27629], [-71.9955, 45.2756], [-71.99769, 45.27463], [-71.99783, 45.27443], [-71.99783, 45.27356], [-71.99614, 45.27352], [-71.98798, 45.27371], [-71.98619, 45.27487], [-71.98511, 45.27537], [-71.98144, 45.27574], [-71.98004, 45.276], [-71.97805, 45.27655], [-71.97498, 45.27694], [-71.97432, 45.27695], [-71.97362, 45.27647], [-71.97255, 45.27814], [-71.97338, 45.27899], [-71.97215, 45.27937], [-71.97048, 45.28016], [-71.96841, 45.28091], [-71.96761, 45.28132], [-71.96583, 45.28264], [-71.9652, 45.28342], [-71.96467, 45.28322], [-71.96395, 45.2831], [-71.96309, 45.28481], [-71.96259, 45.28531], [-71.96175, 45.28583], [-71.9555, 45.28782], [-71.95491, 45.28822], [-71.95399, 45.28954], [-71.95354, 45.28996], [-71.95224, 45.29058], [-71.95113, 45.29074], [-71.95018, 45.29072], [-71.94904, 45.29044], [-71.94772, 45.28994], [-71.94678, 45.28981], [-71.9456, 45.28985], [-71.94465, 45.2901], [-71.94389, 45.29048], [-71.93997, 45.29354], [-71.93752, 45.29482], [-71.93579, 45.29594], [-71.93446, 45.29647], [-71.93079, 45.29738], [-71.92395, 45.30078], [-71.92293, 45.30157], [-71.92213, 45.30254], [-71.92175, 45.30329], [-71.92132, 45.30488], [-71.92104, 45.30543], [-71.92041, 45.30603], [-71.91981, 45.30637], [-71.91829, 45.30679], [-71.91366, 45.30704], [-71.91301, 45.30711], [-71.91235, 45.30731], [-71.9115, 45.3078], [-71.91049, 45.30889], [-71.90955, 45.30953], [-71.89937, 45.31423], [-71.89832, 45.31512], [-71.89552, 45.31869], [-71.89483, 45.31904], [-71.89476, 45.31921], [-71.89487, 45.31948], [-71.89309, 45.32168], [-71.88812, 45.32525], [-71.88767, 45.32583], [-71.88422, 45.33204], [-71.88386, 45.33248], [-71.88151, 45.33383], [-71.88068, 45.33458], [-71.88037, 45.33522], [-71.88028, 45.33567], [-71.87992, 45.33901], [-71.87945, 45.34007], [-71.87901, 45.34066], [-71.87864, 45.34101], [-71.87742, 45.34183], [-71.87676, 45.34212], [-71.87447, 45.34281], [-71.87348, 45.34333], [-71.8725, 45.34415], [-71.87109, 45.34581], [-71.8692, 45.34739], [-71.86822, 45.34801], [-71.86418, 45.35018], [-71.85813, 45.35405], [-71.85768, 45.35462], [-71.85742, 45.35542], [-71.85744, 45.35598], [-71.85787, 45.35752], [-71.85786, 45.35823], [-71.85754, 45.35937], [-71.85718, 45.36015], [-71.8563, 45.36138], [-71.85616, 45.36142], [-71.85569, 45.35949], [-71.85572, 45.35884], [-71.85359, 45.35876], [-71.85213, 45.35921], [-71.85132, 45.35933], [-71.85127, 45.35944], [-71.85139, 45.35965], [-71.85111, 45.36006], [-71.85047, 45.36018], [-71.84969, 45.36091], [-71.84931, 45.3611], [-71.84922, 45.36137], [-71.84925, 45.3619], [-71.84895, 45.36311], [-71.84841, 45.36367], [-71.84854, 45.36394], [-71.84826, 45.36425], [-71.84829, 45.36447], [-71.84816, 45.36466], [-71.84744, 45.36543], [-71.84662, 45.36554], [-71.84666, 45.36581], [-71.84695, 45.36637], [-71.84717, 45.36642], [-71.84721, 45.36654], [-71.84723, 45.36693], [-71.84708, 45.36719], [-71.84698, 45.36853], [-71.84776, 45.36845], [-71.8499, 45.36896], [-71.85058, 45.36955], [-71.85134, 45.36979], [-71.85313, 45.37068], [-71.85424, 45.37139], [-71.85477, 45.37187], [-71.85529, 45.37282], [-71.85595, 45.37365], [-71.85636, 45.37486], [-71.85495, 45.3748], [-71.85447, 45.37509], [-71.85441, 45.37531], [-71.85457, 45.37607], [-71.85418, 45.37645], [-71.85431, 45.37712], [-71.85397, 45.37728], [-71.85387, 45.37757], [-71.85432, 45.37811], [-71.85512, 45.37952], [-71.85494, 45.38028], [-71.85497, 45.3805], [-71.85512, 45.38089], [-71.85641, 45.38292], [-71.8569, 45.38391], [-71.85747, 45.38606], [-71.86002, 45.38609], [-71.86052, 45.38583], [-71.86066, 45.38564], [-71.8613, 45.38561], [-71.8616, 45.38549], [-71.86265, 45.38412], [-71.86281, 45.38403], [-71.86407, 45.38375], [-71.8655, 45.38389], [-71.86589, 45.38385], [-71.86821, 45.38324], [-71.86854, 45.38324], [-71.87365, 45.38409], [-71.87668, 45.38555], [-71.87738, 45.38595], [-71.87799, 45.38644], [-71.87888, 45.38663], [-71.87961, 45.38831], [-71.87941, 45.38944], [-71.87858, 45.39009], [-71.87843, 45.3903], [-71.87841, 45.39054], [-71.87854, 45.39083], [-71.87944, 45.39147], [-71.87934, 45.39173], [-71.87939, 45.39263], [-71.87952, 45.39307], [-71.87941, 45.3935], [-71.87961, 45.394], [-71.88003, 45.39462], [-71.88037, 45.39548], [-71.88131, 45.39652], [-71.88233, 45.39788], [-71.88257, 45.39795], [-71.88311, 45.39864], [-71.8836, 45.40017], [-71.88433, 45.40126], [-71.88537, 45.4027], [-71.88635, 45.40336], [-71.88739, 45.40282], [-71.88692, 45.40232], [-71.88776, 45.40181], [-71.88742, 45.40131], [-71.88691, 45.40123], [-71.88625, 45.40137], [-71.88599, 45.40126], [-71.88541, 45.4001], [-71.88541, 45.39956], [-71.88565, 45.39803], [-71.8858, 45.39782], [-71.88609, 45.39762], [-71.88615, 45.39772], [-71.88769, 45.39733], [-71.88782, 45.3972], [-71.89158, 45.39612], [-71.89402, 45.39671], [-71.89524, 45.39683], [-71.89714, 45.39673], [-71.89742, 45.39711], [-71.8985, 45.39697], [-71.89952, 45.39636], [-71.90058, 45.39612], [-71.90284, 45.39576], [-71.90427, 45.39564], [-71.9056, 45.39536], [-71.90641, 45.39529], [-71.90761, 45.39498], [-71.90974, 45.39475], [-71.91153, 45.39434], [-71.91264, 45.3942], [-71.91312, 45.39405], [-71.91308, 45.39385], [-71.9125, 45.39394], [-71.91212, 45.39379], [-71.91208, 45.39369], [-71.91224, 45.39353], [-71.91265, 45.39349], [-71.9128, 45.39335], [-71.91284, 45.39302], [-71.91272, 45.39273], [-71.91297, 45.39236], [-71.91336, 45.39199], [-71.91504, 45.3918], [-71.91568, 45.39143], [-71.9161, 45.39139], [-71.91633, 45.39111], [-71.91631, 45.39043], [-71.91821, 45.39033], [-71.91822, 45.39077], [-71.91854, 45.39099], [-71.91998, 45.39121], [-71.92107, 45.39108], [-71.92124, 45.39126], [-71.92214, 45.3917], [-71.92305, 45.39203], [-71.92333, 45.39221], [-71.92353, 45.39258], [-71.92403, 45.39274], [-71.92425, 45.39312], [-71.92498, 45.39329], [-71.92529, 45.39371], [-71.92549, 45.39382], [-71.92649, 45.39405]]}}, {"type": "Feature", "properties": {"id": "nhrtc_ammonoosuc_rail_trail_0", "name": "Ammonoosuc Rail Trail (NH)", "q": "great", "t": "rail", "c": "yes"}, "geometry": {"type": "LineString", "coordinates": [[-72.033611, 44.147813], [-72.03297, 44.146959], [-72.032507, 44.146598], [-72.031409, 44.146048], [-72.030408, 44.145769], [-72.028706, 44.145606], [-72.025715, 44.145748], [-72.024034, 44.145647], [-72.018759, 44.144649]]}}, {"type": "Feature", "properties": {"id": "nhrtc_ammonoosuc_rail_trail_1", "name": "Ammonoosuc Rail Trail (NH)", "q": "great", "t": "rail", "c": "yes"}, "geometry": {"type": "LineString", "coordinates": [[-72.034341, 44.148998], [-72.033611, 44.147813]]}}, {"type": "Feature", "properties": {"id": "nhrtc_ammonoosuc_rail_trail_2", "name": "Ammonoosuc Rail Trail (NH)", "q": "great", "t": "rail", "c": "yes"}, "geometry": {"type": "LineString", "coordinates": [[-71.831096, 44.256602], [-71.829023, 44.257929], [-71.82697, 44.260072], [-71.825818, 44.260845], [-71.823746, 44.262004], [-71.822083, 44.263198], [-71.816033, 44.268375], [-71.815386, 44.269166], [-71.81519, 44.269593], [-71.815074, 44.270986], [-71.815109, 44.273357], [-71.814892, 44.274088], [-71.814113, 44.275196], [-71.812876, 44.276112], [-71.806944, 44.278886], [-71.805981, 44.279794], [-71.804679, 44.281922], [-71.804285, 44.282973], [-71.803103, 44.289074], [-71.802635, 44.290329], [-71.80124, 44.292848], [-71.800797, 44.293894], [-71.800109, 44.297488], [-71.799272, 44.301011], [-71.799003, 44.301764], [-71.79859, 44.302389], [-71.797657, 44.303154], [-71.796616, 44.303615], [-71.795812, 44.303824], [-71.794924, 44.303885], [-71.793117, 44.303728], [-71.792039, 44.303747], [-71.79094, 44.303985], [-71.789901, 44.304407]]}}, {"type": "Feature", "properties": {"id": "nhrtc_ammonoosuc_rail_trail_3", "name": "Ammonoosuc Rail Trail (NH)", "q": "great", "t": "rail", "c": "yes"}, "geometry": {"type": "LineString", "coordinates": [[-71.83153, 44.256324], [-71.831096, 44.256602]]}}, {"type": "Feature", "properties": {"id": "nhrtc_ammonoosuc_rail_trail_4", "name": "Ammonoosuc Rail Trail (NH)", "q": "great", "t": "rail", "c": "yes"}, "geometry": {"type": "LineString", "coordinates": [[-71.988022, 44.152746], [-71.987247, 44.153012]]}}, {"type": "Feature", "properties": {"id": "nhrtc_ammonoosuc_rail_trail_5", "name": "Ammonoosuc Rail Trail (NH)", "q": "great", "t": "rail", "c": "yes"}, "geometry": {"type": "LineString", "coordinates": [[-71.982813, 44.154446], [-71.981477, 44.155074]]}}, {"type": "Feature", "properties": {"id": "nhrtc_ammonoosuc_rail_trail_6", "name": "Ammonoosuc Rail Trail (NH)", "q": "great", "t": "rail", "c": "yes"}, "geometry": {"type": "LineString", "coordinates": [[-71.987247, 44.153012], [-71.982813, 44.154446]]}}, {"type": "Feature", "properties": {"id": "nhrtc_ammonoosuc_rail_trail_7", "name": "Ammonoosuc Rail Trail (NH)", "q": "great", "t": "rail", "c": "yes"}, "geometry": {"type": "LineString", "coordinates": [[-71.981477, 44.155074], [-71.979086, 44.156171], [-71.971025, 44.159528], [-71.970452, 44.159841], [-71.969537, 44.160624], [-71.968704, 44.161833], [-71.968452, 44.162559], [-71.968177, 44.1647], [-71.967684, 44.166103], [-71.967429, 44.171055], [-71.96699, 44.172071], [-71.96623, 44.172885], [-71.965058, 44.173651], [-71.964177, 44.174009], [-71.963309, 44.174315], [-71.961783, 44.174608], [-71.960678, 44.174615], [-71.955925, 44.174213], [-71.954557, 44.174404], [-71.953489, 44.174817], [-71.952336, 44.175744], [-71.95058, 44.178245], [-71.949679, 44.17927], [-71.948442, 44.180169], [-71.94663, 44.181064], [-71.945469, 44.1821], [-71.944994, 44.183095], [-71.945055, 44.18433]]}}, {"type": "Feature", "properties": {"id": "nhrtc_ammonoosuc_rail_trail_8", "name": "Ammonoosuc Rail Trail (NH)", "q": "great", "t": "rail", "c": "yes"}, "geometry": {"type": "LineString", "coordinates": [[-71.901291, 44.219695], [-71.886483, 44.235844], [-71.885511, 44.236738], [-71.884237, 44.237313], [-71.882969, 44.237527], [-71.881628, 44.23749], [-71.879737, 44.23696], [-71.878495, 44.236799], [-71.877357, 44.236891], [-71.875731, 44.237401]]}}, {"type": "Feature", "properties": {"id": "nhrtc_ammonoosuc_rail_trail_9", "name": "Ammonoosuc Rail Trail (NH)", "q": "great", "t": "rail", "c": "yes"}, "geometry": {"type": "LineString", "coordinates": [[-71.854977, 44.247088], [-71.852364, 44.248308], [-71.848603, 44.249026], [-71.842593, 44.2513], [-71.839842, 44.25218], [-71.83153, 44.256324]]}}, {"type": "Feature", "properties": {"id": "nhrtc_ammonoosuc_rail_trail_10", "name": "Ammonoosuc Rail Trail (NH)", "q": "great", "t": "rail", "c": "yes"}, "geometry": {"type": "LineString", "coordinates": [[-71.920937, 44.202485], [-71.918752, 44.204265], [-71.918395, 44.204699], [-71.917894, 44.205453], [-71.915546, 44.209843], [-71.915016, 44.210485], [-71.91446, 44.211004], [-71.91351, 44.211548], [-71.910923, 44.212574]]}}, {"type": "Feature", "properties": {"id": "nhrtc_ammonoosuc_rail_trail_11", "name": "Ammonoosuc Rail Trail (NH)", "q": "great", "t": "rail", "c": "yes"}, "geometry": {"type": "LineString", "coordinates": [[-71.923204, 44.20121], [-71.921998, 44.202004]]}}, {"type": "Feature", "properties": {"id": "nhrtc_ammonoosuc_rail_trail_12", "name": "Ammonoosuc Rail Trail (NH)", "q": "great", "t": "rail", "c": "yes"}, "geometry": {"type": "LineString", "coordinates": [[-71.921267, 44.202091], [-71.921145, 44.202111], [-71.920937, 44.202485]]}}, {"type": "Feature", "properties": {"id": "nhrtc_ammonoosuc_rail_trail_13", "name": "Ammonoosuc Rail Trail (NH)", "q": "great", "t": "rail", "c": "yes"}, "geometry": {"type": "LineString", "coordinates": [[-71.921684, 44.202129], [-71.921267, 44.202091]]}}, {"type": "Feature", "properties": {"id": "nhrtc_ammonoosuc_rail_trail_14", "name": "Ammonoosuc Rail Trail (NH)", "q": "great", "t": "rail", "c": "yes"}, "geometry": {"type": "LineString", "coordinates": [[-72.018196, 44.144541], [-72.016362, 44.144217], [-72.015489, 44.144181], [-72.013677, 44.144435], [-72.012779, 44.144716], [-72.003788, 44.14861], [-72.002316, 44.148978], [-71.999502, 44.149137], [-71.996803, 44.14869], [-71.995864, 44.14869], [-71.994566, 44.148956], [-71.99315, 44.149664], [-71.991672, 44.150968], [-71.9905, 44.151798], [-71.988022, 44.152746]]}}, {"type": "Feature", "properties": {"id": "nhrtc_ammonoosuc_rail_trail_15", "name": "Ammonoosuc Rail Trail (NH)", "q": "great", "t": "rail", "c": "yes"}, "geometry": {"type": "LineString", "coordinates": [[-72.018759, 44.144649], [-72.018196, 44.144541]]}}, {"type": "Feature", "properties": {"id": "nhrtc_ammonoosuc_rail_trail_16", "name": "Ammonoosuc Rail Trail (NH)", "q": "great", "t": "rail", "c": "yes"}, "geometry": {"type": "LineString", "coordinates": [[-71.873702, 44.239264], [-71.873374, 44.23986], [-71.872039, 44.241587], [-71.871212, 44.242336], [-71.870032, 44.243078], [-71.868664, 44.243617], [-71.867687, 44.243838], [-71.859378, 44.245123], [-71.857885, 44.24565], [-71.854977, 44.247088]]}}, {"type": "Feature", "properties": {"id": "nhrtc_ammonoosuc_rail_trail_17", "name": "Ammonoosuc Rail Trail (NH)", "q": "great", "t": "rail", "c": "yes"}, "geometry": {"type": "LineString", "coordinates": [[-71.875731, 44.237401], [-71.87559, 44.237459]]}}, {"type": "Feature", "properties": {"id": "nhrtc_ammonoosuc_rail_trail_18", "name": "Ammonoosuc Rail Trail (NH)", "q": "great", "t": "rail", "c": "yes"}, "geometry": {"type": "LineString", "coordinates": [[-71.87559, 44.237459], [-71.87437, 44.23825]]}}, {"type": "Feature", "properties": {"id": "nhrtc_ammonoosuc_rail_trail_19", "name": "Ammonoosuc Rail Trail (NH)", "q": "great", "t": "rail", "c": "yes"}, "geometry": {"type": "LineString", "coordinates": [[-71.874283, 44.238428], [-71.874038, 44.238654], [-71.873702, 44.239264]]}}, {"type": "Feature", "properties": {"id": "nhrtc_ammonoosuc_rail_trail_20", "name": "Ammonoosuc Rail Trail (NH)", "q": "great", "t": "rail", "c": "yes"}, "geometry": {"type": "LineString", "coordinates": [[-71.930823, 44.200145], [-71.929483, 44.200181], [-71.925026, 44.200884]]}}, {"type": "Feature", "properties": {"id": "nhrtc_ammonoosuc_rail_trail_21", "name": "Ammonoosuc Rail Trail (NH)", "q": "great", "t": "rail", "c": "yes"}, "geometry": {"type": "LineString", "coordinates": [[-71.931015, 44.200153], [-71.930823, 44.200145]]}}, {"type": "Feature", "properties": {"id": "nhrtc_ammonoosuc_rail_trail_22", "name": "Ammonoosuc Rail Trail (NH)", "q": "great", "t": "rail", "c": "yes"}, "geometry": {"type": "LineString", "coordinates": [[-71.945284, 44.185089], [-71.945812, 44.18621], [-71.946415, 44.186759], [-71.947345, 44.187254], [-71.948862, 44.187774], [-71.950191, 44.188632], [-71.951351, 44.189843], [-71.951663, 44.190368], [-71.951903, 44.191173], [-71.952248, 44.193315], [-71.951924, 44.194446], [-71.950782, 44.196825], [-71.948433, 44.199482], [-71.947284, 44.200302], [-71.946445, 44.200654], [-71.944949, 44.201027], [-71.943646, 44.201126], [-71.940451, 44.200921], [-71.93788, 44.200141], [-71.936214, 44.199919], [-71.932382, 44.200194], [-71.931015, 44.200153]]}}, {"type": "Feature", "properties": {"id": "nhrtc_ammonoosuc_rail_trail_23", "name": "Ammonoosuc Rail Trail (NH)", "q": "great", "t": "rail", "c": "yes"}, "geometry": {"type": "LineString", "coordinates": [[-71.945055, 44.18433], [-71.945284, 44.185089]]}}, {"type": "Feature", "properties": {"id": "nhrtc_ammonoosuc_rail_trail_24", "name": "Ammonoosuc Rail Trail (NH)", "q": "great", "t": "rail", "c": "yes"}, "geometry": {"type": "LineString", "coordinates": [[-71.789901, 44.304407], [-71.789366, 44.304581]]}}, {"type": "Feature", "properties": {"id": "nhrtc_ammonoosuc_rail_trail_25", "name": "Ammonoosuc Rail Trail (NH)", "q": "great", "t": "rail", "c": "yes"}, "geometry": {"type": "LineString", "coordinates": [[-71.925026, 44.200884], [-71.923204, 44.20121]]}}, {"type": "Feature", "properties": {"id": "nhrtc_ammonoosuc_rail_trail_26", "name": "Ammonoosuc Rail Trail (NH)", "q": "great", "t": "rail", "c": "yes"}, "geometry": {"type": "LineString", "coordinates": [[-71.908881, 44.213411], [-71.908882, 44.213845]]}}, {"type": "Feature", "properties": {"id": "nhrtc_ammonoosuc_rail_trail_27", "name": "Ammonoosuc Rail Trail (NH)", "q": "great", "t": "rail", "c": "yes"}, "geometry": {"type": "LineString", "coordinates": [[-71.910923, 44.212574], [-71.907067, 44.214162], [-71.906283, 44.214628], [-71.905064, 44.215764], [-71.901341, 44.219644]]}}, {"type": "Feature", "properties": {"id": "nhrtc_ammonoosuc_rail_trail_28", "name": "Ammonoosuc Rail Trail (NH)", "q": "great", "t": "rail", "c": "yes"}, "geometry": {"type": "LineString", "coordinates": [[-71.901341, 44.219644], [-71.901291, 44.219695]]}}, {"type": "Feature", "properties": {"id": "nhrtc_ammonoosuc_rail_trail_29", "name": "Ammonoosuc Rail Trail (NH)", "q": "great", "t": "rail", "c": "yes"}, "geometry": {"type": "LineString", "coordinates": [[-71.921998, 44.202004], [-71.921684, 44.202129]]}}, {"type": "Feature", "properties": {"id": "nhrtc_warren_recreational_rail_trail_0", "name": "Warren Recreational Rail Trail (NH)", "q": "great", "t": "rail", "c": "yes"}, "geometry": {"type": "LineString", "coordinates": [[-71.889944, 43.920732], [-71.890393, 43.922651], [-71.890791, 43.9238], [-71.891551, 43.924987], [-71.892472, 43.925977], [-71.893864, 43.927096], [-71.901715, 43.931771], [-71.902728, 43.932588], [-71.903412, 43.933345], [-71.90416, 43.934446], [-71.904744, 43.935708], [-71.905646, 43.939887], [-71.905988, 43.940964], [-71.906716, 43.942325], [-71.908062, 43.944254], [-71.908513, 43.945719], [-71.908553, 43.946579], [-71.907972, 43.957119], [-71.90507, 43.971404], [-71.904598, 43.972692], [-71.904111, 43.973629], [-71.898124, 43.983286]]}}, {"type": "Feature", "properties": {"id": "nhrtc_warren_recreational_rail_trail_1", "name": "Warren Recreational Rail Trail (NH)", "q": "great", "t": "rail", "c": "yes"}, "geometry": {"type": "LineString", "coordinates": [[-71.897724, 43.984992], [-71.897778, 43.986076], [-71.89807, 43.987285], [-71.898615, 43.988437], [-71.899337, 43.989466], [-71.899869, 43.990064], [-71.901161, 43.991142], [-71.903143, 43.992382], [-71.904501, 43.992995], [-71.906081, 43.9934], [-71.907243, 43.993533], [-71.909172, 43.993546], [-71.911125, 43.993774], [-71.912675, 43.994279], [-71.91489, 43.995243], [-71.918793, 43.996108], [-71.921676, 43.997256]]}}, {"type": "Feature", "properties": {"id": "nhrtc_warren_recreational_rail_trail_2", "name": "Warren Recreational Rail Trail (NH)", "q": "great", "t": "rail", "c": "yes"}, "geometry": {"type": "LineString", "coordinates": [[-71.898124, 43.983286], [-71.897724, 43.984992]]}}, {"type": "Feature", "properties": {"id": "nhrtc_warren_recreational_rail_trail_3", "name": "Warren Recreational Rail Trail (NH)", "q": "great", "t": "rail", "c": "yes"}, "geometry": {"type": "LineString", "coordinates": [[-71.931193, 44.002607], [-71.929763, 44.00162], [-71.921676, 43.997256]]}}, {"type": "Feature", "properties": {"id": "nhrtc_warren_recreational_rail_trail_4", "name": "Warren Recreational Rail Trail (NH)", "q": "great", "t": "rail", "c": "yes"}, "geometry": {"type": "LineString", "coordinates": [[-71.903075, 43.88024], [-71.897681, 43.89674]]}}, {"type": "Feature", "properties": {"id": "nhrtc_warren_recreational_rail_trail_5", "name": "Warren Recreational Rail Trail (NH)", "q": "great", "t": "rail", "c": "yes"}, "geometry": {"type": "LineString", "coordinates": [[-71.897681, 43.89674], [-71.897362, 43.89747], [-71.896651, 43.898556], [-71.895471, 43.899893]]}}, {"type": "Feature", "properties": {"id": "nhrtc_warren_recreational_rail_trail_6", "name": "Warren Recreational Rail Trail (NH)", "q": "great", "t": "rail", "c": "yes"}, "geometry": {"type": "LineString", "coordinates": [[-71.931193, 44.002607], [-71.934416, 44.004374], [-71.943801, 44.008401], [-71.945081, 44.009041], [-71.946807, 44.010132], [-71.94843, 44.011324], [-71.949935, 44.012204], [-71.963935, 44.01947], [-71.965517, 44.02063], [-71.969668, 44.02458], [-71.971166, 44.025529]]}}, {"type": "Feature", "properties": {"id": "nhrtc_warren_recreational_rail_trail_7", "name": "Warren Recreational Rail Trail (NH)", "q": "great", "t": "rail", "c": "yes"}, "geometry": {"type": "LineString", "coordinates": [[-71.971315, 44.025615], [-71.972347, 44.026178]]}}, {"type": "Feature", "properties": {"id": "nhrtc_warren_recreational_rail_trail_8", "name": "Warren Recreational Rail Trail (NH)", "q": "great", "t": "rail", "c": "yes"}, "geometry": {"type": "LineString", "coordinates": [[-71.972609, 44.026325], [-71.974292, 44.027195]]}}, {"type": "Feature", "properties": {"id": "nhrtc_warren_recreational_rail_trail_9", "name": "Warren Recreational Rail Trail (NH)", "q": "great", "t": "rail", "c": "yes"}, "geometry": {"type": "LineString", "coordinates": [[-71.972347, 44.026178], [-71.972609, 44.026325]]}}, {"type": "Feature", "properties": {"id": "nhrtc_warren_recreational_rail_trail_10", "name": "Warren Recreational Rail Trail (NH)", "q": "great", "t": "rail", "c": "yes"}, "geometry": {"type": "LineString", "coordinates": [[-71.971166, 44.025529], [-71.971315, 44.025615]]}}, {"type": "Feature", "properties": {"id": "nhrtc_warren_recreational_rail_trail_11", "name": "Warren Recreational Rail Trail (NH)", "q": "great", "t": "rail", "c": "yes"}, "geometry": {"type": "LineString", "coordinates": [[-72.022138, 44.0919], [-72.020186, 44.087521], [-72.018725, 44.083869], [-72.018655, 44.079209], [-72.018849, 44.078222], [-72.019473, 44.076814], [-72.020121, 44.075992], [-72.021309, 44.075134], [-72.02594, 44.072998], [-72.029169, 44.070751], [-72.03068, 44.070103], [-72.032571, 44.069647], [-72.033315, 44.069348], [-72.036181, 44.067341], [-72.037274, 44.066317], [-72.038637, 44.064357], [-72.042096, 44.057334], [-72.043115, 44.05581], [-72.044399, 44.054725], [-72.048744, 44.051928], [-72.049506, 44.051315], [-72.050047, 44.050679], [-72.050931, 44.049161], [-72.051405, 44.047847], [-72.051397, 44.046532], [-72.050872, 44.044894]]}}, {"type": "Feature", "properties": {"id": "nhrtc_warren_recreational_rail_trail_12", "name": "Warren Recreational Rail Trail (NH)", "q": "great", "t": "rail", "c": "yes"}, "geometry": {"type": "LineString", "coordinates": [[-72.048424, 44.042551], [-72.046335, 44.041432], [-72.036054, 44.037236], [-72.034357, 44.036397], [-72.032967, 44.035324], [-72.031025, 44.032728], [-72.029852, 44.031733], [-72.023833, 44.02953], [-72.022599, 44.029199], [-72.021116, 44.029078], [-72.01715, 44.029142], [-72.013139, 44.028611], [-72.01127, 44.028699], [-72.009572, 44.029372], [-72.007503, 44.030849], [-72.003399, 44.032651]]}}, {"type": "Feature", "properties": {"id": "nhrtc_warren_recreational_rail_trail_13", "name": "Warren Recreational Rail Trail (NH)", "q": "great", "t": "rail", "c": "yes"}, "geometry": {"type": "LineString", "coordinates": [[-72.003256, 44.032706], [-72.00181, 44.03321], [-72.000793, 44.033439], [-71.998935, 44.033591], [-71.9979, 44.033522], [-71.980782, 44.030174]]}}, {"type": "Feature", "properties": {"id": "nhrtc_warren_recreational_rail_trail_14", "name": "Warren Recreational Rail Trail (NH)", "q": "great", "t": "rail", "c": "yes"}, "geometry": {"type": "LineString", "coordinates": [[-71.976221, 44.028168], [-71.974908, 44.027482]]}}, {"type": "Feature", "properties": {"id": "nhrtc_warren_recreational_rail_trail_15", "name": "Warren Recreational Rail Trail (NH)", "q": "great", "t": "rail", "c": "yes"}, "geometry": {"type": "LineString", "coordinates": [[-71.974292, 44.027195], [-71.97431, 44.027308]]}}, {"type": "Feature", "properties": {"id": "nhrtc_warren_recreational_rail_trail_16", "name": "Warren Recreational Rail Trail (NH)", "q": "great", "t": "rail", "c": "yes"}, "geometry": {"type": "LineString", "coordinates": [[-71.974908, 44.027482], [-71.97431, 44.027308]]}}, {"type": "Feature", "properties": {"id": "nhrtc_warren_recreational_rail_trail_17", "name": "Warren Recreational Rail Trail (NH)", "q": "great", "t": "rail", "c": "yes"}, "geometry": {"type": "LineString", "coordinates": [[-72.024499, 44.097218], [-72.022173, 44.091978]]}}, {"type": "Feature", "properties": {"id": "nhrtc_warren_recreational_rail_trail_18", "name": "Warren Recreational Rail Trail (NH)", "q": "great", "t": "rail", "c": "yes"}, "geometry": {"type": "LineString", "coordinates": [[-72.022173, 44.091978], [-72.022138, 44.0919]]}}, {"type": "Feature", "properties": {"id": "nhrtc_warren_recreational_rail_trail_19", "name": "Warren Recreational Rail Trail (NH)", "q": "great", "t": "rail", "c": "yes"}, "geometry": {"type": "LineString", "coordinates": [[-72.003399, 44.032651], [-72.003256, 44.032706]]}}, {"type": "Feature", "properties": {"id": "nhrtc_upper_coos_recreational_rail_trail_0", "name": "Upper Coos Recreational Rail Trail (NH)", "q": "great", "t": "rail", "c": "yes"}, "geometry": {"type": "LineString", "coordinates": [[-71.492541, 44.911737], [-71.492887, 44.912449], [-71.493743, 44.913178], [-71.49961, 44.916282], [-71.501081, 44.917184], [-71.50676, 44.921841], [-71.511869, 44.927827], [-71.514326, 44.93188], [-71.514643, 44.932628], [-71.515061, 44.9348], [-71.515691, 44.936963], [-71.51548, 44.938269], [-71.51489, 44.940507], [-71.514842, 44.941996], [-71.514417, 44.943991], [-71.51451, 44.944715], [-71.515285, 44.946382], [-71.515387, 44.946837], [-71.515859, 44.950859], [-71.515805, 44.951508], [-71.51495, 44.954974], [-71.514225, 44.95688], [-71.514184, 44.958115], [-71.51469, 44.960152], [-71.515641, 44.963007], [-71.515784, 44.965219], [-71.515354, 44.966992], [-71.515552, 44.96814], [-71.515914, 44.968775], [-71.517268, 44.970517], [-71.518682, 44.971899]]}}, {"type": "Feature", "properties": {"id": "nhrtc_upper_coos_recreational_rail_trail_1", "name": "Upper Coos Recreational Rail Trail (NH)", "q": "great", "t": "rail", "c": "yes"}, "geometry": {"type": "LineString", "coordinates": [[-71.518717, 44.971928], [-71.519644, 44.972662], [-71.520879, 44.973223], [-71.526021, 44.974132], [-71.528273, 44.974907], [-71.529696, 44.975573], [-71.530777, 44.976492], [-71.531345, 44.977169], [-71.531995, 44.979539], [-71.531888, 44.98096], [-71.531991, 44.981657], [-71.533372, 44.984319], [-71.533554, 44.984851], [-71.533847, 44.988363], [-71.533763, 44.98895], [-71.533544, 44.98946], [-71.531811, 44.991431], [-71.531076, 44.99296]]}}, {"type": "Feature", "properties": {"id": "nhrtc_upper_coos_recreational_rail_trail_2", "name": "Upper Coos Recreational Rail Trail (NH)", "q": "great", "t": "rail", "c": "yes"}, "geometry": {"type": "LineString", "coordinates": [[-71.518682, 44.971899], [-71.518717, 44.971928]]}}, {"type": "Feature", "properties": {"id": "nhrtc_upper_coos_recreational_rail_trail_3", "name": "Upper Coos Recreational Rail Trail (NH)", "q": "great", "t": "rail", "c": "yes"}, "geometry": {"type": "LineString", "coordinates": [[-71.529492, 44.999351], [-71.529076, 45.000198]]}}, {"type": "Feature", "properties": {"id": "nhrtc_upper_coos_recreational_rail_trail_4", "name": "Upper Coos Recreational Rail Trail (NH)", "q": "great", "t": "rail", "c": "yes"}, "geometry": {"type": "LineString", "coordinates": [[-71.501977, 44.897059], [-71.501625, 44.898012], [-71.501096, 44.898797]]}}, {"type": "Feature", "properties": {"id": "nhrtc_upper_coos_recreational_rail_trail_5", "name": "Upper Coos Recreational Rail Trail (NH)", "q": "great", "t": "rail", "c": "yes"}, "geometry": {"type": "LineString", "coordinates": [[-71.500842, 44.899115], [-71.500955, 44.898978]]}}, {"type": "Feature", "properties": {"id": "nhrtc_upper_coos_recreational_rail_trail_6", "name": "Upper Coos Recreational Rail Trail (NH)", "q": "great", "t": "rail", "c": "yes"}, "geometry": {"type": "LineString", "coordinates": [[-71.500955, 44.898978], [-71.501096, 44.898797]]}}, {"type": "Feature", "properties": {"id": "nhrtc_upper_coos_recreational_rail_trail_7", "name": "Upper Coos Recreational Rail Trail (NH)", "q": "great", "t": "rail", "c": "yes"}, "geometry": {"type": "LineString", "coordinates": [[-71.531076, 44.99296], [-71.530703, 44.994273], [-71.530197, 44.997297]]}}, {"type": "Feature", "properties": {"id": "nhrtc_upper_coos_recreational_rail_trail_8", "name": "Upper Coos Recreational Rail Trail (NH)", "q": "great", "t": "rail", "c": "yes"}, "geometry": {"type": "LineString", "coordinates": [[-71.496275, 44.902728], [-71.494967, 44.903754], [-71.494228, 44.904805], [-71.494103, 44.905658], [-71.494272, 44.906854], [-71.494209, 44.907345], [-71.493816, 44.908252], [-71.493309, 44.908985]]}}, {"type": "Feature", "properties": {"id": "nhrtc_upper_coos_recreational_rail_trail_9", "name": "Upper Coos Recreational Rail Trail (NH)", "q": "great", "t": "rail", "c": "yes"}, "geometry": {"type": "LineString", "coordinates": [[-71.530197, 44.997297], [-71.530032, 44.998133], [-71.529492, 44.999351]]}}, {"type": "Feature", "properties": {"id": "nhrtc_upper_coos_recreational_rail_trail_10", "name": "Upper Coos Recreational Rail Trail (NH)", "q": "great", "t": "rail", "c": "yes"}, "geometry": {"type": "LineString", "coordinates": [[-71.500842, 44.899115], [-71.496275, 44.902728]]}}, {"type": "Feature", "properties": {"id": "nhrtc_upper_coos_recreational_rail_trail_11", "name": "Upper Coos Recreational Rail Trail (NH)", "q": "great", "t": "rail", "c": "yes"}, "geometry": {"type": "LineString", "coordinates": [[-71.493309, 44.908985], [-71.492515, 44.910752], [-71.492541, 44.911737]]}}, {"type": "Feature", "properties": {"id": "nhrtc_blackmount_rail_trail_0", "name": "Blackmount Rail Trail (NH)", "q": "great", "t": "rail", "c": "yes"}, "geometry": {"type": "LineString", "coordinates": [[-72.032564, 44.144804], [-72.032226, 44.145082], [-72.032538, 44.145555]]}}, {"type": "Feature", "properties": {"id": "nhrtc_blackmount_rail_trail_1", "name": "Blackmount Rail Trail (NH)", "q": "great", "t": "rail", "c": "yes"}, "geometry": {"type": "LineString", "coordinates": [[-72.031382, 44.133367], [-72.032002, 44.130042], [-72.03315, 44.127991], [-72.03328, 44.127518], [-72.03337, 44.125656], [-72.033778, 44.12456], [-72.034676, 44.123416], [-72.038027, 44.120692], [-72.038874, 44.119163], [-72.039447, 44.117382]]}}, {"type": "Feature", "properties": {"id": "nhrtc_blackmount_rail_trail_2", "name": "Blackmount Rail Trail (NH)", "q": "great", "t": "rail", "c": "yes"}, "geometry": {"type": "LineString", "coordinates": [[-72.039356, 44.110827], [-72.03812, 44.108573], [-72.037416, 44.107715], [-72.036796, 44.107209], [-72.03498, 44.106096], [-72.029021, 44.103193], [-72.027203, 44.101844], [-72.025819, 44.100164], [-72.024764, 44.097816]]}}, {"type": "Feature", "properties": {"id": "nhrtc_blackmount_rail_trail_3", "name": "Blackmount Rail Trail (NH)", "q": "great", "t": "rail", "c": "yes"}, "geometry": {"type": "LineString", "coordinates": [[-72.040091, 44.114306], [-72.040127, 44.113563], [-72.039951, 44.112446]]}}, {"type": "Feature", "properties": {"id": "nhrtc_blackmount_rail_trail_4", "name": "Blackmount Rail Trail (NH)", "q": "great", "t": "rail", "c": "yes"}, "geometry": {"type": "LineString", "coordinates": [[-72.032145, 44.143691], [-72.030867, 44.139365], [-72.030678, 44.13812], [-72.030749, 44.137038], [-72.031264, 44.133889]]}}, {"type": "Feature", "properties": {"id": "nhrtc_blackmount_rail_trail_5", "name": "Blackmount Rail Trail (NH)", "q": "great", "t": "rail", "c": "yes"}, "geometry": {"type": "LineString", "coordinates": [[-72.032386, 44.143842], [-72.032145, 44.143691]]}}, {"type": "Feature", "properties": {"id": "nhrtc_blackmount_rail_trail_6", "name": "Blackmount Rail Trail (NH)", "q": "great", "t": "rail", "c": "yes"}, "geometry": {"type": "LineString", "coordinates": [[-72.039876, 44.114982], [-72.039778, 44.114443]]}}, {"type": "Feature", "properties": {"id": "nhrtc_blackmount_rail_trail_7", "name": "Blackmount Rail Trail (NH)", "q": "great", "t": "rail", "c": "yes"}, "geometry": {"type": "LineString", "coordinates": [[-72.032581, 44.145692], [-72.032004, 44.14596], [-72.031825, 44.146224]]}}, {"type": "Feature", "properties": {"id": "nhrtc_blackmount_rail_trail_8", "name": "Blackmount Rail Trail (NH)", "q": "great", "t": "rail", "c": "yes"}, "geometry": {"type": "LineString", "coordinates": [[-72.032538, 44.145555], [-72.032581, 44.145692]]}}, {"type": "Feature", "properties": {"id": "nhrtc_blackmount_rail_trail_9", "name": "Blackmount Rail Trail (NH)", "q": "great", "t": "rail", "c": "yes"}, "geometry": {"type": "LineString", "coordinates": [[-72.039527, 44.116274], [-72.039876, 44.114982]]}}, {"type": "Feature", "properties": {"id": "nhrtc_blackmount_rail_trail_10", "name": "Blackmount Rail Trail (NH)", "q": "great", "t": "rail", "c": "yes"}, "geometry": {"type": "LineString", "coordinates": [[-72.039447, 44.117382], [-72.03956, 44.116904], [-72.039527, 44.116274]]}}, {"type": "Feature", "properties": {"id": "nhrtc_mascoma_river_greenway_0", "name": "Mascoma River Greenway (NH)", "q": "great", "t": "rail", "c": "yes"}, "geometry": {"type": "LineString", "coordinates": [[-72.295146, 43.635809], [-72.288728, 43.638767], [-72.287142, 43.6394], [-72.28155, 43.640566]]}}, {"type": "Feature", "properties": {"id": "nhrtc_mascoma_river_greenway_1", "name": "Mascoma River Greenway (NH)", "q": "great", "t": "rail", "c": "yes"}, "geometry": {"type": "LineString", "coordinates": [[-72.28155, 43.640566], [-72.281097, 43.64065]]}}, {"type": "Feature", "properties": {"id": "nhrtc_mascoma_river_greenway_2", "name": "Mascoma River Greenway (NH)", "q": "great", "t": "rail", "c": "yes"}, "geometry": {"type": "LineString", "coordinates": [[-72.281097, 43.64065], [-72.279556, 43.640967], [-72.278593, 43.641032], [-72.276051, 43.640865]]}}, {"type": "Feature", "properties": {"id": "nhrtc_mascoma_river_greenway_3", "name": "Mascoma River Greenway (NH)", "q": "great", "t": "rail", "c": "yes"}, "geometry": {"type": "LineString", "coordinates": [[-72.276051, 43.640865], [-72.275338, 43.640754]]}}, {"type": "Feature", "properties": {"id": "nhrtc_mascoma_river_greenway_4", "name": "Mascoma River Greenway (NH)", "q": "great", "t": "rail", "c": "yes"}, "geometry": {"type": "LineString", "coordinates": [[-72.275338, 43.640754], [-72.273109, 43.640433], [-72.266518, 43.639077]]}}, {"type": "Feature", "properties": {"id": "nhrtc_mascoma_river_greenway_5", "name": "Mascoma River Greenway (NH)", "q": "great", "t": "rail", "c": "yes"}, "geometry": {"type": "LineString", "coordinates": [[-72.266518, 43.639077], [-72.266354, 43.639048]]}}, {"type": "Feature", "properties": {"id": "nhrtc_mascoma_river_greenway_6", "name": "Mascoma River Greenway (NH)", "q": "great", "t": "rail", "c": "yes"}, "geometry": {"type": "LineString", "coordinates": [[-72.254928, 43.642042], [-72.254514, 43.642356]]}}, {"type": "Feature", "properties": {"id": "nhrtc_mascoma_river_greenway_7", "name": "Mascoma River Greenway (NH)", "q": "great", "t": "rail", "c": "yes"}, "geometry": {"type": "LineString", "coordinates": [[-72.254514, 43.642356], [-72.254341, 43.642476]]}}, {"type": "Feature", "properties": {"id": "nhrtc_mascoma_river_greenway_8", "name": "Mascoma River Greenway (NH)", "q": "great", "t": "rail", "c": "yes"}, "geometry": {"type": "LineString", "coordinates": [[-72.295585, 43.63562], [-72.295146, 43.635809]]}}, {"type": "Feature", "properties": {"id": "nhrtc_mascoma_river_greenway_9", "name": "Mascoma River Greenway (NH)", "q": "great", "t": "rail", "c": "yes"}, "geometry": {"type": "LineString", "coordinates": [[-72.254341, 43.642476], [-72.253387, 43.643181]]}}, {"type": "Feature", "properties": {"id": "nhrtc_mascoma_river_greenway_10", "name": "Mascoma River Greenway (NH)", "q": "great", "t": "rail", "c": "yes"}, "geometry": {"type": "LineString", "coordinates": [[-72.255449, 43.64168], [-72.254928, 43.642042]]}}, {"type": "Feature", "properties": {"id": "nhrtc_mascoma_river_greenway_11", "name": "Mascoma River Greenway (NH)", "q": "great", "t": "rail", "c": "yes"}, "geometry": {"type": "LineString", "coordinates": [[-72.266354, 43.639048], [-72.264807, 43.63872], [-72.263503, 43.638615], [-72.261485, 43.638638], [-72.260218, 43.638811], [-72.259011, 43.639181], [-72.258122, 43.639595], [-72.255612, 43.64146]]}}, {"type": "Feature", "properties": {"id": "nhrtc_mascoma_river_greenway_12", "name": "Mascoma River Greenway (NH)", "q": "great", "t": "rail", "c": "yes"}, "geometry": {"type": "LineString", "coordinates": [[-72.295585, 43.63562], [-72.295949, 43.635476], [-72.296025, 43.635278], [-72.296336, 43.635091], [-72.296786, 43.635107], [-72.298036, 43.634682], [-72.29951, 43.634582]]}}, {"type": "Feature", "properties": {"id": "nhrtc_mascoma_river_greenway_13", "name": "Mascoma River Greenway (NH)", "q": "great", "t": "rail", "c": "yes"}, "geometry": {"type": "LineString", "coordinates": [[-72.253387, 43.643181], [-72.253251, 43.643561]]}}, {"type": "Feature", "properties": {"id": "nhrtc_bobby_woodman_trail_0", "name": "Bobby Woodman Trail (NH)", "q": "great", "t": "rail", "c": "yes"}, "geometry": {"type": "LineString", "coordinates": [[-72.316259, 43.363169], [-72.315086, 43.362552]]}}, {"type": "Feature", "properties": {"id": "nhrtc_bobby_woodman_trail_1", "name": "Bobby Woodman Trail (NH)", "q": "great", "t": "rail", "c": "yes"}, "geometry": {"type": "LineString", "coordinates": [[-72.325146, 43.367352], [-72.323172, 43.366996]]}}, {"type": "Feature", "properties": {"id": "nhrtc_bobby_woodman_trail_2", "name": "Bobby Woodman Trail (NH)", "q": "great", "t": "rail", "c": "yes"}, "geometry": {"type": "LineString", "coordinates": [[-72.325656, 43.367403], [-72.325146, 43.367352]]}}, {"type": "Feature", "properties": {"id": "nhrtc_bobby_woodman_trail_3", "name": "Bobby Woodman Trail (NH)", "q": "great", "t": "rail", "c": "yes"}, "geometry": {"type": "LineString", "coordinates": [[-72.332576, 43.366272], [-72.328798, 43.367543], [-72.327886, 43.367618], [-72.325656, 43.367403]]}}, {"type": "Feature", "properties": {"id": "nhrtc_bobby_woodman_trail_4", "name": "Bobby Woodman Trail (NH)", "q": "great", "t": "rail", "c": "yes"}, "geometry": {"type": "LineString", "coordinates": [[-72.340999, 43.367312], [-72.336895, 43.365415], [-72.336049, 43.365198]]}}, {"type": "Feature", "properties": {"id": "nhrtc_bobby_woodman_trail_5", "name": "Bobby Woodman Trail (NH)", "q": "great", "t": "rail", "c": "yes"}, "geometry": {"type": "LineString", "coordinates": [[-72.333635, 43.364799], [-72.333726, 43.365383], [-72.333473, 43.365817]]}}, {"type": "Feature", "properties": {"id": "nhrtc_bobby_woodman_trail_6", "name": "Bobby Woodman Trail (NH)", "q": "great", "t": "rail", "c": "yes"}, "geometry": {"type": "LineString", "coordinates": [[-72.303681, 43.365162], [-72.3034, 43.365297]]}}, {"type": "Feature", "properties": {"id": "nhrtc_bobby_woodman_trail_7", "name": "Bobby Woodman Trail (NH)", "q": "great", "t": "rail", "c": "yes"}, "geometry": {"type": "LineString", "coordinates": [[-72.322034, 43.366376], [-72.321332, 43.365969]]}}, {"type": "Feature", "properties": {"id": "nhrtc_bobby_woodman_trail_8", "name": "Bobby Woodman Trail (NH)", "q": "great", "t": "rail", "c": "yes"}, "geometry": {"type": "LineString", "coordinates": [[-72.317244, 43.363634], [-72.316631, 43.363372]]}}, {"type": "Feature", "properties": {"id": "nhrtc_bobby_woodman_trail_9", "name": "Bobby Woodman Trail (NH)", "q": "great", "t": "rail", "c": "yes"}, "geometry": {"type": "LineString", "coordinates": [[-72.30439, 43.364542], [-72.304256, 43.364818], [-72.303681, 43.365162]]}}, {"type": "Feature", "properties": {"id": "nhrtc_bobby_woodman_trail_10", "name": "Bobby Woodman Trail (NH)", "q": "great", "t": "rail", "c": "yes"}, "geometry": {"type": "LineString", "coordinates": [[-72.316631, 43.363372], [-72.316292, 43.363211]]}}, {"type": "Feature", "properties": {"id": "nhrtc_bobby_woodman_trail_11", "name": "Bobby Woodman Trail (NH)", "q": "great", "t": "rail", "c": "yes"}, "geometry": {"type": "LineString", "coordinates": [[-72.316292, 43.363211], [-72.316259, 43.363169]]}}, {"type": "Feature", "properties": {"id": "nhrtc_bobby_woodman_trail_12", "name": "Bobby Woodman Trail (NH)", "q": "great", "t": "rail", "c": "yes"}, "geometry": {"type": "LineString", "coordinates": [[-72.309533, 43.36151], [-72.308486, 43.361905], [-72.30439, 43.364542]]}}, {"type": "Feature", "properties": {"id": "nhrtc_bobby_woodman_trail_13", "name": "Bobby Woodman Trail (NH)", "q": "great", "t": "rail", "c": "yes"}, "geometry": {"type": "LineString", "coordinates": [[-72.309959, 43.361411], [-72.309533, 43.36151]]}}, {"type": "Feature", "properties": {"id": "nhrtc_bobby_woodman_trail_14", "name": "Bobby Woodman Trail (NH)", "q": "great", "t": "rail", "c": "yes"}, "geometry": {"type": "LineString", "coordinates": [[-72.3117, 43.361337], [-72.309959, 43.361411]]}}, {"type": "Feature", "properties": {"id": "nhrtc_bobby_woodman_trail_15", "name": "Bobby Woodman Trail (NH)", "q": "great", "t": "rail", "c": "yes"}, "geometry": {"type": "LineString", "coordinates": [[-72.31194, 43.361357], [-72.3117, 43.361337]]}}, {"type": "Feature", "properties": {"id": "nhrtc_bobby_woodman_trail_16", "name": "Bobby Woodman Trail (NH)", "q": "great", "t": "rail", "c": "yes"}, "geometry": {"type": "LineString", "coordinates": [[-72.313257, 43.361683], [-72.31194, 43.361357]]}}, {"type": "Feature", "properties": {"id": "nhrtc_bobby_woodman_trail_17", "name": "Bobby Woodman Trail (NH)", "q": "great", "t": "rail", "c": "yes"}, "geometry": {"type": "LineString", "coordinates": [[-72.313407, 43.361743], [-72.313257, 43.361683]]}}, {"type": "Feature", "properties": {"id": "nhrtc_bobby_woodman_trail_18", "name": "Bobby Woodman Trail (NH)", "q": "great", "t": "rail", "c": "yes"}, "geometry": {"type": "LineString", "coordinates": [[-72.313991, 43.362022], [-72.313407, 43.361743]]}}, {"type": "Feature", "properties": {"id": "nhrtc_bobby_woodman_trail_19", "name": "Bobby Woodman Trail (NH)", "q": "great", "t": "rail", "c": "yes"}, "geometry": {"type": "LineString", "coordinates": [[-72.314468, 43.36225], [-72.313991, 43.362022]]}}, {"type": "Feature", "properties": {"id": "nhrtc_bobby_woodman_trail_20", "name": "Bobby Woodman Trail (NH)", "q": "great", "t": "rail", "c": "yes"}, "geometry": {"type": "LineString", "coordinates": [[-72.31495, 43.362483], [-72.314468, 43.36225]]}}, {"type": "Feature", "properties": {"id": "nhrtc_bobby_woodman_trail_21", "name": "Bobby Woodman Trail (NH)", "q": "great", "t": "rail", "c": "yes"}, "geometry": {"type": "LineString", "coordinates": [[-72.315086, 43.362552], [-72.31495, 43.362483]]}}, {"type": "Feature", "properties": {"id": "nhrtc_bobby_woodman_trail_22", "name": "Bobby Woodman Trail (NH)", "q": "great", "t": "rail", "c": "yes"}, "geometry": {"type": "LineString", "coordinates": [[-72.317417, 43.363679], [-72.317351, 43.363658]]}}, {"type": "Feature", "properties": {"id": "nhrtc_bobby_woodman_trail_23", "name": "Bobby Woodman Trail (NH)", "q": "great", "t": "rail", "c": "yes"}, "geometry": {"type": "LineString", "coordinates": [[-72.317351, 43.363658], [-72.317244, 43.363634]]}}, {"type": "Feature", "properties": {"id": "nhrtc_bobby_woodman_trail_24", "name": "Bobby Woodman Trail (NH)", "q": "great", "t": "rail", "c": "yes"}, "geometry": {"type": "LineString", "coordinates": [[-72.318881, 43.364559], [-72.317417, 43.363679]]}}, {"type": "Feature", "properties": {"id": "nhrtc_bobby_woodman_trail_25", "name": "Bobby Woodman Trail (NH)", "q": "great", "t": "rail", "c": "yes"}, "geometry": {"type": "LineString", "coordinates": [[-72.319085, 43.364675], [-72.318881, 43.364559]]}}, {"type": "Feature", "properties": {"id": "nhrtc_bobby_woodman_trail_26", "name": "Bobby Woodman Trail (NH)", "q": "great", "t": "rail", "c": "yes"}, "geometry": {"type": "LineString", "coordinates": [[-72.320438, 43.365448], [-72.319085, 43.364675]]}}, {"type": "Feature", "properties": {"id": "nhrtc_bobby_woodman_trail_27", "name": "Bobby Woodman Trail (NH)", "q": "great", "t": "rail", "c": "yes"}, "geometry": {"type": "LineString", "coordinates": [[-72.320562, 43.365517], [-72.320438, 43.365448]]}}, {"type": "Feature", "properties": {"id": "nhrtc_bobby_woodman_trail_28", "name": "Bobby Woodman Trail (NH)", "q": "great", "t": "rail", "c": "yes"}, "geometry": {"type": "LineString", "coordinates": [[-72.321224, 43.365905], [-72.320562, 43.365517]]}}, {"type": "Feature", "properties": {"id": "nhrtc_bobby_woodman_trail_29", "name": "Bobby Woodman Trail (NH)", "q": "great", "t": "rail", "c": "yes"}, "geometry": {"type": "LineString", "coordinates": [[-72.321332, 43.365969], [-72.321224, 43.365905]]}}, {"type": "Feature", "properties": {"id": "nhrtc_bobby_woodman_trail_30", "name": "Bobby Woodman Trail (NH)", "q": "great", "t": "rail", "c": "yes"}, "geometry": {"type": "LineString", "coordinates": [[-72.323055, 43.366946], [-72.322459, 43.366627]]}}, {"type": "Feature", "properties": {"id": "nhrtc_bobby_woodman_trail_31", "name": "Bobby Woodman Trail (NH)", "q": "great", "t": "rail", "c": "yes"}, "geometry": {"type": "LineString", "coordinates": [[-72.322459, 43.366627], [-72.322034, 43.366376]]}}, {"type": "Feature", "properties": {"id": "nhrtc_bobby_woodman_trail_32", "name": "Bobby Woodman Trail (NH)", "q": "great", "t": "rail", "c": "yes"}, "geometry": {"type": "LineString", "coordinates": [[-72.323172, 43.366996], [-72.323055, 43.366946]]}}, {"type": "Feature", "properties": {"id": "nhrtc_bobby_woodman_trail_33", "name": "Bobby Woodman Trail (NH)", "q": "great", "t": "rail", "c": "yes"}, "geometry": {"type": "LineString", "coordinates": [[-72.333139, 43.366055], [-72.332576, 43.366272]]}}, {"type": "Feature", "properties": {"id": "nhrtc_bobby_woodman_trail_34", "name": "Bobby Woodman Trail (NH)", "q": "great", "t": "rail", "c": "yes"}, "geometry": {"type": "LineString", "coordinates": [[-72.333237, 43.365973], [-72.333139, 43.366055]]}}, {"type": "Feature", "properties": {"id": "nhrtc_bobby_woodman_trail_35", "name": "Bobby Woodman Trail (NH)", "q": "great", "t": "rail", "c": "yes"}, "geometry": {"type": "LineString", "coordinates": [[-72.335919, 43.365187], [-72.334609, 43.365305], [-72.333237, 43.365973]]}}, {"type": "Feature", "properties": {"id": "nhrtc_bobby_woodman_trail_36", "name": "Bobby Woodman Trail (NH)", "q": "great", "t": "rail", "c": "yes"}, "geometry": {"type": "LineString", "coordinates": [[-72.336049, 43.365198], [-72.335919, 43.365187]]}}, {"type": "Feature", "properties": {"id": "nhrtc_bobby_woodman_trail_37", "name": "Bobby Woodman Trail (NH)", "q": "great", "t": "rail", "c": "yes"}, "geometry": {"type": "LineString", "coordinates": [[-72.341081, 43.367342], [-72.340999, 43.367312]]}}, {"type": "Feature", "properties": {"id": "nhrtc_winnipesaukee_river_trail_0", "name": "Winnipesaukee River Trail (NH)", "q": "great", "t": "rail", "c": "yes"}, "geometry": {"type": "LineString", "coordinates": [[-71.566528, 43.454072], [-71.56937, 43.452898], [-71.570034, 43.452504], [-71.569995, 43.452428], [-71.571406, 43.451239], [-71.573544, 43.448735], [-71.575408, 43.44734], [-71.577806, 43.446139], [-71.581337, 43.444854]]}}, {"type": "Feature", "properties": {"id": "nhrtc_winnipesaukee_river_trail_1", "name": "Winnipesaukee River Trail (NH)", "q": "great", "t": "rail", "c": "yes"}, "geometry": {"type": "LineString", "coordinates": [[-71.581394, 43.444975], [-71.582605, 43.44457], [-71.58276, 43.44467], [-71.582925, 43.44521]]}}, {"type": "Feature", "properties": {"id": "nhrtc_stevens_rail_trail_0", "name": "Stevens Rail Trail (NH)", "q": "great", "t": "rail", "c": "yes"}, "geometry": {"type": "LineString", "coordinates": [[-71.74529, 43.240571], [-71.743168, 43.237921], [-71.742357, 43.237243], [-71.726461, 43.22665]]}}, {"type": "Feature", "properties": {"id": "nhrtc_stevens_rail_trail_1", "name": "Stevens Rail Trail (NH)", "q": "great", "t": "rail", "c": "yes"}, "geometry": {"type": "LineString", "coordinates": [[-71.726461, 43.22665], [-71.725934, 43.226099]]}}, {"type": "Feature", "properties": {"id": "nhrtc_nashua_heritage_rail_trail_0", "name": "Nashua Heritage Rail Trail (NH)", "q": "great", "t": "rail", "c": "yes"}, "geometry": {"type": "LineString", "coordinates": [[-71.487957, 42.751359], [-71.48759, 42.751257]]}}, {"type": "Feature", "properties": {"id": "nhrtc_nashua_heritage_rail_trail_1", "name": "Nashua Heritage Rail Trail (NH)", "q": "great", "t": "rail", "c": "yes"}, "geometry": {"type": "LineString", "coordinates": [[-71.48759, 42.751257], [-71.483213, 42.752756], [-71.482375, 42.752932], [-71.475404, 42.755098]]}}, {"type": "Feature", "properties": {"id": "nhrtc_nashua_heritage_rail_trail_2", "name": "Nashua Heritage Rail Trail (NH)", "q": "great", "t": "rail", "c": "yes"}, "geometry": {"type": "LineString", "coordinates": [[-71.475404, 42.755098], [-71.475249, 42.755139]]}}, {"type": "Feature", "properties": {"id": "nhrtc_nashua_heritage_rail_trail_3", "name": "Nashua Heritage Rail Trail (NH)", "q": "great", "t": "rail", "c": "yes"}, "geometry": {"type": "LineString", "coordinates": [[-71.483245, 42.752799], [-71.483213, 42.752756]]}}, {"type": "Feature", "properties": {"id": "nhrtc_nashua_heritage_rail_trail_4", "name": "Nashua Heritage Rail Trail (NH)", "q": "great", "t": "rail", "c": "yes"}, "geometry": {"type": "LineString", "coordinates": [[-71.467218, 42.757268], [-71.465507, 42.757711]]}}, {"type": "Feature", "properties": {"id": "nhrtc_nashua_heritage_rail_trail_5", "name": "Nashua Heritage Rail Trail (NH)", "q": "great", "t": "rail", "c": "yes"}, "geometry": {"type": "LineString", "coordinates": [[-71.475249, 42.755139], [-71.471621, 42.756091]]}}, {"type": "Feature", "properties": {"id": "nhrtc_nashua_heritage_rail_trail_6", "name": "Nashua Heritage Rail Trail (NH)", "q": "great", "t": "rail", "c": "yes"}, "geometry": {"type": "LineString", "coordinates": [[-71.471621, 42.756091], [-71.471457, 42.756046], [-71.47065, 42.756252], [-71.470499, 42.756382]]}}, {"type": "Feature", "properties": {"id": "nhrtc_nashua_heritage_rail_trail_7", "name": "Nashua Heritage Rail Trail (NH)", "q": "great", "t": "rail", "c": "yes"}, "geometry": {"type": "LineString", "coordinates": [[-71.470499, 42.756382], [-71.468056, 42.757052]]}}, {"type": "Feature", "properties": {"id": "nhrtc_nashua_heritage_rail_trail_8", "name": "Nashua Heritage Rail Trail (NH)", "q": "great", "t": "rail", "c": "yes"}, "geometry": {"type": "LineString", "coordinates": [[-71.468056, 42.757052], [-71.467218, 42.757268]]}}, {"type": "Feature", "properties": {"id": "nhrtc_nashua_heritage_rail_trail_9", "name": "Nashua Heritage Rail Trail (NH)", "q": "great", "t": "rail", "c": "yes"}, "geometry": {"type": "LineString", "coordinates": [[-71.465507, 42.757711], [-71.464238, 42.75808]]}}, {"type": "Feature", "properties": {"id": "nhrtc_mason_railroad_trail_0", "name": "Mason Railroad Trail (NH)", "q": "great", "t": "rail", "c": "yes"}, "geometry": {"type": "LineString", "coordinates": [[-71.756843, 42.727584], [-71.757013, 42.728349], [-71.757846, 42.730455], [-71.757885, 42.730905], [-71.75774, 42.731821], [-71.756604, 42.734654], [-71.756264, 42.736037], [-71.756263, 42.742427], [-71.756071, 42.744119], [-71.755778, 42.744839], [-71.754099, 42.747914], [-71.751151, 42.752048], [-71.750673, 42.752881], [-71.748214, 42.760839], [-71.747727, 42.762825], [-71.747667, 42.763602], [-71.747868, 42.764738], [-71.749191, 42.766423], [-71.751665, 42.769041]]}}, {"type": "Feature", "properties": {"id": "nhrtc_mason_railroad_trail_1", "name": "Mason Railroad Trail (NH)", "q": "great", "t": "rail", "c": "yes"}, "geometry": {"type": "LineString", "coordinates": [[-71.751733, 42.769112], [-71.756035, 42.773752], [-71.756594, 42.774502], [-71.758511, 42.779893], [-71.759013, 42.780709], [-71.760809, 42.782532], [-71.762233, 42.783352], [-71.765852, 42.784673], [-71.767367, 42.785484], [-71.76904, 42.786726], [-71.77247, 42.788292], [-71.774038, 42.78913], [-71.776358, 42.791122]]}}, {"type": "Feature", "properties": {"id": "nhrtc_mason_railroad_trail_2", "name": "Mason Railroad Trail (NH)", "q": "great", "t": "rail", "c": "yes"}, "geometry": {"type": "LineString", "coordinates": [[-71.746156, 42.707363], [-71.746485, 42.7087], [-71.74686, 42.709268], [-71.747505, 42.709887], [-71.752011, 42.712583], [-71.755366, 42.716054], [-71.75598, 42.717688], [-71.75694, 42.723764], [-71.756835, 42.72742]]}}, {"type": "Feature", "properties": {"id": "nhrtc_monadnock_recreational_rail_trail_0", "name": "Monadnock Recreational Rail Trail (NH)", "q": "great", "t": "rail", "c": "no"}, "geometry": {"type": "LineString", "coordinates": [[-72.212825, 42.873408], [-72.208708, 42.871038], [-72.207717, 42.870292], [-72.207143, 42.86926], [-72.206994, 42.867327], [-72.206409, 42.866167], [-72.204004, 42.863879], [-72.202604, 42.861623], [-72.199088, 42.857377], [-72.198307, 42.855919], [-72.197696, 42.855125], [-72.195491, 42.853021], [-72.192631, 42.850968], [-72.191965, 42.850346], [-72.191394, 42.849514], [-72.191191, 42.849025], [-72.190801, 42.847109]]}}, {"type": "Feature", "properties": {"id": "nhrtc_monadnock_recreational_rail_trail_1", "name": "Monadnock Recreational Rail Trail (NH)", "q": "great", "t": "rail", "c": "no"}, "geometry": {"type": "LineString", "coordinates": [[-72.190801, 42.847109], [-72.190595, 42.846704], [-72.189867, 42.845739], [-72.189734, 42.845606], [-72.188244, 42.844403], [-72.186338, 42.842071], [-72.185387, 42.840207], [-72.185198, 42.83921], [-72.184709, 42.835205], [-72.183579, 42.832532], [-72.183343, 42.830485], [-72.184472, 42.824688], [-72.185776, 42.817259], [-72.185678, 42.810187], [-72.18288, 42.796408], [-72.182873, 42.796366], [-72.182229, 42.79316], [-72.181316, 42.790624], [-72.180039, 42.78863], [-72.175229, 42.781816], [-72.174312, 42.778499], [-72.175242, 42.77256], [-72.174922, 42.771418], [-72.171295, 42.767764], [-72.166757, 42.764829], [-72.164365, 42.763438], [-72.161264, 42.762848], [-72.157123, 42.763424], [-72.142478, 42.76591], [-72.140559, 42.766091], [-72.137089, 42.765115], [-72.135186, 42.763719], [-72.128828, 42.755714], [-72.127706, 42.753216], [-72.127622, 42.749382], [-72.127686, 42.74363], [-72.128132, 42.740236], [-72.127881, 42.738688], [-72.127197, 42.737618], [-72.126006, 42.73656], [-72.09518, 42.723489], [-72.092333, 42.722241]]}}, {"type": "Feature", "properties": {"id": "nhrtc_new_hampshire_seacoast_greenway_0", "name": "New Hampshire Seacoast Greenway (NH)", "q": "great", "t": "rail", "c": "yes"}, "geometry": {"type": "LineString", "coordinates": [[-70.778656, 43.065614], [-70.782361, 43.06277], [-70.78589, 43.05998], [-70.788638, 43.056783], [-70.800164, 43.037499], [-70.800297, 43.03725], [-70.804691, 43.029744], [-70.813656, 43.014593], [-70.815679, 43.01083], [-70.81576, 43.010662], [-70.81652, 43.008682], [-70.828179, 42.973746], [-70.832404, 42.961088], [-70.832423, 42.961036], [-70.833082, 42.958995]]}}, {"type": "Feature", "properties": {"id": "nhrtc_brookline_rail_trail_0", "name": "Brookline Rail Trail (NH)", "q": "great", "t": "rail", "c": "yes"}, "geometry": {"type": "LineString", "coordinates": [[-71.662615, 42.793283], [-71.662762, 42.791588], [-71.663818, 42.78938], [-71.665485, 42.786744], [-71.666092, 42.786], [-71.669464, 42.782638], [-71.673593, 42.775923], [-71.674563, 42.774014], [-71.674992, 42.772986], [-71.675433, 42.771042], [-71.675538, 42.767052], [-71.675553, 42.766291], [-71.676054, 42.765532], [-71.675608, 42.765217], [-71.675671, 42.759493], [-71.675586, 42.754299], [-71.675268, 42.753025], [-71.674002, 42.750241], [-71.673854, 42.749359], [-71.674222, 42.748308], [-71.675348, 42.747103], [-71.675734, 42.746144], [-71.675582, 42.745154], [-71.675049, 42.7443]]}}, {"type": "Feature", "properties": {"id": "nhrtc_brookline_rail_trail_1", "name": "Brookline Rail Trail (NH)", "q": "great", "t": "rail", "c": "yes"}, "geometry": {"type": "LineString", "coordinates": [[-71.670149, 42.741947], [-71.6708, 42.742434], [-71.671556, 42.742792], [-71.673805, 42.743441], [-71.675049, 42.7443]]}}, {"type": "Feature", "properties": {"id": "nhrtc_new_boston_rail_trail_0", "name": "New Boston Rail Trail (NH)", "q": "great", "t": "rail", "c": "no"}, "geometry": {"type": "LineString", "coordinates": [[-71.678352, 42.984996], [-71.677528, 42.985766], [-71.676972, 42.986991], [-71.676523, 42.987572], [-71.675332, 42.98843], [-71.673713, 42.989259], [-71.672988, 42.989987], [-71.672229, 42.992145], [-71.670488, 42.994763], [-71.670724, 42.996835], [-71.670535, 42.998261], [-71.670147, 42.999726], [-71.669821, 43.000433], [-71.669115, 43.001236], [-71.667849, 43.001937], [-71.666504, 43.00226], [-71.662384, 43.002021], [-71.661619, 43.001757], [-71.661323, 43.001728], [-71.658867, 43.001678], [-71.657298, 43.002056], [-71.655904, 43.002871], [-71.653496, 43.00563], [-71.652055, 43.006585], [-71.649466, 43.007118], [-71.647872, 43.008296], [-71.646136, 43.012457], [-71.644826, 43.015397], [-71.64392, 43.016816], [-71.643204, 43.017424], [-71.642182, 43.0179], [-71.639233, 43.01825], [-71.637308, 43.018945], [-71.636297, 43.019627], [-71.634215, 43.023], [-71.634449, 43.023272]]}}, {"type": "Feature", "properties": {"id": "nhrtc_potanipo_rail_trail_0", "name": "Potanipo Rail Trail (NH)", "q": "great", "t": "rail", "c": "yes"}, "geometry": {"type": "LineString", "coordinates": [[-71.60169, 42.697683], [-71.615208, 42.705541], [-71.616659, 42.70588], [-71.618842, 42.705832], [-71.620801, 42.705421]]}}, {"type": "Feature", "properties": {"id": "nhrtc_potanipo_rail_trail_1", "name": "Potanipo Rail Trail (NH)", "q": "great", "t": "rail", "c": "yes"}, "geometry": {"type": "LineString", "coordinates": [[-71.622457, 42.705044], [-71.624105, 42.704848], [-71.631592, 42.704962], [-71.63168, 42.704961], [-71.63626, 42.705263], [-71.637067, 42.70564], [-71.638326, 42.706952], [-71.639513, 42.707757], [-71.641715, 42.70892], [-71.64277, 42.709898], [-71.643238, 42.7105], [-71.644052, 42.710501], [-71.644656, 42.71083]]}}, {"type": "Feature", "properties": {"id": "nhrtc_potanipo_rail_trail_2", "name": "Potanipo Rail Trail (NH)", "q": "great", "t": "rail", "c": "yes"}, "geometry": {"type": "LineString", "coordinates": [[-71.650562, 42.716524], [-71.655773, 42.718626], [-71.65587, 42.718665], [-71.656864, 42.719115], [-71.660263, 42.721256], [-71.662323, 42.724491]]}}, {"type": "Feature", "properties": {"id": "nhrtc_potanipo_rail_trail_3", "name": "Potanipo Rail Trail (NH)", "q": "great", "t": "rail", "c": "yes"}, "geometry": {"type": "LineString", "coordinates": [[-71.669608, 42.73418], [-71.670586, 42.735196], [-71.670761, 42.735503], [-71.670844, 42.735709]]}}, {"type": "Feature", "properties": {"id": "nhrtc_heads_pond_trail_0", "name": "Heads Pond Trail (NH)", "q": "great", "t": "rail", "c": "no"}, "geometry": {"type": "LineString", "coordinates": [[-71.451316, 43.109761], [-71.448517, 43.107368], [-71.448265, 43.107153], [-71.446796, 43.105904], [-71.436613, 43.098087], [-71.435188, 43.096784], [-71.434778, 43.096205], [-71.433909, 43.095616], [-71.433241, 43.093758], [-71.433302, 43.092235], [-71.432992, 43.09155], [-71.431916, 43.090965]]}}, {"type": "Feature", "properties": {"id": "nhrtc_hillsborough_recreational_rail_trail_0", "name": "Hillsborough Recreational Rail Trail (NH)", "q": "great", "t": "rail", "c": "yes"}, "geometry": {"type": "LineString", "coordinates": [[-71.923937, 43.01539], [-71.923841, 43.014752], [-71.925212, 43.011618], [-71.925674, 43.010852], [-71.926754, 43.009775], [-71.927595, 43.00879], [-71.92782, 43.007942], [-71.927471, 43.006685], [-71.926367, 43.006088]]}}, {"type": "Feature", "properties": {"id": "nhrtc_hillsborough_recreational_rail_trail_1", "name": "Hillsborough Recreational Rail Trail (NH)", "q": "great", "t": "rail", "c": "yes"}, "geometry": {"type": "LineString", "coordinates": [[-71.926026, 43.001349], [-71.926161, 43.003057], [-71.927061, 43.005653]]}}, {"type": "Feature", "properties": {"id": "nhrtc_jaquith_rail_trail_0", "name": "Jaquith Rail Trail (NH)", "q": "great", "t": "rail", "c": "yes"}, "geometry": {"type": "LineString", "coordinates": [[-72.022038, 42.946776], [-72.022635, 42.946289], [-72.024443, 42.946109], [-72.02601, 42.946108], [-72.028003, 42.946543], [-72.028987, 42.946615], [-72.030801, 42.946191], [-72.031601, 42.945618], [-72.032189, 42.944761], [-72.032455, 42.943368], [-72.032543, 42.941979], [-72.033153, 42.940765], [-72.034087, 42.939603], [-72.034426, 42.938898], [-72.034454, 42.938333], [-72.034181, 42.937464], [-72.034142, 42.936661], [-72.034546, 42.935635], [-72.035141, 42.934995], [-72.03692, 42.934203]]}}, {"type": "Feature", "properties": {"id": "nhrtc_granite_town_rail_trail_0", "name": "Granite Town Rail Trail (NH)", "q": "great", "t": "rail", "c": "no"}, "geometry": {"type": "LineString", "coordinates": [[-71.648336, 42.825488], [-71.648629, 42.825085], [-71.649097, 42.825021], [-71.648252, 42.820416], [-71.648412, 42.81972], [-71.649093, 42.818856], [-71.649775, 42.81828], [-71.650521, 42.817945], [-71.650721, 42.817897], [-71.652527, 42.817827], [-71.658562, 42.817929], [-71.660167, 42.817745], [-71.661724, 42.817102], [-71.663003, 42.816154], [-71.663075, 42.814352], [-71.663445, 42.813052], [-71.663777, 42.812599], [-71.664279, 42.812996], [-71.664805, 42.812807], [-71.664871, 42.811882], [-71.664513, 42.810636], [-71.663703, 42.8096], [-71.6622, 42.808227], [-71.661845, 42.807756], [-71.661592, 42.807087], [-71.661642, 42.805977], [-71.662379, 42.803056], [-71.662485, 42.802396], [-71.662615, 42.793283]]}}]}